"ID","NSD_Person_ID","NSD_full_name","last_name","first_name","year_born","year_died","gender","first_name_last_name_year_born","start_date","stop_date","days_in_office","age_at_start","ministry","ministry_NSD_ID","ministry_portfolio","minister_title_NSD","temporary_employment","temporary_two_ministerial_posts","party_long","start_complete_spell_date","stop_complete_spell_date","spell_number","n_spells_total","days_in_office_spell","spell_days_of_previous_ministerial_experience_at_start","total_days_of_ministerial_experience","parliament_before","minister_before","polrad_before","statesec_before","government","version","government_version"
1,6,"Anton Ludvik Alvestad","Alvestad","Anton",1883,1956,0,"AntonAlvestad1883",1928-01-28,1928-02-14,17,45,"Handelsdepartementet",2000,"Ministry of Trade and Industry","Handelsminister",0,0,"Arbeiderpartiet",1928-01-28,1928-02-14,1,1,17,0,17,1,0,0,0,"Hornsrud",NA,"Hornsrud"
2,11,"Magnus Kristoffersen Andersen","Andersen","Magnus",1916,1994,0,"MagnusAndersen1916",1963-09-25,1965-10-11,747,47,"Fiskeridepartementet",6000,"Ministry of Fisheries","Fiskeriminister",0,0,"Arbeiderpartiet",1963-09-25,1965-10-11,1,2,747,0,1014,0,0,0,0,"Gerhardsen III","A","Gerhardsen III"
2,11,"Magnus Kristoffersen Andersen","Andersen","Magnus",1916,1994,0,"MagnusAndersen1916",1972-01-24,1972-10-17,267,56,"Fiskeridepartementet",6000,"Ministry of Fisheries","Fiskeriminister",0,0,"Arbeiderpartiet",1972-01-24,1972-10-17,2,2,267,747,1014,1,1,0,0,"Bratteli I",NA,"Bratteli I"
3,15,"Harriet Andreassen","Andreassen","Harriet",1925,1997,1,"HarrietAndreassen1925",1980-10-03,1981-02-03,123,55,"Kommunal- og arbeidsdepartementet",9000,"Ministry of Local Government","Kommunal- og arbeidsminister",0,0,"Arbeiderpartiet",1980-10-03,1981-10-13,1,1,375,0,375,0,0,0,0,"Nordli","B","Nordli B"
3,15,"Harriet Andreassen","Andreassen","Harriet",1925,1997,1,"HarrietAndreassen1925",1981-02-04,1981-10-13,251,56,"Kommunal- og arbeidsdepartementet",9000,"Ministry of Local Government","Kommunal- og arbeidsminister",0,0,"Arbeiderpartiet",1980-10-03,1981-10-13,1,1,375,0,375,0,0,0,0,"Brundtland I","A","Brundtland I"
4,20,"Peter Jon Angelsen","Angelsen","Peter",1935,NA,0,"PeterAngelsen1935",1997-10-17,2000-01-20,825,62,"Fiskeridepartementet",6000,"Ministry of Fisheries","Fiskeriminister",0,0,"Senterpartiet",1997-10-17,2000-01-20,1,1,825,0,825,1,0,0,0,"Bondevik I",NA,"Bondevik I"
5,29,"Leif Jørgen Aune","Aune","Leif",1925,2019,0,"LeifAune1925",1973-10-16,1976-01-14,820,48,"Kommunal- og arbeidsdepartementet",9000,"Ministry of Local Government","Kommunal- og arbeidsminister",0,0,"Arbeiderpartiet",1973-10-16,1978-01-10,1,1,1547,0,1547,0,0,0,1,"Bratteli II",NA,"Bratteli II"
5,29,"Leif Jørgen Aune","Aune","Leif",1925,2019,0,"LeifAune1925",1976-01-15,1978-01-10,726,51,"Kommunal- og arbeidsdepartementet",9000,"Ministry of Local Government","Kommunal- og arbeidsminister",0,0,"Arbeiderpartiet",1973-10-16,1978-01-10,1,1,1547,0,1547,0,0,0,1,"Nordli","A","Nordli A"
5,29,"Leif Jørgen Aune","Aune","Leif",1925,2019,0,"LeifAune1925",1976-01-15,1978-01-10,726,51,"Kommunal- og arbeidsdepartementet",9000,"Ministry of Local Government","Kommunal- og arbeidsminister",0,0,"Arbeiderpartiet",1973-10-16,1978-01-10,1,1,1547,0,1547,0,0,0,1,"Nordli","B","Nordli B"
6,31,"Tore Austad","Austad","Tore",1935,NA,0,"ToreAustad1935",1981-10-14,1983-06-07,601,46,"Kirke- og undervisningsdepartementet",21000,"Ministry of Education","Kirke- og undervisningsminister",0,0,"Høyre",1981-10-14,1983-06-07,1,1,601,0,601,1,0,0,0,"Willoch","A","Willoch A"
7,32,"John Austrheim","Austrheim","John",1912,1995,0,"JohnAustrheim1912",1972-10-18,1973-10-15,362,60,"Samferdselsdepartementet",8000,"Ministry of Transport and Infrastructure","Samferdselsminister",0,0,"Senterpartiet",1972-10-18,1973-10-15,1,1,362,0,362,1,0,0,0,"Korvald","A","Korvald"
8,34,"Hallvard Bakke","Bakke","Hallvard",1943,NA,0,"HallvardBakke1943",1976-01-15,1979-10-07,1361,33,"Handels- og skipsfartsdepartementet",3000,"Ministry of Trade and Industry","Handels- og skipsfartsminister",0,0,"Arbeiderpartiet",1976-01-15,1979-10-07,1,2,1361,0,2616,1,0,0,0,"Nordli","A","Nordli A"
8,34,"Hallvard Bakke","Bakke","Hallvard",1943,NA,0,"HallvardBakke1943",1976-01-15,1979-10-07,1361,33,"Handels- og skipsfartsdepartementet",3000,"Ministry of Trade and Industry","Handels- og skipsfartsminister",0,0,"Arbeiderpartiet",1976-01-15,1979-10-07,1,2,1361,0,2616,1,0,0,0,"Nordli","B","Nordli B"
8,34,"Hallvard Bakke","Bakke","Hallvard",1943,NA,0,"HallvardBakke1943",1986-05-09,1989-10-15,1255,43,"Kultur- og vitenskapsdepartementet",22000,"Ministry of Culture","Kultur- og vitenskapsminister",0,0,"Arbeiderpartiet",1986-05-09,1989-10-15,2,2,1255,1361,2616,1,1,0,0,"Brundtland II","A","Brundtland II"
9,35,"Anne-Lise Bakken","Bakken","Anne-Lise",1952,NA,1,"Anne-LiseBakken1952",1986-05-09,1988-06-12,765,34,"Forbruker- og administrasjonsdepartementet",16000,"Ministry of Public Governance","Forbruker- og administrasjonsminister",0,0,"Arbeiderpartiet",1986-05-09,1988-06-12,1,1,765,0,765,1,0,0,0,"Brundtland II","A","Brundtland II"
10,48,"Gunnar Berge","Berge","Gunnar",1940,NA,0,"GunnarBerge1940",1986-05-09,1989-10-15,1255,46,"Finans- og tolldepartementet",1000,"Ministry of Finance","Finansminister",0,0,"Arbeiderpartiet",1986-05-09,1989-10-15,1,2,1255,0,2766,1,0,0,0,"Brundtland II","A","Brundtland II"
10,48,"Gunnar Berge","Berge","Gunnar",1940,NA,0,"GunnarBerge1940",1992-09-04,1996-10-24,1511,52,"Kommunaldepartementet",9000,"Ministry of Local Government","Kommunal- og arbeidsminister",0,0,"Arbeiderpartiet",1992-09-04,1996-10-24,2,2,1511,1255,2766,1,1,0,0,"Brundtland III","A","Brundtland III A"
10,48,"Gunnar Berge","Berge","Gunnar",1940,NA,0,"GunnarBerge1940",1992-09-04,1996-10-24,1511,52,"Kommunaldepartementet",9000,"Ministry of Local Government","Kommunal- og arbeidsminister",0,0,"Arbeiderpartiet",1992-09-04,1996-10-24,2,2,1511,1255,2766,1,1,0,0,"Brundtland III","B","Brundtland III B"
11,50,"Birger Martin Bergersen","Bergersen","Birger",1891,1977,0,"BirgerBergersen1891",1953-12-09,1955-01-21,408,62,"Kirke- og undervisningsdepartementet",21000,"Ministry of Education","Kirke- og undervisningsminister",0,0,"Arbeiderpartiet",1953-12-09,1960-04-22,1,1,2326,0,2326,0,0,0,0,"Torp","A","Torp A"
11,50,"Birger Martin Bergersen","Bergersen","Birger",1891,1977,0,"BirgerBergersen1891",1953-12-09,1955-01-21,408,62,"Kirke- og undervisningsdepartementet",21000,"Ministry of Education","Kirke- og undervisningsminister",0,0,"Arbeiderpartiet",1953-12-09,1960-04-22,1,1,2326,0,2326,0,0,0,0,"Torp","B","Torp B"
11,50,"Birger Martin Bergersen","Bergersen","Birger",1891,1977,0,"BirgerBergersen1891",1955-01-22,1960-04-22,1917,64,"Kirke- og undervisningsdepartementet",21000,"Ministry of Education","Kirke- og undervisningsminister",0,0,"Arbeiderpartiet",1953-12-09,1960-04-22,1,1,2326,0,2326,0,0,0,0,"Gerhardsen II","A","Gerhardsen II A"
11,50,"Birger Martin Bergersen","Bergersen","Birger",1891,1977,0,"BirgerBergersen1891",1955-01-22,1960-04-22,1917,64,"Kirke- og undervisningsdepartementet",21000,"Ministry of Education","Kirke- og undervisningsminister",0,0,"Arbeiderpartiet",1953-12-09,1960-04-22,1,1,2326,0,2326,0,0,0,0,"Gerhardsen II","B","Gerhardsen II B"
12,56,"Thorbjørn Berntsen","Berntsen","Thorbjørn",1935,NA,0,"ThorbjørnBerntsen1935",1990-11-03,1996-10-24,2182,55,"Miljøverndepartementet",20000,"Ministry of Climate and Environment","Miljøvernminister",0,0,"Arbeiderpartiet",1990-11-03,1997-10-16,1,1,2539,0,2539,1,0,0,0,"Brundtland III","A","Brundtland III A"
12,56,"Thorbjørn Berntsen","Berntsen","Thorbjørn",1935,NA,0,"ThorbjørnBerntsen1935",1990-11-03,1996-10-24,2182,55,"Miljøverndepartementet",20000,"Ministry of Climate and Environment","Miljøvernminister",0,0,"Arbeiderpartiet",1990-11-03,1997-10-16,1,1,2539,0,2539,1,0,0,0,"Brundtland III","B","Brundtland III B"
12,56,"Thorbjørn Berntsen","Berntsen","Thorbjørn",1935,NA,0,"ThorbjørnBerntsen1935",1996-10-25,1997-10-16,356,61,"Miljøverndepartementet",20000,"Ministry of Climate and Environment","Miljøvernminister",0,0,"Arbeiderpartiet",1990-11-03,1997-10-16,1,1,2539,0,2539,1,0,0,0,"Jagland","A","Jagland"
13,57,"Oddvar Berrefjord","Berrefjord","Oddvar",1918,1999,0,"OddvarBerrefjord1918",1971-03-17,1972-10-17,580,53,"Justis- og politidepartementet",13000,"Ministry of Justice","Justisminister",0,0,"Arbeiderpartiet",1971-03-17,1972-10-17,1,2,580,0,703,1,0,0,0,"Bratteli I",NA,"Bratteli I"
13,57,"Oddvar Berrefjord","Berrefjord","Oddvar",1918,1999,0,"OddvarBerrefjord1918",1980-10-03,1981-02-03,123,62,"Justis- og politidepartementet",13000,"Ministry of Justice","Justisminister",0,0,"Arbeiderpartiet",1980-10-03,1981-02-03,2,2,123,580,703,1,1,0,0,"Nordli","B","Nordli B"
14,61,"Eleonore Bjartveit","Bjartveit","Eleonore",1924,2002,1,"EleonoreBjartveit1924",1989-10-16,1989-12-31,76,65,"Kultur- og vitenskapsdepartementet",22000,"Ministry of Culture","Kultur- og vitenskapsminister",0,0,"Kristelig Folkeparti",1989-10-16,1990-11-02,1,1,382,0,382,1,0,0,0,"Syse",NA,"Syse"
14,61,"Eleonore Bjartveit","Bjartveit","Eleonore",1924,2002,1,"EleonoreBjartveit1924",1990-01-01,1990-11-02,305,66,"Kirke- og kulturdepartementet",24000,"Ministry of Culture","Kirke- og kulturminister",0,0,"Kristelig Folkeparti",1989-10-16,1990-11-02,1,1,382,0,382,1,0,0,0,"Syse",NA,"Syse"
15,64,"Aase Ingerid Nathalie Bjerkholt","Bjerkholt","Aase",1915,2012,1,"AaseBjerkholt1915",1955-08-01,1956-12-20,507,40,"Statsråd uten portefølje",99999,"Minister Without Portfolio","Konsultativ statsråd",0,0,"Arbeiderpartiet",1955-08-01,1963-08-27,1,2,2948,0,3695,0,0,0,0,"Gerhardsen II","A","Gerhardsen II A"
15,64,"Aase Ingerid Nathalie Bjerkholt","Bjerkholt","Aase",1915,2012,1,"AaseBjerkholt1915",1962-12-30,1963-02-03,35,47,"Sosialdepartementet",7000,"Ministry of Health and Social Affairs","Sosialminister",0,1,"Arbeiderpartiet",1955-08-01,1963-08-27,1,2,2948,0,3695,1,0,0,0,"Gerhardsen II","C","Gerhardsen II C"
15,64,"Aase Ingerid Nathalie Bjerkholt","Bjerkholt","Aase",1915,2012,1,"AaseBjerkholt1915",1956-12-21,1963-08-27,2440,41,"Departementet for familie- og forbrukersaker",15000,"Ministry of Public Governance","Familie- og forbrukerminister",0,0,"Arbeiderpartiet",1955-08-01,1963-08-27,1,2,2948,0,3695,0,0,0,0,"Gerhardsen II","A","Gerhardsen II A"
15,64,"Aase Ingerid Nathalie Bjerkholt","Bjerkholt","Aase",1915,2012,1,"AaseBjerkholt1915",1956-12-21,1963-08-27,2440,41,"Departementet for familie- og forbrukersaker",15000,"Ministry of Public Governance","Familie- og forbrukerminister",0,0,"Arbeiderpartiet",1955-08-01,1963-08-27,1,2,2948,0,3695,0,0,0,0,"Gerhardsen II","B","Gerhardsen II B"
15,64,"Aase Ingerid Nathalie Bjerkholt","Bjerkholt","Aase",1915,2012,1,"AaseBjerkholt1915",1956-12-21,1963-08-27,2440,41,"Departementet for familie- og forbrukersaker",15000,"Ministry of Public Governance","Familie- og forbrukerminister",0,0,"Arbeiderpartiet",1955-08-01,1963-08-27,1,2,2948,0,3695,0,0,0,0,"Gerhardsen II","C","Gerhardsen II C"
15,64,"Aase Ingerid Nathalie Bjerkholt","Bjerkholt","Aase",1915,2012,1,"AaseBjerkholt1915",1963-09-25,1965-10-11,747,48,"Departementet for familie- og forbrukersaker",15000,"Ministry of Public Governance","Familie- og forbrukerminister",0,0,"Arbeiderpartiet",1963-09-25,1965-10-11,2,2,747,2948,3695,1,1,0,0,"Gerhardsen III","A","Gerhardsen III"
16,65,"Petter Jakob Bjerve","Bjerve","Petter",1913,2004,0,"PetterBjerve1913",1960-04-23,1963-02-03,1016,47,"Finans- og tolldepartementet",1000,"Ministry of Finance","Finansminister",0,0,"Arbeiderpartiet",1960-04-23,1963-02-03,1,1,1016,0,1016,0,0,0,0,"Gerhardsen II","B","Gerhardsen II B"
16,65,"Petter Jakob Bjerve","Bjerve","Petter",1913,2004,0,"PetterBjerve1913",1960-04-23,1963-02-03,1016,47,"Finans- og tolldepartementet",1000,"Ministry of Finance","Finansminister",0,0,"Arbeiderpartiet",1960-04-23,1963-02-03,1,1,1016,0,1016,0,0,0,0,"Gerhardsen II","C","Gerhardsen II C"
17,74,"Eivind Albin Andreas Bolle","Bolle","Eivind",1923,2012,0,"EivindBolle1923",1973-10-16,1976-01-14,820,50,"Fiskeridepartementet",6000,"Ministry of Fisheries","Fiskeriminister",0,0,"Arbeiderpartiet",1973-10-16,1981-10-13,1,1,2919,0,2919,1,0,0,0,"Bratteli II",NA,"Bratteli II"
17,74,"Eivind Albin Andreas Bolle","Bolle","Eivind",1923,2012,0,"EivindBolle1923",1976-01-15,1981-02-03,1846,53,"Fiskeridepartementet",6000,"Ministry of Fisheries","Fiskeriminister",0,0,"Arbeiderpartiet",1973-10-16,1981-10-13,1,1,2919,0,2919,1,0,0,0,"Nordli","A","Nordli A"
17,74,"Eivind Albin Andreas Bolle","Bolle","Eivind",1923,2012,0,"EivindBolle1923",1976-01-15,1981-02-03,1846,53,"Fiskeridepartementet",6000,"Ministry of Fisheries","Fiskeriminister",0,0,"Arbeiderpartiet",1973-10-16,1981-10-13,1,1,2919,0,2919,1,0,0,0,"Nordli","B","Nordli B"
17,74,"Eivind Albin Andreas Bolle","Bolle","Eivind",1923,2012,0,"EivindBolle1923",1981-02-04,1981-10-13,251,58,"Fiskeridepartementet",6000,"Ministry of Fisheries","Fiskeriminister",0,0,"Arbeiderpartiet",1973-10-16,1981-10-13,1,1,2919,0,2919,1,0,0,0,"Brundtland I","A","Brundtland I"
18,75,"Kjell Magne Bondevik","Bondevik","Kjell",1947,NA,0,"KjellBondevik1947",1983-06-08,1986-05-08,1065,36,"Kirke- og undervisningsdepartementet",21000,"Ministry of Education","Kirke- og undervisningsminister",0,0,"Kristelig Folkeparti",1983-06-08,1986-05-08,1,4,1065,0,3786,1,0,0,1,"Willoch","B","Willoch B"
18,75,"Kjell Magne Bondevik","Bondevik","Kjell",1947,NA,0,"KjellBondevik1947",1983-06-08,1986-05-08,1065,36,"Kirke- og undervisningsdepartementet",21000,"Ministry of Education","Kirke- og undervisningsminister",0,0,"Kristelig Folkeparti",1983-06-08,1986-05-08,1,4,1065,0,3786,1,0,0,1,"Willoch","C","Willoch C"
18,75,"Kjell Magne Bondevik","Bondevik","Kjell",1947,NA,0,"KjellBondevik1947",1989-10-16,1990-11-02,382,42,"Utenriksdepartementet",4000,"Ministry of Foreign Affairs","Utenriksminister",0,0,"Kristelig Folkeparti",1989-10-16,1990-11-02,2,4,382,1065,3786,1,1,0,1,"Syse",NA,"Syse"
18,75,"Kjell Magne Bondevik","Bondevik","Kjell",1947,NA,0,"KjellBondevik1947",1997-10-17,2000-03-16,881,50,"Statsministerens kontor",100,"Prime Minister's Office","Statsminister",0,0,"Kristelig Folkeparti",1997-10-17,2000-03-16,3,4,881,1447,3786,1,1,0,1,"Bondevik I",NA,"Bondevik I"
18,75,"Kjell Magne Bondevik","Bondevik","Kjell",1947,NA,0,"KjellBondevik1947",2001-10-19,2005-10-16,1458,54,"Statsministerens kontor",100,"Prime Minister's Office","Statsminister",0,0,"Kristelig Folkeparti",2001-10-19,2005-10-16,4,4,1458,2328,3786,1,1,0,1,"Bondevik II","A","Bondevik II"
19,76,"Kjell Bondevik","Bondevik","Kjell",1901,1983,0,"KjellBondevik1901",1963-08-28,1963-09-24,27,62,"Sosialdepartementet",7000,"Ministry of Health and Social Affairs","Sosialminister",0,0,"Kristelig Folkeparti",1963-08-28,1963-09-24,1,2,27,0,2008,1,0,0,0,"Lyng",NA,"Lyng"
19,76,"Kjell Bondevik","Bondevik","Kjell",1901,1983,0,"KjellBondevik1901",1965-10-12,1971-03-16,1981,64,"Kirke- og undervisningsdepartementet",21000,"Ministry of Education","Kirke- og undervisningsminister",0,0,"Kristelig Folkeparti",1965-10-12,1971-03-16,2,2,1981,27,2008,1,1,0,0,"Borten","A","Borten A"
19,76,"Kjell Bondevik","Bondevik","Kjell",1901,1983,0,"KjellBondevik1901",1965-10-12,1971-03-16,1981,64,"Kirke- og undervisningsdepartementet",21000,"Ministry of Education","Kirke- og undervisningsminister",0,0,"Kristelig Folkeparti",1965-10-12,1971-03-16,2,2,1981,27,2008,1,1,0,0,"Borten","B","Borten B"
20,79,"Hans Borgen","Borgen","Hans",1908,1983,0,"HansBorgen1908",1963-08-28,1963-09-24,27,55,"Landbruksdepartementet",19000,"Ministry of Agriculture and Food","Landbruksminister",0,0,"Senterpartiet",1963-08-28,1963-09-24,1,1,27,0,27,1,0,0,0,"Lyng",NA,"Lyng"
21,80,"Kjell Borgen","Borgen","Kjell",1939,1996,0,"KjellBorgen1939",1986-05-09,1988-06-12,765,47,"Samferdselsdepartementet",8000,"Ministry of Transport and Infrastructure","Samferdselsminister",0,0,"Arbeiderpartiet",1986-05-09,1989-10-15,1,2,1255,0,1925,1,0,0,0,"Brundtland II","A","Brundtland II"
21,80,"Kjell Borgen","Borgen","Kjell",1939,1996,0,"KjellBorgen1939",1988-06-13,1989-10-15,489,49,"Kommunal- og arbeidsdepartementet",9000,"Ministry of Local Government","Kommunal- og arbeidsminister",0,0,"Arbeiderpartiet",1986-05-09,1989-10-15,1,2,1255,0,1925,1,0,0,0,"Brundtland II","A","Brundtland II"
21,80,"Kjell Borgen","Borgen","Kjell",1939,1996,0,"KjellBorgen1939",1990-11-03,1992-09-03,670,51,"Kommunaldepartementet",9000,"Ministry of Local Government","Kommunalminister",0,0,"Arbeiderpartiet",1990-11-03,1992-09-03,2,2,670,1255,1925,1,1,0,0,"Brundtland III","A","Brundtland III A"
22,81,"Per Borten","Borten","Per",1913,2005,0,"PerBorten1913",1965-10-12,1971-03-16,1981,52,"Statsministerens kontor",100,"Prime Minister's Office","Statsminister",0,0,"Senterpartiet",1965-10-12,1971-03-16,1,1,1981,0,1981,1,0,0,0,"Borten","A","Borten A"
22,81,"Per Borten","Borten","Per",1913,2005,0,"PerBorten1913",1965-10-12,1971-03-16,1981,52,"Statsministerens kontor",100,"Prime Minister's Office","Statsminister",0,0,"Senterpartiet",1965-10-12,1971-03-16,1,1,1981,0,1981,1,0,0,0,"Borten","B","Borten B"
23,84,"Trygve Martin Bratteli","Bratteli","Trygve",1910,1984,0,"TrygveBratteli1910",1951-11-19,1955-01-21,1159,41,"Finans- og tolldepartementet",1000,"Ministry of Finance","Finansminister",0,0,"Arbeiderpartiet",1951-11-19,1955-01-21,1,5,1159,0,5108,1,0,0,0,"Torp","A","Torp A"
23,84,"Trygve Martin Bratteli","Bratteli","Trygve",1910,1984,0,"TrygveBratteli1910",1951-11-19,1955-01-21,1159,41,"Finans- og tolldepartementet",1000,"Ministry of Finance","Finansminister",0,0,"Arbeiderpartiet",1951-11-19,1955-01-21,1,5,1159,0,5108,1,0,0,0,"Torp","B","Torp B"
23,84,"Trygve Martin Bratteli","Bratteli","Trygve",1910,1984,0,"TrygveBratteli1910",1956-12-28,1960-04-22,1211,46,"Finans- og tolldepartementet",1000,"Ministry of Finance","Finansminister",0,0,"Arbeiderpartiet",1956-12-28,1963-08-27,2,5,2433,1159,5108,1,1,0,0,"Gerhardsen II","A","Gerhardsen II A"
23,84,"Trygve Martin Bratteli","Bratteli","Trygve",1910,1984,0,"TrygveBratteli1910",1956-12-28,1960-04-22,1211,46,"Finans- og tolldepartementet",1000,"Ministry of Finance","Finansminister",0,0,"Arbeiderpartiet",1956-12-28,1963-08-27,2,5,2433,1159,5108,1,1,0,0,"Gerhardsen II","B","Gerhardsen II B"
23,84,"Trygve Martin Bratteli","Bratteli","Trygve",1910,1984,0,"TrygveBratteli1910",1962-01-05,1962-02-18,44,52,"Finans- og tolldepartementet",1000,"Ministry of Finance","Konstituert statsråd",1,1,"Arbeiderpartiet",1956-12-28,1963-08-27,2,5,2433,1159,5108,1,1,0,0,"Gerhardsen II","C","Gerhardsen II C"
23,84,"Trygve Martin Bratteli","Bratteli","Trygve",1910,1984,0,"TrygveBratteli1910",1960-04-23,1963-08-27,1221,50,"Samferdselsdepartementet",8000,"Ministry of Transport and Infrastructure","Samferdselsminister",0,0,"Arbeiderpartiet",1956-12-28,1963-08-27,2,5,2433,1159,5108,1,1,0,0,"Gerhardsen II","B","Gerhardsen II B"
23,84,"Trygve Martin Bratteli","Bratteli","Trygve",1910,1984,0,"TrygveBratteli1910",1960-04-23,1963-08-27,1221,50,"Samferdselsdepartementet",8000,"Ministry of Transport and Infrastructure","Samferdselsminister",0,0,"Arbeiderpartiet",1956-12-28,1963-08-27,2,5,2433,1159,5108,1,1,0,0,"Gerhardsen II","C","Gerhardsen II C"
23,84,"Trygve Martin Bratteli","Bratteli","Trygve",1910,1984,0,"TrygveBratteli1910",1963-09-25,1964-01-19,116,53,"Samferdselsdepartementet",8000,"Ministry of Transport and Infrastructure","Samferdselsminister",0,0,"Arbeiderpartiet",1963-09-25,1964-01-19,3,5,116,3592,5108,1,1,0,0,"Gerhardsen III","A","Gerhardsen III"
23,84,"Trygve Martin Bratteli","Bratteli","Trygve",1910,1984,0,"TrygveBratteli1910",1971-03-17,1972-10-17,580,61,"Statsministerens kontor",100,"Prime Minister's Office","Statsminister",0,0,"Arbeiderpartiet",1971-03-17,1972-10-17,4,5,580,3708,5108,1,1,0,0,"Bratteli I",NA,"Bratteli I"
23,84,"Trygve Martin Bratteli","Bratteli","Trygve",1910,1984,0,"TrygveBratteli1910",1973-10-16,1976-01-14,820,63,"Statsministerens kontor",100,"Prime Minister's Office","Statsminister",0,0,"Arbeiderpartiet",1973-10-16,1976-01-14,5,5,820,4288,5108,1,1,0,0,"Bratteli II",NA,"Bratteli II"
24,85,"Jens Halvard Bratz","Bratz","Jens",1920,2005,0,"JensBratz1920",1981-10-14,1983-06-07,601,61,"Industridepartementet",2000,"Ministry of Trade and Industry","Industriminister",0,0,"Høyre",1981-10-14,1983-09-15,1,1,701,0,701,0,0,0,0,"Willoch","A","Willoch A"
24,85,"Jens Halvard Bratz","Bratz","Jens",1920,2005,0,"JensBratz1920",1983-06-08,1983-09-15,99,63,"Industridepartementet",2000,"Ministry of Trade and Industry","Industriminister",0,0,"Høyre",1981-10-14,1983-09-15,1,1,701,0,701,0,0,0,0,"Willoch","B","Willoch B"
25,95,"Erik Brofoss","Brofoss","Erik",1908,1979,0,"ErikBrofoss1908",1945-11-05,1947-12-05,760,37,"Finans- og tolldepartementet",1000,"Ministry of Finance","Finansminister",0,0,"Arbeiderpartiet",1945-11-05,1954-06-01,1,1,3130,0,3130,0,0,0,0,"Gerhardsen I","B","Gerhardsen I B"
25,95,"Erik Brofoss","Brofoss","Erik",1908,1979,0,"ErikBrofoss1908",1947-12-06,1951-11-18,1443,39,"Handelsdepartementet",3000,"Ministry of Trade and Industry","Handelsminister",0,0,"Arbeiderpartiet",1945-11-05,1954-06-01,1,1,3130,0,3130,0,0,0,0,"Gerhardsen I","B","Gerhardsen I B"
25,95,"Erik Brofoss","Brofoss","Erik",1908,1979,0,"ErikBrofoss1908",1947-12-06,1951-11-18,1443,39,"Handelsdepartementet",3000,"Ministry of Trade and Industry","Handelsminister",0,0,"Arbeiderpartiet",1945-11-05,1954-06-01,1,1,3130,0,3130,0,0,0,0,"Gerhardsen I","C","Gerhardsen I C"
25,95,"Erik Brofoss","Brofoss","Erik",1908,1979,0,"ErikBrofoss1908",1953-05-18,1953-09-13,118,45,"Industridepartementet",2000,"Ministry of Trade and Industry","Handelsminister og konstituert industriminister",0,1,"Arbeiderpartiet",1945-11-05,1954-06-01,1,1,3130,0,3130,0,0,0,0,"Torp","A","Torp A"
25,95,"Erik Brofoss","Brofoss","Erik",1908,1979,0,"ErikBrofoss1908",1951-11-19,1954-06-01,925,43,"Handelsdepartementet",3000,"Ministry of Trade and Industry","Handelsminister",0,0,"Arbeiderpartiet",1945-11-05,1954-06-01,1,1,3130,0,3130,0,0,0,0,"Torp","A","Torp A"
25,95,"Erik Brofoss","Brofoss","Erik",1908,1979,0,"ErikBrofoss1908",1951-11-19,1954-06-01,925,43,"Handelsdepartementet",3000,"Ministry of Trade and Industry","Handelsminister",0,0,"Arbeiderpartiet",1945-11-05,1954-06-01,1,1,3130,0,3130,0,0,0,0,"Torp","B","Torp B"
26,99,"Gro Harlem Brundtland","Brundtland","Gro",1939,NA,1,"GroBrundtland1939",1974-09-06,1976-01-14,495,35,"Miljøverndepartementet",20000,"Ministry of Climate and Environment","Miljøvernminister",0,0,"Arbeiderpartiet",1974-09-06,1979-10-07,1,4,1857,0,5545,0,0,0,0,"Bratteli II",NA,"Bratteli II"
26,99,"Gro Harlem Brundtland","Brundtland","Gro",1939,NA,1,"GroBrundtland1939",1976-01-15,1979-10-07,1361,37,"Miljøverndepartementet",20000,"Ministry of Climate and Environment","Miljøvernminister",0,0,"Arbeiderpartiet",1974-09-06,1979-10-07,1,4,1857,0,5545,0,0,0,0,"Nordli","A","Nordli A"
26,99,"Gro Harlem Brundtland","Brundtland","Gro",1939,NA,1,"GroBrundtland1939",1976-01-15,1979-10-07,1361,37,"Miljøverndepartementet",20000,"Ministry of Climate and Environment","Miljøvernminister",0,0,"Arbeiderpartiet",1974-09-06,1979-10-07,1,4,1857,0,5545,0,0,0,0,"Nordli","B","Nordli B"
26,99,"Gro Harlem Brundtland","Brundtland","Gro",1939,NA,1,"GroBrundtland1939",1981-02-04,1981-10-13,251,42,"Statsministerens kontor",100,"Prime Minister's Office","Statsminister",0,0,"Arbeiderpartiet",1981-02-04,1981-10-13,2,4,251,1857,5545,1,1,0,0,"Brundtland I","A","Brundtland I"
26,99,"Gro Harlem Brundtland","Brundtland","Gro",1939,NA,1,"GroBrundtland1939",1986-05-09,1989-10-15,1255,47,"Statsministerens kontor",100,"Prime Minister's Office","Statsminister",0,0,"Arbeiderpartiet",1986-05-09,1989-10-15,3,4,1255,2108,5545,1,1,0,0,"Brundtland II","A","Brundtland II"
26,99,"Gro Harlem Brundtland","Brundtland","Gro",1939,NA,1,"GroBrundtland1939",1990-11-03,1996-10-24,2182,51,"Statsministerens kontor",100,"Prime Minister's Office","Statsminister",0,0,"Arbeiderpartiet",1990-11-03,1996-10-24,4,4,2182,3363,5545,1,1,0,0,"Brundtland III","A","Brundtland III A"
26,99,"Gro Harlem Brundtland","Brundtland","Gro",1939,NA,1,"GroBrundtland1939",1990-11-03,1996-10-24,2182,51,"Statsministerens kontor",100,"Prime Minister's Office","Statsminister",0,0,"Arbeiderpartiet",1990-11-03,1996-10-24,4,4,2182,3363,5545,1,1,0,0,"Brundtland III","B","Brundtland III B"
27,101,"Reidun Brusletten","Brusletten","Reidun",1936,NA,1,"ReidunBrusletten1936",1983-06-17,1983-12-31,197,47,"Utenriksdepartementet",4000,"Ministry of Foreign Affairs","Statsråd i sekretariatet for utviklingshjelpen",0,0,"Kristelig Folkeparti",1983-06-17,1986-05-08,1,1,1056,0,1056,1,0,0,0,"Willoch","B","Willoch B"
27,101,"Reidun Brusletten","Brusletten","Reidun",1936,NA,1,"ReidunBrusletten1936",1984-01-01,1986-05-08,858,48,"Departementet for utviklingshjelp",27000,"Ministry of Foreign Affairs","Bistandsminister",0,0,"Kristelig Folkeparti",1983-06-17,1986-05-08,1,1,1056,0,1056,1,0,0,0,"Willoch","B","Willoch B"
27,101,"Reidun Brusletten","Brusletten","Reidun",1936,NA,1,"ReidunBrusletten1936",1984-01-01,1986-05-08,858,48,"Departementet for utviklingshjelp",27000,"Ministry of Foreign Affairs","Bistandsminister",0,0,"Kristelig Folkeparti",1983-06-17,1986-05-08,1,1,1056,0,1056,1,0,0,0,"Willoch","C","Willoch C"
28,103,"Olav Bruvik","Bruvik","Olav",1913,1962,0,"OlavBruvik1913",1961-02-18,1962-12-29,679,48,"Sosialdepartementet",7000,"Ministry of Health and Social Affairs","Sosialminister",0,0,"Arbeiderpartiet",1961-02-18,1962-12-29,1,1,679,0,679,0,0,0,0,"Gerhardsen II","B","Gerhardsen II B"
28,103,"Olav Bruvik","Bruvik","Olav",1913,1962,0,"OlavBruvik1913",1961-02-18,1962-12-29,679,48,"Sosialdepartementet",7000,"Ministry of Health and Social Affairs","Sosialminister",0,0,"Arbeiderpartiet",1961-02-18,1962-12-29,1,1,679,0,679,0,0,0,0,"Gerhardsen II","C","Gerhardsen II C"
29,105,"Ola Skjåk Bræk","Bræk","Ola",1912,1999,0,"OlaBræk1912",1972-10-18,1973-10-15,362,60,"Industridepartementet",2000,"Ministry of Trade and Industry","Industriminister",0,0,"Venstre",1972-10-18,1973-10-15,1,1,362,0,362,1,0,0,0,"Korvald","A","Korvald"
30,109,"Gunnar Bråthen","Bråthen","Gunnar",1896,1980,0,"GunnarBråthen1896",1955-08-01,1959-04-08,1346,59,"Lønns- og prisdepartementet",14000,"Ministry of Public Governance","Lønns- og prisminister",0,0,"Arbeiderpartiet",1955-08-01,1959-04-08,1,1,1346,0,1346,0,0,0,0,"Gerhardsen II","A","Gerhardsen II A"
30,109,"Gunnar Bråthen","Bråthen","Gunnar",1896,1980,0,"GunnarBråthen1896",1955-08-01,1959-04-08,1346,59,"Lønns- og prisdepartementet",14000,"Ministry of Public Governance","Lønns- og prisminister",0,0,"Arbeiderpartiet",1955-08-01,1959-04-08,1,1,1346,0,1346,0,0,0,0,"Gerhardsen II","B","Gerhardsen II B"
31,116,"Ronald Joseph Bye","Bye","Ronald",1937,2018,0,"RonaldBye1937",1979-10-08,1981-02-03,484,42,"Samferdselsdepartementet",8000,"Ministry of Transport and Infrastructure","Samferdselsminister",0,0,"Arbeiderpartiet",1979-10-08,1981-10-13,1,1,736,0,736,0,0,0,0,"Nordli","B","Nordli B"
31,116,"Ronald Joseph Bye","Bye","Ronald",1937,2018,0,"RonaldBye1937",1981-02-04,1981-10-13,251,44,"Samferdselsdepartementet",8000,"Ministry of Transport and Infrastructure","Samferdselsminister",0,0,"Arbeiderpartiet",1979-10-08,1981-10-13,1,1,736,0,736,0,0,0,0,"Brundtland I","A","Brundtland I"
32,117,"Gunnar Bøe","Bøe","Gunnar",1917,1989,0,"GunnarBøe1917",1959-04-09,1962-08-31,1240,42,"Lønns- og prisdepartementet",14000,"Ministry of Public Governance","Lønns- og prisminister",0,0,"Arbeiderpartiet",1959-04-09,1962-08-31,1,1,1240,0,1240,0,0,0,1,"Gerhardsen II","B","Gerhardsen II B"
32,117,"Gunnar Bøe","Bøe","Gunnar",1917,1989,0,"GunnarBøe1917",1959-04-09,1962-08-31,1240,42,"Lønns- og prisdepartementet",14000,"Ministry of Public Governance","Lønns- og prisminister",0,0,"Arbeiderpartiet",1959-04-09,1962-08-31,1,1,1240,0,1240,0,0,0,1,"Gerhardsen II","C","Gerhardsen II C"
33,118,"Helen Marie Bøsterud","Bøsterud","Helen",1940,NA,1,"HelenBøsterud1940",1986-05-09,1989-10-15,1255,46,"Justis- og politidepartementet",13000,"Ministry of Justice","Justisminister",0,0,"Arbeiderpartiet",1986-05-09,1989-10-15,1,1,1255,0,1255,1,0,0,1,"Brundtland II","A","Brundtland II"
34,120,"Andreas Zeier Cappelen","Cappelen","Andreas",1915,2008,0,"AndreasCappelen1915",1958-09-01,1963-02-03,1616,43,"Kommunal- og arbeidsdepartementet",9000,"Ministry of Local Government","Kommunal- og arbeidsminister",0,0,"Arbeiderpartiet",1958-09-01,1963-08-27,1,4,1821,0,3508,0,0,0,0,"Gerhardsen II","B","Gerhardsen II B"
34,120,"Andreas Zeier Cappelen","Cappelen","Andreas",1915,2008,0,"AndreasCappelen1915",1958-09-01,1963-02-03,1616,43,"Kommunal- og arbeidsdepartementet",9000,"Ministry of Local Government","Kommunal- og arbeidsminister",0,0,"Arbeiderpartiet",1958-09-01,1963-08-27,1,4,1821,0,3508,0,0,0,0,"Gerhardsen II","C","Gerhardsen II C"
34,120,"Andreas Zeier Cappelen","Cappelen","Andreas",1915,2008,0,"AndreasCappelen1915",1963-02-04,1963-08-27,204,48,"Finans- og tolldepartementet",1000,"Ministry of Finance","Finansminister",0,0,"Arbeiderpartiet",1958-09-01,1963-08-27,1,4,1821,0,3508,1,0,0,0,"Gerhardsen II","C","Gerhardsen II C"
34,120,"Andreas Zeier Cappelen","Cappelen","Andreas",1915,2008,0,"AndreasCappelen1915",1963-09-25,1965-10-11,747,48,"Finans- og tolldepartementet",1000,"Ministry of Finance","Finansminister",0,0,"Arbeiderpartiet",1963-09-25,1965-10-11,2,4,747,1821,3508,1,1,0,0,"Gerhardsen III","A","Gerhardsen III"
34,120,"Andreas Zeier Cappelen","Cappelen","Andreas",1915,2008,0,"AndreasCappelen1915",1971-03-17,1972-10-17,580,56,"Utenriksdepartementet",4000,"Ministry of Foreign Affairs","Utenriksminister",0,0,"Arbeiderpartiet",1971-03-17,1972-10-17,3,4,580,2568,3508,1,1,0,0,"Bratteli I",NA,"Bratteli I"
34,120,"Andreas Zeier Cappelen","Cappelen","Andreas",1915,2008,0,"AndreasCappelen1915",1979-10-08,1980-10-02,360,64,"Justis- og politidepartementet",13000,"Ministry of Justice","Justisminister",0,0,"Arbeiderpartiet",1979-10-08,1980-10-02,4,4,360,3148,3508,1,1,0,0,"Nordli","B","Nordli B"
35,122,"Reidar Carlsen","Carlsen","Reidar",1908,1987,0,"ReidarCarlsen1908",1945-11-05,1946-06-30,237,37,"Handelsdepartementet",2000,"Ministry of Trade and Industry","Konsultativ statsråd",0,0,"Arbeiderpartiet",1945-11-05,1951-11-18,1,1,2204,0,2204,0,0,0,0,"Gerhardsen I","B","Gerhardsen I B"
35,122,"Reidar Carlsen","Carlsen","Reidar",1908,1987,0,"ReidarCarlsen1908",1946-07-01,1951-11-18,1966,38,"Fiskeridepartementet",6000,"Ministry of Fisheries","Fiskeriminister",0,0,"Arbeiderpartiet",1945-11-05,1951-11-18,1,1,2204,0,2204,1,0,0,0,"Gerhardsen I","B","Gerhardsen I B"
35,122,"Reidar Carlsen","Carlsen","Reidar",1908,1987,0,"ReidarCarlsen1908",1946-07-01,1951-11-18,1966,38,"Fiskeridepartementet",6000,"Ministry of Fisheries","Fiskeriminister",0,0,"Arbeiderpartiet",1945-11-05,1951-11-18,1,1,2204,0,2204,1,0,0,0,"Gerhardsen I","C","Gerhardsen I C"
36,124,"Ragnar Karl Viktor Christiansen","Christiansen","Ragnar",1922,2019,0,"RagnarChristiansen1922",1971-03-17,1972-10-17,580,49,"Finans- og tolldepartementet",1000,"Ministry of Finance","Finansminister",0,0,"Arbeiderpartiet",1971-03-17,1972-10-17,1,2,580,0,1306,1,0,0,0,"Bratteli I",NA,"Bratteli I"
36,124,"Ragnar Karl Viktor Christiansen","Christiansen","Ragnar",1922,2019,0,"RagnarChristiansen1922",1976-01-15,1978-01-10,726,54,"Samferdselsdepartementet",8000,"Ministry of Transport and Infrastructure","Samferdselsminister",0,0,"Arbeiderpartiet",1976-01-15,1978-01-10,2,2,726,580,1306,1,1,0,0,"Nordli","A","Nordli A"
36,124,"Ragnar Karl Viktor Christiansen","Christiansen","Ragnar",1922,2019,0,"RagnarChristiansen1922",1976-01-15,1978-01-10,726,54,"Samferdselsdepartementet",8000,"Ministry of Transport and Infrastructure","Samferdselsminister",0,0,"Arbeiderpartiet",1976-01-15,1978-01-10,2,2,726,580,1306,1,1,0,0,"Nordli","B","Nordli B"
37,133,"Per Ditlev-Simonsen","Ditlev-Simonsen","Per",1932,NA,0,"PerDitlev-Simonsen1932",1989-10-16,1990-11-02,382,57,"Forsvarsdepartementet",5000,"Ministry of Defense","Forsvarsminister",0,0,"Høyre",1989-10-16,1990-11-02,1,1,382,0,382,1,0,0,0,"Syse",NA,"Syse"
38,137,"Arne Gulbrand Drogseth","Drogseth","Arne",1893,1973,0,"ArneDrogseth1893",1951-06-29,1951-11-10,134,58,"Industridepartementet",2000,"Ministry of Trade and Industry","Konstituert statsråd",1,0,"Arbeiderpartiet",1951-06-29,1951-11-10,1,1,134,0,134,1,0,1,1,"Gerhardsen I","C","Gerhardsen I C"
39,142,"Odd Einar Dørum","Dørum","Odd",1943,NA,0,"OddDørum1943",1997-10-17,1999-03-14,513,54,"Samferdselsdepartementet",8000,"Ministry of Transport and Infrastructure","Samferdselsminister",0,0,"Venstre",1997-10-17,2000-03-16,1,2,881,0,2339,1,0,0,0,"Bondevik I",NA,"Bondevik I"
39,142,"Odd Einar Dørum","Dørum","Odd",1943,NA,0,"OddDørum1943",1999-03-15,2000-03-16,367,56,"Justis- og politidepartementet",13000,"Ministry of Justice","Justisminister",0,0,"Venstre",1997-10-17,2000-03-16,1,2,881,0,2339,1,0,0,0,"Bondevik I",NA,"Bondevik I"
39,142,"Odd Einar Dørum","Dørum","Odd",1943,NA,0,"OddDørum1943",2001-10-19,2005-10-16,1458,58,"Justis- og politidepartementet",13000,"Ministry of Justice","Justisminister",0,0,"Venstre",2001-10-19,2005-10-16,2,2,1458,881,2339,1,1,0,0,"Bondevik II","A","Bondevik II"
40,146,"Kjølv Egeland","Egeland","Kjølv",1918,1999,0,"KjølvEgeland1918",1976-01-15,1979-10-07,1361,58,"Kirke- og undervisningsdepartementet",21000,"Ministry of Education","Kirke- og undervisningsminister",0,0,"Arbeiderpartiet",1976-01-15,1979-10-07,1,1,1361,0,1361,0,0,0,0,"Nordli","A","Nordli A"
40,146,"Kjølv Egeland","Egeland","Kjølv",1918,1999,0,"KjølvEgeland1918",1976-01-15,1979-10-07,1361,58,"Kirke- og undervisningsdepartementet",21000,"Ministry of Education","Kirke- og undervisningsminister",0,0,"Arbeiderpartiet",1976-01-15,1979-10-07,1,1,1361,0,1361,0,0,0,0,"Nordli","B","Nordli B"
41,151,"Bjarne Mørk-Eidem","Mørk-Eidem","Bjarne",1936,NA,0,"BjarneMørk-Eidem1936",1986-05-09,1989-10-09,1249,50,"Fiskeridepartementet",6000,"Ministry of Fisheries","Fiskeriminister",0,0,"Arbeiderpartiet",1986-05-09,1989-10-09,1,1,1249,0,1249,1,0,0,0,"Brundtland II","A","Brundtland II"
42,153,"Hallvard Eika","Eika","Hallvard",1920,1989,0,"HallvardEika1920",1970-08-21,1971-03-16,207,50,"Landbruksdepartementet",19000,"Ministry of Agriculture and Food","Landbruksminister",0,0,"Venstre",1970-08-21,1971-03-16,1,2,207,0,569,1,0,0,0,"Borten","B","Borten B"
42,153,"Hallvard Eika","Eika","Hallvard",1920,1989,0,"HallvardEika1920",1972-10-18,1973-10-15,362,52,"Handels- og skipsfartsdepartementet",3000,"Ministry of Trade and Industry","Handels- og skipsfartsminister",0,0,"Venstre",1972-10-18,1973-10-15,2,2,362,207,569,1,1,0,0,"Korvald","A","Korvald"
43,159,"Egil Endresen","Endresen","Egil",1920,1992,0,"EgilEndresen1920",1970-10-03,1971-03-16,164,50,"Justis- og politidepartementet",13000,"Ministry of Justice","Justisminister",0,0,"Høyre",1970-10-03,1971-03-16,1,1,164,0,164,1,0,0,0,"Borten","B","Borten B"
44,176,"Jens Ingebret Evensen","Evensen","Jens",1917,2004,0,"JensEvensen1917",1973-10-16,1974-09-26,345,56,"Handels- og skipsfartsdepartementet",3000,"Ministry of Trade and Industry","Handels- og skipsfartsminister",0,0,"Arbeiderpartiet",1973-10-16,1978-12-30,1,1,1901,0,1901,0,0,0,0,"Bratteli II",NA,"Bratteli II"
44,176,"Jens Ingebret Evensen","Evensen","Jens",1917,2004,0,"JensEvensen1917",1974-09-27,1976-01-14,474,57,"Handels- og skipsfartsdepartementet",3000,"Ministry of Trade and Industry","Havrettsminister",0,0,"Arbeiderpartiet",1973-10-16,1978-12-30,1,1,1901,0,1901,0,0,0,0,"Bratteli II",NA,"Bratteli II"
44,176,"Jens Ingebret Evensen","Evensen","Jens",1917,2004,0,"JensEvensen1917",1976-01-15,1978-12-30,1080,59,"Handels- og skipsfartsdepartementet",3000,"Ministry of Trade and Industry","Havrettsminister",0,0,"Arbeiderpartiet",1973-10-16,1978-12-30,1,1,1901,0,1901,0,0,0,0,"Nordli","A","Nordli A"
44,176,"Jens Ingebret Evensen","Evensen","Jens",1917,2004,0,"JensEvensen1917",1976-01-15,1978-12-30,1080,59,"Handels- og skipsfartsdepartementet",3000,"Ministry of Trade and Industry","Havrettsminister",0,0,"Arbeiderpartiet",1973-10-16,1978-12-30,1,1,1901,0,1901,0,0,0,0,"Nordli","B","Nordli B"
45,177,"Lars Samuel Myhrer Evensen","Evensen","Lars",1896,1969,0,"LarsEvensen1896",1945-06-25,1945-11-04,132,49,"Handelsdepartementet",2000,"Ministry of Trade and Industry","Handelsminister",0,0,"Arbeiderpartiet",1945-06-25,1953-11-01,1,1,3051,0,3051,0,0,0,0,"Gerhardsen I","A","Gerhardsen I A"
45,177,"Lars Samuel Myhrer Evensen","Evensen","Lars",1896,1969,0,"LarsEvensen1896",1945-11-05,1951-11-18,2204,49,"Handelsdepartementet",2000,"Ministry of Trade and Industry","Handel-, sjøfart og industriminister /Industri-, hådtverk- og skipsfartsminister",0,0,"Arbeiderpartiet",1945-06-25,1953-11-01,1,1,3051,0,3051,0,0,0,0,"Gerhardsen I","B","Gerhardsen I B"
45,177,"Lars Samuel Myhrer Evensen","Evensen","Lars",1896,1969,0,"LarsEvensen1896",1945-11-05,1951-11-18,2204,49,"Handelsdepartementet",2000,"Ministry of Trade and Industry","Handel-, sjøfart og industriminister /Industri-, hådtverk- og skipsfartsminister",0,0,"Arbeiderpartiet",1945-06-25,1953-11-01,1,1,3051,0,3051,0,0,0,0,"Gerhardsen I","C","Gerhardsen I C"
45,177,"Lars Samuel Myhrer Evensen","Evensen","Lars",1896,1969,0,"LarsEvensen1896",1951-11-19,1953-11-01,713,55,"Industridepartementet",2000,"Ministry of Trade and Industry","Handelsminister og konstituert industriminister",0,0,"Arbeiderpartiet",1945-06-25,1953-11-01,1,1,3051,0,3051,0,0,0,0,"Torp","A","Torp A"
46,189,"Karin Cecilie Kullmann Five","Five","Karin",1951,2017,1,"KarinFive1951",1989-10-16,1990-11-02,382,38,"Utenriksdepartementet",4000,"Ministry of Foreign Affairs","Handels- og skipsfartsminister",0,0,"Høyre",1989-10-16,1990-11-02,1,1,382,0,382,1,0,0,0,"Syse",NA,"Syse"
47,190,"Kristian Fjeld","Fjeld","Kristian",1887,1976,0,"KristianFjeld1887",1945-11-05,1951-11-18,2204,58,"Landbruksdepartementet",19000,"Ministry of Agriculture and Food","Landbruksminister",0,0,"Arbeiderpartiet",1945-11-05,1951-11-18,1,1,2204,0,2204,1,0,0,0,"Gerhardsen I","B","Gerhardsen I B"
47,190,"Kristian Fjeld","Fjeld","Kristian",1887,1976,0,"KristianFjeld1887",1945-11-05,1951-11-18,2204,58,"Landbruksdepartementet",19000,"Ministry of Agriculture and Food","Landbruksminister",0,0,"Arbeiderpartiet",1945-11-05,1951-11-18,1,1,2204,0,2204,1,0,0,0,"Gerhardsen I","C","Gerhardsen I C"
48,194,"Bergfrid Fjose","Fjose","Bergfrid",1915,2004,1,"BergfridFjose1915",1972-10-18,1973-10-15,362,57,"Sosialdepartementet",7000,"Ministry of Health and Social Affairs","Sosialminister",0,0,"Kristelig Folkeparti",1972-10-18,1973-10-15,1,1,362,0,362,1,0,0,0,"Korvald","A","Korvald"
49,204,"Per-Kristian Foss","Foss","Per-Kristian",1950,NA,0,"Per-KristianFoss1950",2001-10-19,2005-10-16,1458,51,"Finansdepartementet",1000,"Ministry of Finance","Finansminister",0,0,"Høyre",2001-10-19,2005-10-16,1,1,1458,0,1458,1,0,0,0,"Bondevik II","A","Bondevik II"
50,209,"Alv Jakob Fostervoll","Fostervoll","Alv",1932,2015,0,"AlvFostervoll1932",1971-03-17,1972-10-17,580,39,"Forsvarsdepartementet",5000,"Ministry of Defense","Forsvarsminister",0,0,"Arbeiderpartiet",1971-03-17,1972-10-17,1,2,580,0,1400,1,0,0,0,"Bratteli I",NA,"Bratteli I"
50,209,"Alv Jakob Fostervoll","Fostervoll","Alv",1932,2015,0,"AlvFostervoll1932",1973-10-16,1976-01-14,820,41,"Forsvarsdepartementet",5000,"Ministry of Defense","Forsvarsminister",0,0,"Arbeiderpartiet",1973-10-16,1976-01-14,2,2,820,580,1400,1,1,0,0,"Bratteli II",NA,"Bratteli II"
51,210,"Kaare Fostervoll","Fostervoll","Kaare",1891,1981,0,"KaareFostervoll1891",1945-06-25,1945-11-04,132,54,"Kirke- og undervisningsdepartementet",21000,"Ministry of Education","Kirke- og undervisningsminister",0,0,"Arbeiderpartiet",1945-06-25,1948-06-27,1,1,1098,0,1098,0,0,0,0,"Gerhardsen I","A","Gerhardsen I A"
51,210,"Kaare Fostervoll","Fostervoll","Kaare",1891,1981,0,"KaareFostervoll1891",1945-11-05,1948-06-27,965,54,"Kirke- og undervisningsdepartementet",21000,"Ministry of Education","Kirke- og undervisningsminister",0,0,"Arbeiderpartiet",1945-06-25,1948-06-27,1,1,1098,0,1098,0,0,0,0,"Gerhardsen I","B","Gerhardsen I B"
52,218,"Einar Frogner","Frogner","Einar",1893,1955,0,"EinarFrogner1893",1945-06-25,1945-11-04,132,52,"Landbruksdepartementet",19000,"Ministry of Agriculture and Food","Landbruksminister",0,0,"Senterpartiet",1945-06-25,1945-11-04,1,1,132,0,132,0,0,0,0,"Gerhardsen I","A","Gerhardsen I A"
53,220,"Knut Olav Frydenlund","Frydenlund","Knut",1927,1987,0,"KnutFrydenlund1927",1973-10-16,1976-01-14,820,46,"Utenriksdepartementet",4000,"Ministry of Foreign Affairs","Utenriksminister",0,0,"Arbeiderpartiet",1973-10-16,1981-10-13,1,2,2919,0,3211,1,0,1,0,"Bratteli II",NA,"Bratteli II"
53,220,"Knut Olav Frydenlund","Frydenlund","Knut",1927,1987,0,"KnutFrydenlund1927",1976-01-15,1981-02-03,1846,49,"Utenriksdepartementet",4000,"Ministry of Foreign Affairs","Utenriksminister",0,0,"Arbeiderpartiet",1973-10-16,1981-10-13,1,2,2919,0,3211,1,0,1,0,"Nordli","A","Nordli A"
53,220,"Knut Olav Frydenlund","Frydenlund","Knut",1927,1987,0,"KnutFrydenlund1927",1976-01-15,1981-02-03,1846,49,"Utenriksdepartementet",4000,"Ministry of Foreign Affairs","Utenriksminister",0,0,"Arbeiderpartiet",1973-10-16,1981-10-13,1,2,2919,0,3211,1,0,1,0,"Nordli","B","Nordli B"
53,220,"Knut Olav Frydenlund","Frydenlund","Knut",1927,1987,0,"KnutFrydenlund1927",1981-02-04,1981-10-13,251,54,"Utenriksdepartementet",4000,"Ministry of Foreign Affairs","Utenriksminister",0,0,"Arbeiderpartiet",1973-10-16,1981-10-13,1,2,2919,0,3211,1,0,1,0,"Brundtland I","A","Brundtland I"
53,220,"Knut Olav Frydenlund","Frydenlund","Knut",1927,1987,0,"KnutFrydenlund1927",1986-05-09,1987-02-25,292,59,"Utenriksdepartementet",4000,"Ministry of Foreign Affairs","Utenriksminister",0,0,"Arbeiderpartiet",1986-05-09,1987-02-25,2,2,292,2919,3211,1,1,1,0,"Brundtland II","A","Brundtland II"
54,225,"Einar Førde","Førde","Einar",1943,2004,0,"EinarFørde1943",1979-10-08,1981-02-03,484,36,"Kirke- og undervisningsdepartementet",21000,"Ministry of Education","Kirke- og undervisningsminister",0,0,"Arbeiderpartiet",1979-10-08,1981-10-13,1,1,736,0,736,1,0,0,0,"Nordli","B","Nordli B"
54,225,"Einar Førde","Førde","Einar",1943,2004,0,"EinarFørde1943",1981-02-04,1981-10-13,251,38,"Kirke- og undervisningsdepartementet",21000,"Ministry of Education","Kirke- og undervisningsminister",0,0,"Arbeiderpartiet",1979-10-08,1981-10-13,1,1,736,0,736,1,0,0,0,"Brundtland I","A","Brundtland I"
55,228,"Einar Henry Gerhardsen","Gerhardsen","Einar",1897,1987,0,"EinarGerhardsen1897",1945-06-25,1945-11-04,132,48,"Statsministerens kontor",100,"Prime Minister's Office","Statsminister",0,0,"Arbeiderpartiet",1945-06-25,1951-11-18,1,3,2337,0,6223,0,0,0,0,"Gerhardsen I","A","Gerhardsen I A"
55,228,"Einar Henry Gerhardsen","Gerhardsen","Einar",1897,1987,0,"EinarGerhardsen1897",1945-11-05,1951-11-18,2204,48,"Statsministerens kontor",100,"Prime Minister's Office","Statsminister",0,0,"Arbeiderpartiet",1945-06-25,1951-11-18,1,3,2337,0,6223,0,0,0,0,"Gerhardsen I","B","Gerhardsen I B"
55,228,"Einar Henry Gerhardsen","Gerhardsen","Einar",1897,1987,0,"EinarGerhardsen1897",1945-11-05,1951-11-18,2204,48,"Statsministerens kontor",100,"Prime Minister's Office","Statsminister",0,0,"Arbeiderpartiet",1945-06-25,1951-11-18,1,3,2337,0,6223,0,0,0,0,"Gerhardsen I","C","Gerhardsen I C"
55,228,"Einar Henry Gerhardsen","Gerhardsen","Einar",1897,1987,0,"EinarGerhardsen1897",1955-01-22,1963-08-27,3139,58,"Statsministerens kontor",100,"Prime Minister's Office","Statsminister",0,0,"Arbeiderpartiet",1955-01-22,1963-08-27,2,3,3139,2337,6223,1,1,0,0,"Gerhardsen II","A","Gerhardsen II A"
55,228,"Einar Henry Gerhardsen","Gerhardsen","Einar",1897,1987,0,"EinarGerhardsen1897",1955-01-22,1963-08-27,3139,58,"Statsministerens kontor",100,"Prime Minister's Office","Statsminister",0,0,"Arbeiderpartiet",1955-01-22,1963-08-27,2,3,3139,2337,6223,1,1,0,0,"Gerhardsen II","B","Gerhardsen II B"
55,228,"Einar Henry Gerhardsen","Gerhardsen","Einar",1897,1987,0,"EinarGerhardsen1897",1955-01-22,1963-08-27,3139,58,"Statsministerens kontor",100,"Prime Minister's Office","Statsminister",0,0,"Arbeiderpartiet",1955-01-22,1963-08-27,2,3,3139,2337,6223,1,1,0,0,"Gerhardsen II","C","Gerhardsen II C"
55,228,"Einar Henry Gerhardsen","Gerhardsen","Einar",1897,1987,0,"EinarGerhardsen1897",1963-09-25,1965-10-11,747,66,"Statsministerens kontor",100,"Prime Minister's Office","Statsminister",0,0,"Arbeiderpartiet",1963-09-25,1965-10-11,3,3,747,5476,6223,1,1,0,0,"Gerhardsen III","A","Gerhardsen III"
56,231,"Helga Gitmark","Gitmark","Helga",1929,2008,1,"HelgaGitmark1929",1973-03-05,1973-10-15,224,44,"Miljøverndepartementet",20000,"Ministry of Climate and Environment","Miljøvernminister",0,0,"Senterpartiet",1973-03-05,1973-10-15,1,1,224,0,224,0,0,0,0,"Korvald","A","Korvald"
57,234,"Bjartmar Alv Gjerde","Gjerde","Bjartmar",1931,2009,0,"BjartmarGjerde1931",1971-03-17,1972-10-17,580,40,"Kirke- og undervisningsdepartementet",21000,"Ministry of Education","Kirke- og undervisningsminister",0,0,"Arbeiderpartiet",1971-03-17,1972-10-17,1,2,580,0,3123,1,0,0,0,"Bratteli I",NA,"Bratteli I"
57,234,"Bjartmar Alv Gjerde","Gjerde","Bjartmar",1931,2009,0,"BjartmarGjerde1931",1973-10-16,1976-01-14,820,42,"Kirke- og undervisningsdepartementet",21000,"Ministry of Education","Kirke- og undervisningsminister",0,0,"Arbeiderpartiet",1973-10-16,1980-10-02,2,2,2543,580,3123,1,1,0,0,"Bratteli II",NA,"Bratteli II"
57,234,"Bjartmar Alv Gjerde","Gjerde","Bjartmar",1931,2009,0,"BjartmarGjerde1931",1976-01-15,1978-01-10,726,45,"Industridepartementet",2000,"Ministry of Trade and Industry","Industriminister",0,0,"Arbeiderpartiet",1973-10-16,1980-10-02,2,2,2543,580,3123,1,1,0,0,"Nordli","A","Nordli A"
57,234,"Bjartmar Alv Gjerde","Gjerde","Bjartmar",1931,2009,0,"BjartmarGjerde1931",1976-01-15,1978-01-10,726,45,"Industridepartementet",2000,"Ministry of Trade and Industry","Industriminister",0,0,"Arbeiderpartiet",1973-10-16,1980-10-02,2,2,2543,580,3123,1,1,0,0,"Nordli","B","Nordli B"
57,234,"Bjartmar Alv Gjerde","Gjerde","Bjartmar",1931,2009,0,"BjartmarGjerde1931",1978-01-11,1980-10-02,995,47,"Olje- og energidepartementet",11000,"Ministry of Oil and Energy","Olje- og energiminister",0,0,"Arbeiderpartiet",1973-10-16,1980-10-02,2,2,2543,580,3123,1,1,0,0,"Nordli","B","Nordli B"
58,236,"Astrid Gjertsen","Gjertsen","Astrid",1928,2020,1,"AstridGjertsen1928",1981-10-14,1983-06-07,601,53,"Forbruker- og administrasjonsdepartementet",16000,"Ministry of Public Governance","Forbruker- og administrasjonsminister",0,0,"Høyre",1981-10-14,1986-04-17,1,1,1646,0,1646,1,0,0,0,"Willoch","A","Willoch A"
58,236,"Astrid Gjertsen","Gjertsen","Astrid",1928,2020,1,"AstridGjertsen1928",1983-06-08,1986-04-17,1044,55,"Forbruker- og administrasjonsdepartementet",16000,"Ministry of Public Governance","Forbruker- og administrasjonsminister",0,0,"Høyre",1981-10-14,1986-04-17,1,1,1646,0,1646,1,0,0,0,"Willoch","B","Willoch B"
58,236,"Astrid Gjertsen","Gjertsen","Astrid",1928,2020,1,"AstridGjertsen1928",1983-06-08,1986-04-17,1044,55,"Forbruker- og administrasjonsdepartementet",16000,"Ministry of Public Governance","Forbruker- og administrasjonsminister",0,0,"Høyre",1981-10-14,1986-04-17,1,1,1646,0,1646,1,0,0,0,"Willoch","C","Willoch C"
59,237,"Kari Gjesteby","Gjesteby","Kari",1947,NA,1,"KariGjesteby1947",1981-02-04,1981-10-13,251,34,"Handels- og skipsfartsdepartementet",3000,"Ministry of Trade and Industry","Handels- og skipsfartsminister",0,0,"Arbeiderpartiet",1981-02-04,1981-10-13,1,2,251,0,921,0,0,1,1,"Brundtland I","A","Brundtland I"
59,237,"Kari Gjesteby","Gjesteby","Kari",1947,NA,1,"KariGjesteby1947",1990-11-03,1992-09-03,670,43,"Justis- og politidepartementet",13000,"Ministry of Justice","Justisminister",0,0,"Arbeiderpartiet",1990-11-03,1992-09-03,2,2,670,251,921,0,1,1,1,"Brundtland III","A","Brundtland III A"
60,239,"Olav Gjærevoll","Gjærevoll","Olav",1916,1994,0,"OlavGjærevoll1916",1963-02-04,1963-08-27,204,47,"Sosialdepartementet",7000,"Ministry of Health and Social Affairs","Sosialminister",0,0,"Arbeiderpartiet",1963-02-04,1963-08-27,1,3,204,0,1531,1,0,0,0,"Gerhardsen II","C","Gerhardsen II C"
60,239,"Olav Gjærevoll","Gjærevoll","Olav",1916,1994,0,"OlavGjærevoll1916",1963-09-25,1965-10-11,747,47,"Sosialdepartementet",7000,"Ministry of Health and Social Affairs","Sosialminister",0,0,"Arbeiderpartiet",1963-09-25,1965-10-11,2,3,747,204,1531,1,1,0,0,"Gerhardsen III","A","Gerhardsen III"
60,239,"Olav Gjærevoll","Gjærevoll","Olav",1916,1994,0,"OlavGjærevoll1916",1971-03-17,1972-05-07,417,55,"Lønns- og prisdepartementet",14000,"Ministry of Public Governance","Lønns- og prisminister",0,0,"Arbeiderpartiet",1971-03-17,1972-10-17,3,3,580,951,1531,1,1,0,0,"Bratteli I",NA,"Bratteli I"
60,239,"Olav Gjærevoll","Gjærevoll","Olav",1916,1994,0,"OlavGjærevoll1916",1972-05-08,1972-10-17,162,56,"Miljøverndepartementet",20000,"Ministry of Climate and Environment","Miljøvernminister",0,0,"Arbeiderpartiet",1971-03-17,1972-10-17,3,3,580,951,1531,1,1,0,0,"Bratteli I",NA,"Bratteli I"
61,244,"Leif Granli","Granli","Leif",1909,1988,0,"LeifGranli1909",1963-09-25,1965-10-11,747,54,"Landbruksdepartementet",19000,"Ministry of Agriculture and Food","Landbruksminister",0,0,"Arbeiderpartiet",1963-09-25,1965-10-11,1,1,747,0,747,1,0,0,0,"Gerhardsen III","A","Gerhardsen III"
62,252,"Brit Kirsti Kolle Grøndahl","Grøndahl","Brit",1943,NA,1,"BritGrøndahl1943",1986-05-09,1988-06-12,765,43,"Kirke- og undervisningsdepartementet",21000,"Ministry of Education","Kirke- og undervisningsminister",0,0,"Arbeiderpartiet",1986-05-09,1989-10-15,1,1,1255,0,1255,1,0,0,0,"Brundtland II","A","Brundtland II"
62,252,"Brit Kirsti Kolle Grøndahl","Grøndahl","Brit",1943,NA,1,"BritGrøndahl1943",1988-06-13,1989-10-15,489,45,"Departementet for utviklingshjelp",27000,"Ministry of Foreign Affairs","Bistandsminister",0,0,"Arbeiderpartiet",1986-05-09,1989-10-15,1,1,1255,0,1255,1,0,0,0,"Brundtland II","A","Brundtland II"
63,255,"Karen Grønn-Hagen","Grønn-Hagen","Karen",1903,1982,1,"KarenGrønn-Hagen1903",1963-08-28,1963-09-24,27,60,"Departementet for familie- og forbrukersaker",15000,"Ministry of Public Governance","Familie- og forbrukerminister",0,0,"Senterpartiet",1963-08-28,1963-09-24,1,1,27,0,27,1,0,0,0,"Lyng",NA,"Lyng"
64,260,"Oscar Christian Gundersen","Gundersen","Oscar",1908,1991,0,"OscarGundersen1908",1945-11-05,1951-11-18,2204,37,"Justis- og politidepartementet",13000,"Ministry of Justice","Justisminister",0,0,"Arbeiderpartiet",1945-11-05,1952-12-19,1,3,2601,0,3939,0,0,0,0,"Gerhardsen I","B","Gerhardsen I B"
64,260,"Oscar Christian Gundersen","Gundersen","Oscar",1908,1991,0,"OscarGundersen1908",1945-11-05,1951-11-18,2204,37,"Justis- og politidepartementet",13000,"Ministry of Justice","Justisminister",0,0,"Arbeiderpartiet",1945-11-05,1952-12-19,1,3,2601,0,3939,0,0,0,0,"Gerhardsen I","C","Gerhardsen I C"
64,260,"Oscar Christian Gundersen","Gundersen","Oscar",1908,1991,0,"OscarGundersen1908",1951-11-19,1952-12-19,396,43,"Justis- og politidepartementet",13000,"Ministry of Justice","Justisminister",0,0,"Arbeiderpartiet",1945-11-05,1952-12-19,1,3,2601,0,3939,0,0,0,0,"Torp","A","Torp A"
64,260,"Oscar Christian Gundersen","Gundersen","Oscar",1908,1991,0,"OscarGundersen1908",1962-01-13,1963-08-27,591,54,"Handels- og skipsfartsdepartementet",3000,"Ministry of Trade and Industry","Handels- og skipsfartsminister",0,0,"Arbeiderpartiet",1962-01-13,1963-08-27,2,3,591,2601,3939,0,1,0,0,"Gerhardsen II","C","Gerhardsen II C"
64,260,"Oscar Christian Gundersen","Gundersen","Oscar",1908,1991,0,"OscarGundersen1908",1963-09-25,1965-10-11,747,55,"Justis- og politidepartementet",13000,"Ministry of Justice","Justisminister",0,0,"Arbeiderpartiet",1963-09-25,1965-10-11,3,3,747,3192,3939,0,1,0,0,"Gerhardsen III","A","Gerhardsen III"
65,276,"Einfrid Daghild Halvorsen","Halvorsen","Einfrid",1937,NA,1,"EinfridHalvorsen1937",1988-06-13,1989-04-27,318,51,"Forbruker- og administrasjonsdepartementet",16000,"Ministry of Public Governance","Forbruker- og administrasjonsminister",0,0,"Arbeiderpartiet",1988-06-13,1989-04-27,1,1,318,0,318,1,0,0,1,"Brundtland II","A","Brundtland II"
66,278,"Tor Johan Halvorsen","Halvorsen","Tor",1930,1987,0,"TorHalvorsen1930",1973-10-16,1974-09-05,324,43,"Miljøverndepartementet",20000,"Ministry of Climate and Environment","Miljøvernminister",0,0,"Arbeiderpartiet",1973-10-16,1976-01-14,1,1,820,0,820,1,0,0,0,"Bratteli II",NA,"Bratteli II"
66,278,"Tor Johan Halvorsen","Halvorsen","Tor",1930,1987,0,"TorHalvorsen1930",1974-04-16,1974-09-05,142,44,"Sosialdepartementet",7000,"Ministry of Health and Social Affairs","Konstituert sosialminister",1,0,"Arbeiderpartiet",1973-10-16,1976-01-14,1,1,820,0,820,1,0,0,0,"Bratteli II",NA,"Bratteli II"
66,278,"Tor Johan Halvorsen","Halvorsen","Tor",1930,1987,0,"TorHalvorsen1930",1974-09-06,1976-01-14,495,44,"Sosialdepartementet",7000,"Ministry of Health and Social Affairs","Sosialminister",0,0,"Arbeiderpartiet",1973-10-16,1976-01-14,1,1,820,0,820,1,0,0,0,"Bratteli II",NA,"Bratteli II"
67,283,"Nils Kristoffer Handal","Handal","Nils",1906,1992,0,"NilsHandal1906",1953-11-02,1955-01-21,445,47,"Industridepartementet",2000,"Ministry of Trade and Industry","Industriminister",0,0,"Arbeiderpartiet",1953-11-02,1961-02-17,1,1,2664,0,2664,0,0,0,0,"Torp","A","Torp A"
67,283,"Nils Kristoffer Handal","Handal","Nils",1906,1992,0,"NilsHandal1906",1953-11-02,1955-01-21,445,47,"Industridepartementet",2000,"Ministry of Trade and Industry","Industriminister",0,0,"Arbeiderpartiet",1953-11-02,1961-02-17,1,1,2664,0,2664,0,0,0,0,"Torp","B","Torp B"
67,283,"Nils Kristoffer Handal","Handal","Nils",1906,1992,0,"NilsHandal1906",1955-01-22,1961-02-17,2218,49,"Forsvarsdepartementet",5000,"Ministry of Defense","Forsvarsminister",0,0,"Arbeiderpartiet",1953-11-02,1961-02-17,1,1,2664,0,2664,0,0,0,0,"Gerhardsen II","A","Gerhardsen II A"
67,283,"Nils Kristoffer Handal","Handal","Nils",1906,1992,0,"NilsHandal1906",1955-01-22,1961-02-17,2218,49,"Forsvarsdepartementet",5000,"Ministry of Defense","Forsvarsminister",0,0,"Arbeiderpartiet",1953-11-02,1961-02-17,1,1,2664,0,2664,0,0,0,0,"Gerhardsen II","B","Gerhardsen II B"
68,294,"Kirsten Hansteen","Hansteen","Kirsten",1903,1974,1,"KirstenHansteen1903",1945-06-25,1945-11-04,132,42,"Sosialdepartementet",7000,"Ministry of Health and Social Affairs","Konsultativ statsråd",0,0,"Norges Kommunistiske Parti",1945-06-25,1945-11-04,1,1,132,0,132,0,0,0,0,"Gerhardsen I","A","Gerhardsen I A"
69,296,"Gudmund Harlem","Harlem","Gudmund",1917,1988,0,"GudmundHarlem1917",1955-08-01,1961-02-17,2027,38,"Sosialdepartementet",7000,"Ministry of Health and Social Affairs","Sosialminister",0,0,"Arbeiderpartiet",1955-08-01,1963-08-27,1,2,2948,0,3695,0,0,0,0,"Gerhardsen II","A","Gerhardsen II A"
69,296,"Gudmund Harlem","Harlem","Gudmund",1917,1988,0,"GudmundHarlem1917",1955-08-01,1961-02-17,2027,38,"Sosialdepartementet",7000,"Ministry of Health and Social Affairs","Sosialminister",0,0,"Arbeiderpartiet",1955-08-01,1963-08-27,1,2,2948,0,3695,0,0,0,0,"Gerhardsen II","B","Gerhardsen II B"
69,296,"Gudmund Harlem","Harlem","Gudmund",1917,1988,0,"GudmundHarlem1917",1961-02-18,1963-08-27,920,44,"Forsvarsdepartementet",5000,"Ministry of Defense","Forsvarsminister",0,0,"Arbeiderpartiet",1955-08-01,1963-08-27,1,2,2948,0,3695,0,0,0,0,"Gerhardsen II","B","Gerhardsen II B"
69,296,"Gudmund Harlem","Harlem","Gudmund",1917,1988,0,"GudmundHarlem1917",1961-02-18,1963-08-27,920,44,"Forsvarsdepartementet",5000,"Ministry of Defense","Forsvarsminister",0,0,"Arbeiderpartiet",1955-08-01,1963-08-27,1,2,2948,0,3695,0,0,0,0,"Gerhardsen II","C","Gerhardsen II C"
69,296,"Gudmund Harlem","Harlem","Gudmund",1917,1988,0,"GudmundHarlem1917",1963-09-25,1965-10-11,747,46,"Forsvarsdepartementet",5000,"Ministry of Defense","Forsvarsminister",0,0,"Arbeiderpartiet",1963-09-25,1965-10-11,2,2,747,2948,3695,0,1,0,0,"Gerhardsen III","A","Gerhardsen III"
70,299,"Jens Christian Hauge","Hauge","Jens",1915,2006,0,"JensHauge1915",1945-11-05,1951-11-18,2204,30,"Forsvarsdepartementet",5000,"Ministry of Defense","Forsvarsminister",0,0,"Arbeiderpartiet",1945-11-05,1952-01-04,1,2,2251,0,2533,0,0,0,1,"Gerhardsen I","B","Gerhardsen I B"
70,299,"Jens Christian Hauge","Hauge","Jens",1915,2006,0,"JensHauge1915",1945-11-05,1951-11-18,2204,30,"Forsvarsdepartementet",5000,"Ministry of Defense","Forsvarsminister",0,0,"Arbeiderpartiet",1945-11-05,1952-01-04,1,2,2251,0,2533,0,0,0,1,"Gerhardsen I","C","Gerhardsen I C"
70,299,"Jens Christian Hauge","Hauge","Jens",1915,2006,0,"JensHauge1915",1951-11-19,1952-01-04,46,36,"Forsvarsdepartementet",5000,"Ministry of Defense","Forsvarsminister",0,0,"Arbeiderpartiet",1945-11-05,1952-01-04,1,2,2251,0,2533,0,0,0,1,"Torp","A","Torp A"
70,299,"Jens Christian Hauge","Hauge","Jens",1915,2006,0,"JensHauge1915",1955-01-22,1955-10-31,282,40,"Justis- og politidepartementet",13000,"Ministry of Justice","Justisminister",0,0,"Arbeiderpartiet",1955-01-22,1955-10-31,2,2,282,2251,2533,0,1,0,1,"Gerhardsen II","A","Gerhardsen II A"
71,300,"Trygve Haugeland","Haugeland","Trygve",1914,1998,0,"TrygveHaugeland1914",1972-10-18,1973-03-04,137,58,"Miljøverndepartementet",20000,"Ministry of Climate and Environment","Miljøvernminister",0,0,"Senterpartiet",1972-10-18,1973-03-04,1,1,137,0,137,1,0,0,0,"Korvald","A","Korvald"
72,303,"Jens Haugland","Haugland","Jens",1910,1991,0,"JensHaugland1910",1955-11-01,1963-08-27,2856,45,"Justis- og politidepartementet",13000,"Ministry of Justice","Justisminister",0,0,"Arbeiderpartiet",1955-11-01,1963-08-27,1,2,2856,0,3603,1,0,0,0,"Gerhardsen II","A","Gerhardsen II A"
72,303,"Jens Haugland","Haugland","Jens",1910,1991,0,"JensHaugland1910",1955-11-01,1963-08-27,2856,45,"Justis- og politidepartementet",13000,"Ministry of Justice","Justisminister",0,0,"Arbeiderpartiet",1955-11-01,1963-08-27,1,2,2856,0,3603,1,0,0,0,"Gerhardsen II","B","Gerhardsen II B"
72,303,"Jens Haugland","Haugland","Jens",1910,1991,0,"JensHaugland1910",1955-11-01,1963-08-27,2856,45,"Justis- og politidepartementet",13000,"Ministry of Justice","Justisminister",0,0,"Arbeiderpartiet",1955-11-01,1963-08-27,1,2,2856,0,3603,1,0,0,0,"Gerhardsen II","C","Gerhardsen II C"
72,303,"Jens Haugland","Haugland","Jens",1910,1991,0,"JensHaugland1910",1963-09-25,1965-10-11,747,53,"Kommunal- og arbeidsdepartementet",9000,"Ministry of Local Government","Kommunal- og arbeidsminister",0,0,"Arbeiderpartiet",1963-09-25,1965-10-11,2,2,747,2856,3603,1,1,0,0,"Gerhardsen III","A","Gerhardsen III"
73,306,"Asbjørn Haugstvedt","Haugstvedt","Asbjørn",1926,2008,0,"AsbjørnHaugstvedt1926",1983-06-08,1986-05-08,1065,57,"Handels- og skipsfartsdepartementet",3000,"Ministry of Trade and Industry","Handels- og skipsfartsminister",0,0,"Kristelig Folkeparti",1983-06-08,1986-05-08,1,1,1065,0,1065,1,0,0,0,"Willoch","B","Willoch B"
73,306,"Asbjørn Haugstvedt","Haugstvedt","Asbjørn",1926,2008,0,"AsbjørnHaugstvedt1926",1983-06-08,1986-05-08,1065,57,"Handels- og skipsfartsdepartementet",3000,"Ministry of Trade and Industry","Handels- og skipsfartsminister",0,0,"Kristelig Folkeparti",1983-06-08,1986-05-08,1,1,1065,0,1065,1,0,0,0,"Willoch","C","Willoch C"
74,307,"Olav Haukvik","Haukvik","Olav",1928,1992,0,"OlavHaukvik1928",1978-01-11,1979-10-07,634,50,"Industridepartementet",2000,"Ministry of Trade and Industry","Industriminister",0,0,"Arbeiderpartiet",1978-01-11,1979-10-07,1,1,634,0,634,0,0,0,0,"Nordli","B","Nordli B"
75,317,"Gunnar Fredrik Hellesen","Hellesen","Gunnar",1913,2005,0,"GunnarHellesen1913",1970-06-05,1971-03-16,284,57,"Forsvarsdepartementet",5000,"Ministry of Defense","Forsvarsminister",0,0,"Høyre",1970-06-05,1971-03-16,1,1,284,0,284,1,0,0,0,"Borten","B","Borten B"
76,320,"Leif Arne Heløe","Heløe","Leif",1932,NA,0,"LeifHeløe1932",1981-10-14,1983-06-07,601,49,"Sosialdepartementet",7000,"Ministry of Health and Social Affairs","Sosialminister",0,0,"Høyre",1981-10-14,1986-05-08,1,1,1667,0,1667,1,0,0,0,"Willoch","A","Willoch A"
76,320,"Leif Arne Heløe","Heløe","Leif",1932,NA,0,"LeifHeløe1932",1983-06-08,1986-05-08,1065,51,"Sosialdepartementet",7000,"Ministry of Health and Social Affairs","Sosialminister",0,0,"Høyre",1981-10-14,1986-05-08,1,1,1667,0,1667,1,0,0,0,"Willoch","B","Willoch B"
76,320,"Leif Arne Heløe","Heløe","Leif",1932,NA,0,"LeifHeløe1932",1983-06-08,1986-05-08,1065,51,"Sosialdepartementet",7000,"Ministry of Health and Social Affairs","Sosialminister",0,0,"Høyre",1981-10-14,1986-05-08,1,1,1667,0,1667,1,0,0,0,"Willoch","C","Willoch C"
77,327,"Erik Himle","Himle","Erik",1924,2008,0,"ErikHimle1924",1963-09-25,1964-01-19,116,39,"Handels- og skipsfartsdepartementet",3000,"Ministry of Trade and Industry","Handels- og skipsfartsminister",0,0,"Arbeiderpartiet",1963-09-25,1965-10-11,1,1,747,0,747,0,0,0,1,"Gerhardsen III","A","Gerhardsen III"
77,327,"Erik Himle","Himle","Erik",1924,2008,0,"ErikHimle1924",1964-01-20,1965-10-11,630,40,"Samferdselsdepartementet",8000,"Ministry of Transport and Infrastructure","Samferdselsminister",0,0,"Arbeiderpartiet",1963-09-25,1965-10-11,1,1,747,0,747,0,0,0,1,"Gerhardsen III","A","Gerhardsen III"
78,332,"Knut Hoem","Hoem","Knut",1924,1987,0,"KnutHoem1924",1971-03-17,1972-01-23,312,47,"Fiskeridepartementet",6000,"Ministry of Fisheries","Fiskeriminister",0,0,"Arbeiderpartiet",1971-03-17,1972-01-23,1,1,312,0,312,0,0,0,0,"Bratteli I",NA,"Bratteli I"
79,337,"Kjell Holler","Holler","Kjell",1925,2000,0,"KjellHoller1925",1959-04-09,1963-07-03,1546,34,"Industridepartementet",2000,"Ministry of Trade and Industry","Industriminister",0,0,"Arbeiderpartiet",1959-04-09,1963-07-03,1,1,1546,0,1546,0,0,0,0,"Gerhardsen II","B","Gerhardsen II B"
79,337,"Kjell Holler","Holler","Kjell",1925,2000,0,"KjellHoller1925",1959-04-09,1963-07-03,1546,34,"Industridepartementet",2000,"Ministry of Trade and Industry","Industriminister",0,0,"Arbeiderpartiet",1959-04-09,1963-07-03,1,1,1546,0,1546,0,0,0,0,"Gerhardsen II","C","Gerhardsen II C"
80,342,"Peder Ragnar Holt","Holt","Peder",1899,1963,0,"PederHolt1899",1945-11-05,1948-06-29,967,46,"Forsynings- og gjenreisningsdepartementet",10000,"Temporary ministries related to world wars","Konsultativ statsråd",0,0,"Arbeiderpartiet",1945-11-05,1948-06-29,1,2,967,0,2126,0,0,0,0,"Gerhardsen I","B","Gerhardsen I B"
80,342,"Peder Ragnar Holt","Holt","Peder",1899,1963,0,"PederHolt1899",1951-11-19,1955-01-21,1159,52,"Fiskeridepartementet",6000,"Ministry of Fisheries","Fiskeriminister",0,0,"Arbeiderpartiet",1951-11-19,1955-01-21,2,2,1159,967,2126,0,1,0,0,"Torp","A","Torp A"
80,342,"Peder Ragnar Holt","Holt","Peder",1899,1963,0,"PederHolt1899",1951-11-19,1955-01-21,1159,52,"Fiskeridepartementet",6000,"Ministry of Fisheries","Fiskeriminister",0,0,"Arbeiderpartiet",1951-11-19,1955-01-21,2,2,1159,967,2126,0,1,0,0,"Torp","B","Torp B"
81,355,"Vidkunn Hveding","Hveding","Vidkunn",1921,2001,0,"VidkunnHveding1921",1981-10-14,1983-06-07,601,60,"Olje- og energidepartementet",11000,"Ministry of Oil and Energy","Olje- og energiminister",0,0,"Høyre",1981-10-14,1983-06-07,1,1,601,0,601,0,0,0,0,"Willoch","A","Willoch A"
82,358,"Odd Højdahl","Højdahl","Odd",1921,1994,0,"OddHøjdahl1921",1971-03-17,1972-10-17,580,50,"Sosialdepartementet",7000,"Ministry of Health and Social Affairs","Sosialminister",0,0,"Arbeiderpartiet",1971-03-17,1972-10-17,1,1,580,0,580,1,0,0,0,"Bratteli I",NA,"Bratteli I"
83,360,"Nils Hønsvald","Hønsvald","Nils",1899,1971,0,"NilsHønsvald1899",1948-01-06,1950-06-29,905,49,"Forsynings- og gjenreisningsdepartementet",10000,"Temporary ministries related to world wars","Forsynings- og gjenreisningsminister",0,0,"Arbeiderpartiet",1948-01-06,1950-09-13,1,1,981,0,981,1,0,0,0,"Gerhardsen I","B","Gerhardsen I B"
83,360,"Nils Hønsvald","Hønsvald","Nils",1899,1971,0,"NilsHønsvald1899",1948-01-06,1950-06-29,905,49,"Forsynings- og gjenreisningsdepartementet",10000,"Temporary ministries related to world wars","Forsynings- og gjenreisningsminister",0,0,"Arbeiderpartiet",1948-01-06,1950-09-13,1,1,981,0,981,1,0,0,0,"Gerhardsen I","C","Gerhardsen I C"
83,360,"Nils Hønsvald","Hønsvald","Nils",1899,1971,0,"NilsHønsvald1899",1950-06-30,1950-09-13,75,51,"Statsråd uten portefølje",99999,"Minister Without Portfolio","Statsråd",0,0,"Arbeiderpartiet",1948-01-06,1950-09-13,1,1,981,0,981,1,0,0,0,"Gerhardsen I","C","Gerhardsen I C"
84,362,"Gerda Ragnhild Queseth Haarstad","Haarstad","Gerda",1939,2017,1,"GerdaHaarstad1939",1997-10-17,1999-03-15,514,58,"Kommunal- og arbeidsdepartementet",9000,"Ministry of Local Government","Kommunalminister",0,0,"Senterpartiet",1997-10-17,1999-03-15,1,1,514,0,514,1,0,0,0,"Bondevik I",NA,"Bondevik I"
85,372,"Finn T. Isaksen","Isaksen","Finn",1924,1987,0,"FinnIsaksen1924",1983-06-08,1985-10-03,848,59,"Landbruksdepartementet",19000,"Ministry of Agriculture and Food","Landbruksminister",0,0,"Senterpartiet",1983-06-08,1985-10-03,1,1,848,0,848,1,0,0,0,"Willoch","B","Willoch B"
85,372,"Finn T. Isaksen","Isaksen","Finn",1924,1987,0,"FinnIsaksen1924",1983-06-08,1985-10-03,848,59,"Landbruksdepartementet",19000,"Ministry of Agriculture and Food","Landbruksminister",0,0,"Senterpartiet",1983-06-08,1985-10-03,1,1,848,0,848,1,0,0,0,"Willoch","C","Willoch C"
86,382,"Johan Jakob Jakobsen","Jakobsen","Johan",1937,2018,0,"JohanJakobsen1937",1983-06-08,1986-05-08,1065,46,"Samferdselsdepartementet",8000,"Ministry of Transport and Infrastructure","Samferdselsminister",0,0,"Senterpartiet",1983-06-08,1986-05-08,1,2,1065,0,1447,1,0,1,0,"Willoch","B","Willoch B"
86,382,"Johan Jakob Jakobsen","Jakobsen","Johan",1937,2018,0,"JohanJakobsen1937",1983-06-08,1986-05-08,1065,46,"Samferdselsdepartementet",8000,"Ministry of Transport and Infrastructure","Samferdselsminister",0,0,"Senterpartiet",1983-06-08,1986-05-08,1,2,1065,0,1447,1,0,1,0,"Willoch","C","Willoch C"
86,382,"Johan Jakob Jakobsen","Jakobsen","Johan",1937,2018,0,"JohanJakobsen1937",1989-10-16,1990-11-02,382,52,"Kommunal- og arbeidsdepartementet",9000,"Ministry of Local Government","Kommunalminister",0,0,"Senterpartiet",1989-10-16,1990-11-02,2,2,382,1065,1447,1,1,1,0,"Syse",NA,"Syse"
87,391,"Arvid Helmer Johanson","Johanson","Arvid",1929,2013,0,"ArvidJohanson1929",1980-10-03,1981-02-03,123,51,"Olje- og energidepartementet",11000,"Ministry of Oil and Energy","Olje- og energiminister",0,0,"Arbeiderpartiet",1980-10-03,1981-10-13,1,1,375,0,375,1,0,0,0,"Nordli","B","Nordli B"
87,391,"Arvid Helmer Johanson","Johanson","Arvid",1929,2013,0,"ArvidJohanson1929",1981-02-04,1981-10-13,251,52,"Olje- og energidepartementet",11000,"Ministry of Oil and Energy","Olje- og energiminister",0,0,"Arbeiderpartiet",1980-10-03,1981-10-13,1,1,375,0,375,1,0,0,0,"Brundtland I","A","Brundtland I"
88,395,"Sigbjørn Johnsen","Johnsen","Sigbjørn",1950,NA,0,"SigbjørnJohnsen1950",1990-11-03,1996-10-24,2182,40,"Finans- og tolldepartementet",1000,"Ministry of Finance","Finansminister",0,0,"Arbeiderpartiet",1990-11-03,1996-10-24,1,2,2182,0,3637,1,0,0,0,"Brundtland III","A","Brundtland III A"
88,395,"Sigbjørn Johnsen","Johnsen","Sigbjørn",1950,NA,0,"SigbjørnJohnsen1950",1990-11-03,1996-10-24,2182,40,"Finans- og tolldepartementet",1000,"Ministry of Finance","Finansminister",0,0,"Arbeiderpartiet",1990-11-03,1996-10-24,1,2,2182,0,3637,1,0,0,0,"Brundtland III","B","Brundtland III B"
88,395,"Sigbjørn Johnsen","Johnsen","Sigbjørn",1950,NA,0,"SigbjørnJohnsen1950",2009-10-21,2013-10-15,1455,59,"Finansdepartementet",1000,"Ministry of Finance","Finansminister",0,0,"Arbeiderpartiet",2009-10-21,2013-10-15,2,2,1455,2182,3637,1,1,0,0,"Stoltenberg II","B","Stoltenberg II B"
89,396,"Asbjørn Reidar Jordahl","Jordahl","Asbjørn",1932,NA,0,"AsbjørnJordahl1932",1978-01-11,1979-10-07,634,46,"Samferdselsdepartementet",8000,"Ministry of Transport and Infrastructure","Samferdselsminister",0,0,"Arbeiderpartiet",1978-01-11,1979-10-07,1,1,634,0,634,1,0,0,0,"Nordli","B","Nordli B"
90,419,"Johan Kleppe","Kleppe","Johan",1928,2022,0,"JohanKleppe1928",1972-10-18,1973-10-15,362,44,"Forsvarsdepartementet",5000,"Ministry of Defense","Forsvarsminister",0,0,"Venstre",1972-10-18,1973-10-15,1,1,362,0,362,1,0,0,1,"Korvald","A","Korvald"
91,420,"Per Andreas Hildhe Kleppe","Kleppe","Per",1923,2021,0,"PerKleppe1923",1971-09-24,1971-11-03,40,48,"Industridepartementet",2000,"Ministry of Trade and Industry","Konstituert statsråd",1,1,"Arbeiderpartiet",1971-03-17,1972-10-17,1,3,580,0,3413,1,0,0,1,"Bratteli I",NA,"Bratteli I"
91,420,"Per Andreas Hildhe Kleppe","Kleppe","Per",1923,2021,0,"PerKleppe1923",1971-03-17,1972-10-17,580,48,"Handels- og skipsfartsdepartementet",3000,"Ministry of Trade and Industry","Handels- og skipsfartsminister",0,0,"Arbeiderpartiet",1971-03-17,1972-10-17,1,3,580,0,3413,1,0,0,1,"Bratteli I",NA,"Bratteli I"
91,420,"Per Andreas Hildhe Kleppe","Kleppe","Per",1923,2021,0,"PerKleppe1923",1973-10-16,1976-01-14,820,50,"Finans- og tolldepartementet",1000,"Ministry of Finance","Finansminister",0,0,"Arbeiderpartiet",1973-10-16,1979-10-07,2,3,2182,580,3413,1,1,0,1,"Bratteli II",NA,"Bratteli II"
91,420,"Per Andreas Hildhe Kleppe","Kleppe","Per",1923,2021,0,"PerKleppe1923",1976-01-15,1979-10-07,1361,53,"Finans- og tolldepartementet",1000,"Ministry of Finance","Finansminister",0,0,"Arbeiderpartiet",1973-10-16,1979-10-07,2,3,2182,580,3413,1,1,0,1,"Nordli","A","Nordli A"
91,420,"Per Andreas Hildhe Kleppe","Kleppe","Per",1923,2021,0,"PerKleppe1923",1976-01-15,1979-10-07,1361,53,"Finans- og tolldepartementet",1000,"Ministry of Finance","Finansminister",0,0,"Arbeiderpartiet",1973-10-16,1979-10-07,2,3,2182,580,3413,1,1,0,1,"Nordli","B","Nordli B"
91,420,"Per Andreas Hildhe Kleppe","Kleppe","Per",1923,2021,0,"PerKleppe1923",1980-01-01,1981-02-03,399,57,"Finans- og tolldepartementet",1000,"Ministry of Finance","Planleggingsminister",0,0,"Arbeiderpartiet",1980-01-01,1981-10-13,3,3,651,2762,3413,1,1,0,1,"Nordli","B","Nordli B"
91,420,"Per Andreas Hildhe Kleppe","Kleppe","Per",1923,2021,0,"PerKleppe1923",1981-02-04,1981-10-13,251,58,"Finans- og tolldepartementet",1000,"Ministry of Finance","Planleggingsminister",0,0,"Arbeiderpartiet",1980-01-01,1981-10-13,3,3,651,2762,3413,1,1,0,1,"Brundtland I","A","Brundtland I"
92,425,"Grete Knudsen","Knudsen","Grete",1940,NA,1,"GreteKnudsen1940",1992-09-04,1994-01-23,506,52,"Sosialdepartementet",7000,"Ministry of Health and Social Affairs","Sosialminister",0,0,"Arbeiderpartiet",1992-09-04,1997-10-16,1,2,1868,0,2448,1,0,0,1,"Brundtland III","A","Brundtland III A"
92,425,"Grete Knudsen","Knudsen","Grete",1940,NA,1,"GreteKnudsen1940",1992-09-04,1994-01-23,506,52,"Sosialdepartementet",7000,"Ministry of Health and Social Affairs","Sosialminister",0,0,"Arbeiderpartiet",1992-09-04,1997-10-16,1,2,1868,0,2448,1,0,0,1,"Brundtland III","B","Brundtland III B"
92,425,"Grete Knudsen","Knudsen","Grete",1940,NA,1,"GreteKnudsen1940",1994-01-24,1996-10-24,1004,54,"Utenriksdepartementet",4000,"Ministry of Foreign Affairs","Handelsminister",0,0,"Arbeiderpartiet",1992-09-04,1997-10-16,1,2,1868,0,2448,1,0,0,1,"Brundtland III","B","Brundtland III B"
92,425,"Grete Knudsen","Knudsen","Grete",1940,NA,1,"GreteKnudsen1940",1996-10-25,1996-12-31,67,56,"Nærings- og energidepartementet",12000,"Ministry of Oil and Energy","Næringsminister",0,0,"Arbeiderpartiet",1992-09-04,1997-10-16,1,2,1868,0,2448,1,0,0,1,"Jagland","A","Jagland"
92,425,"Grete Knudsen","Knudsen","Grete",1940,NA,1,"GreteKnudsen1940",1997-01-01,1997-10-16,288,57,"Nærings- og handelsdepartementet",28000,"Ministry of Trade and Industry","Næring- og handelsminister",0,0,"Arbeiderpartiet",1992-09-04,1997-10-16,1,2,1868,0,2448,1,0,0,1,"Jagland","A","Jagland"
92,425,"Grete Knudsen","Knudsen","Grete",1940,NA,1,"GreteKnudsen1940",2000-03-17,2001-10-18,580,60,"Nærings- og handelsdepartementet",28000,"Ministry of Trade and Industry","Nærings- og handelsminister",0,0,"Arbeiderpartiet",2000-03-17,2001-10-18,2,2,580,1868,2448,1,1,0,1,"Stoltenberg I","A","Stoltenberg I"
93,426,"Kai Birger Knudsen","Knudsen","Kai",1903,1977,0,"KaiKnudsen1903",1952-10-18,1952-12-19,62,49,"Justis- og politidepartementet",13000,"Ministry of Justice","Konstituert statsråd",1,0,"Arbeiderpartiet",1952-10-18,1955-01-21,1,1,825,0,825,1,0,0,1,"Torp","A","Torp A"
93,426,"Kai Birger Knudsen","Knudsen","Kai",1903,1977,0,"KaiKnudsen1903",1952-12-20,1954-06-14,541,49,"Justis- og politidepartementet",13000,"Ministry of Justice","Justisminister",0,0,"Arbeiderpartiet",1952-10-18,1955-01-21,1,1,825,0,825,1,0,0,1,"Torp","A","Torp A"
93,426,"Kai Birger Knudsen","Knudsen","Kai",1903,1977,0,"KaiKnudsen1903",1952-12-20,1954-06-14,541,49,"Justis- og politidepartementet",13000,"Ministry of Justice","Justisminister",0,0,"Arbeiderpartiet",1952-10-18,1955-01-21,1,1,825,0,825,1,0,0,1,"Torp","B","Torp B"
93,426,"Kai Birger Knudsen","Knudsen","Kai",1903,1977,0,"KaiKnudsen1903",1954-06-15,1955-01-21,220,51,"Forsvarsdepartementet",5000,"Ministry of Defense","Forsvarsminister",0,0,"Arbeiderpartiet",1952-10-18,1955-01-21,1,1,825,0,825,1,0,0,1,"Torp","B","Torp B"
94,437,"Eva Lundegaard Kolstad","Kolstad","Eva",1918,1999,1,"EvaKolstad1918",1972-10-18,1973-10-15,362,54,"Forbruker- og administrasjonsdepartementet",16000,"Ministry of Public Governance","Forbruker- og administrasjonsminister",0,0,"Venstre",1972-10-18,1973-10-15,1,1,362,0,362,1,0,0,0,"Korvald","A","Korvald"
95,438,"Inger Koppernæs","Koppernæs","Inger",1928,1990,1,"IngerKoppernæs1928",1981-10-14,1983-06-07,601,53,"Samferdselsdepartementet",8000,"Ministry of Transport and Infrastructure","Samferdselsminister",0,0,"Høyre",1981-10-14,1983-06-07,1,1,601,0,601,1,0,0,0,"Willoch","A","Willoch A"
96,439,"Petter Mørch Koren","Koren","Petter",1910,2004,0,"PetterKoren1910",1963-08-28,1963-09-24,27,53,"Justis- og politidepartementet",13000,"Ministry of Justice","Justisminister",0,0,"Kristelig Folkeparti",1963-08-28,1963-09-24,1,2,27,0,389,0,0,0,0,"Lyng",NA,"Lyng"
96,439,"Petter Mørch Koren","Koren","Petter",1910,2004,0,"PetterKoren1910",1972-10-18,1973-10-15,362,62,"Justis- og politidepartementet",13000,"Ministry of Justice","Justisminister",0,0,"Kristelig Folkeparti",1972-10-18,1973-10-15,2,2,362,27,389,0,1,0,0,"Korvald","A","Korvald"
97,442,"Olaf Erling Kortner","Kortner","Olaf",1920,1998,0,"OlafKortner1920",1963-08-28,1963-09-24,27,43,"Kirke- og undervisningsdepartementet",21000,"Ministry of Education","Kirke- og undervisningsminister",0,0,"Venstre",1963-08-28,1963-09-24,1,1,27,0,27,0,0,0,0,"Lyng",NA,"Lyng"
98,443,"Lars Korvald","Korvald","Lars",1916,2006,0,"LarsKorvald1916",1972-10-18,1973-10-15,362,56,"Statsministerens kontor",100,"Prime Minister's Office","Statsminister",0,0,"Kristelig Folkeparti",1972-10-18,1973-10-15,1,1,362,0,362,1,0,0,0,"Korvald","A","Korvald"
99,445,"Finn Kristensen","Kristensen","Finn",1936,NA,0,"FinnKristensen1936",1981-02-04,1981-10-13,251,45,"Industridepartementet",2000,"Ministry of Trade and Industry","Industriminister",0,0,"Arbeiderpartiet",1981-02-04,1981-10-13,1,4,251,0,2572,1,0,0,0,"Brundtland I","A","Brundtland I"
99,445,"Finn Kristensen","Kristensen","Finn",1936,NA,0,"FinnKristensen1936",1986-05-09,1989-10-15,1255,50,"Industridepartementet",2000,"Ministry of Trade and Industry","Industriminister",0,0,"Arbeiderpartiet",1986-05-09,1989-10-15,2,4,1255,251,2572,1,1,0,0,"Brundtland II","A","Brundtland II"
99,445,"Finn Kristensen","Kristensen","Finn",1936,NA,0,"FinnKristensen1936",1990-11-03,1992-12-30,788,54,"Olje- og energidepartementet",11000,"Ministry of Oil and Energy","Olje- og energiminister",0,0,"Arbeiderpartiet",1990-11-03,1992-12-30,3,4,788,1506,2572,1,1,0,0,"Brundtland III","A","Brundtland III A"
99,445,"Finn Kristensen","Kristensen","Finn",1936,NA,0,"FinnKristensen1936",1992-09-04,1992-12-30,117,56,"Næringsdepartementet",2000,"Ministry of Trade and Industry","Næringsminister",0,0,"Arbeiderpartiet",1990-11-03,1992-12-30,3,4,788,1506,2572,1,1,0,0,"Brundtland III","A","Brundtland III A"
99,445,"Finn Kristensen","Kristensen","Finn",1936,NA,0,"FinnKristensen1936",1993-01-01,1993-10-06,278,57,"Nærings- og energidepartementet",12000,"Ministry of Oil and Energy","Nærings- og energiminister",0,0,"Arbeiderpartiet",1993-01-01,1993-10-06,4,4,278,2294,2572,1,1,0,0,"Brundtland III","A","Brundtland III A"
99,445,"Finn Kristensen","Kristensen","Finn",1936,NA,0,"FinnKristensen1936",1993-01-01,1993-10-06,278,57,"Nærings- og energidepartementet",12000,"Ministry of Oil and Energy","Nærings- og energiminister",0,0,"Arbeiderpartiet",1993-01-01,1993-10-06,4,4,278,2294,2572,1,1,0,0,"Brundtland III","B","Brundtland III B"
100,448,"Kåre Gulbrand Kristiansen","Kristiansen","Kåre",1920,2005,0,"KåreKristiansen1920",1983-06-08,1986-05-08,1065,63,"Olje- og energidepartementet",11000,"Ministry of Oil and Energy","Olje- og energiminister",0,0,"Kristelig Folkeparti",1983-06-08,1986-05-08,1,1,1065,0,1065,1,0,0,1,"Willoch","B","Willoch B"
100,448,"Kåre Gulbrand Kristiansen","Kristiansen","Kåre",1920,2005,0,"KåreKristiansen1920",1983-06-08,1986-05-08,1065,63,"Olje- og energidepartementet",11000,"Ministry of Oil and Energy","Olje- og energiminister",0,0,"Kristelig Folkeparti",1983-06-08,1986-05-08,1,1,1065,0,1065,1,0,0,1,"Willoch","C","Willoch C"
101,458,"Håkon Kyllingmark","Kyllingmark","Håkon",1915,2003,0,"HåkonKyllingmark1915",1963-08-28,1963-09-24,27,48,"Forsvarsdepartementet",5000,"Ministry of Defense","Forsvarsminister",0,0,"Høyre",1963-08-28,1963-09-24,1,2,27,0,2008,1,0,0,0,"Lyng",NA,"Lyng"
101,458,"Håkon Kyllingmark","Kyllingmark","Håkon",1915,2003,0,"HåkonKyllingmark1915",1965-10-12,1971-03-16,1981,50,"Samferdselsdepartementet",8000,"Ministry of Transport and Infrastructure","Samferdselsminister",0,0,"Høyre",1965-10-12,1971-03-16,2,2,1981,27,2008,1,1,0,0,"Borten","A","Borten A"
101,458,"Håkon Kyllingmark","Kyllingmark","Håkon",1915,2003,0,"HåkonKyllingmark1915",1965-10-12,1971-03-16,1981,50,"Samferdselsdepartementet",8000,"Ministry of Transport and Infrastructure","Samferdselsminister",0,0,"Høyre",1965-10-12,1971-03-16,2,2,1981,27,2008,1,1,0,0,"Borten","B","Borten B"
102,462,"Halvard Manthey Lange","Lange","Halvard",1902,1970,0,"HalvardLange1902",1946-02-02,1951-11-18,2115,44,"Utenriksdepartementet",4000,"Ministry of Foreign Affairs","Utenriksminister",0,0,"Arbeiderpartiet",1946-02-02,1963-08-27,1,2,6415,0,7162,0,0,0,0,"Gerhardsen I","B","Gerhardsen I B"
102,462,"Halvard Manthey Lange","Lange","Halvard",1902,1970,0,"HalvardLange1902",1946-02-02,1951-11-18,2115,44,"Utenriksdepartementet",4000,"Ministry of Foreign Affairs","Utenriksminister",0,0,"Arbeiderpartiet",1946-02-02,1963-08-27,1,2,6415,0,7162,0,0,0,0,"Gerhardsen I","C","Gerhardsen I C"
102,462,"Halvard Manthey Lange","Lange","Halvard",1902,1970,0,"HalvardLange1902",1951-11-19,1955-01-21,1159,49,"Utenriksdepartementet",4000,"Ministry of Foreign Affairs","Utenriksminister",0,0,"Arbeiderpartiet",1946-02-02,1963-08-27,1,2,6415,0,7162,1,0,0,0,"Torp","A","Torp A"
102,462,"Halvard Manthey Lange","Lange","Halvard",1902,1970,0,"HalvardLange1902",1951-11-19,1955-01-21,1159,49,"Utenriksdepartementet",4000,"Ministry of Foreign Affairs","Utenriksminister",0,0,"Arbeiderpartiet",1946-02-02,1963-08-27,1,2,6415,0,7162,1,0,0,0,"Torp","B","Torp B"
102,462,"Halvard Manthey Lange","Lange","Halvard",1902,1970,0,"HalvardLange1902",1955-01-22,1963-08-27,3139,53,"Utenriksdepartementet",4000,"Ministry of Foreign Affairs","Utenriksminister",0,0,"Arbeiderpartiet",1946-02-02,1963-08-27,1,2,6415,0,7162,1,0,0,0,"Gerhardsen II","A","Gerhardsen II A"
102,462,"Halvard Manthey Lange","Lange","Halvard",1902,1970,0,"HalvardLange1902",1955-01-22,1963-08-27,3139,53,"Utenriksdepartementet",4000,"Ministry of Foreign Affairs","Utenriksminister",0,0,"Arbeiderpartiet",1946-02-02,1963-08-27,1,2,6415,0,7162,1,0,0,0,"Gerhardsen II","B","Gerhardsen II B"
102,462,"Halvard Manthey Lange","Lange","Halvard",1902,1970,0,"HalvardLange1902",1955-01-22,1963-08-27,3139,53,"Utenriksdepartementet",4000,"Ministry of Foreign Affairs","Utenriksminister",0,0,"Arbeiderpartiet",1946-02-02,1963-08-27,1,2,6415,0,7162,1,0,0,0,"Gerhardsen II","C","Gerhardsen II C"
102,462,"Halvard Manthey Lange","Lange","Halvard",1902,1970,0,"HalvardLange1902",1963-09-25,1965-10-11,747,61,"Utenriksdepartementet",4000,"Ministry of Foreign Affairs","Utenriksminister",0,0,"Arbeiderpartiet",1963-09-25,1965-10-11,2,2,747,6415,7162,1,1,0,0,"Gerhardsen III","A","Gerhardsen III"
103,465,"Nils Langhelle","Langhelle","Nils",1907,1967,0,"NilsLanghelle1907",1945-11-05,1946-02-21,108,38,"Arbeidsdepartementet",126,"Ministry of Transport and Infrastructure","Arbeidsminister",0,0,"Arbeiderpartiet",1945-11-05,1955-01-21,1,1,3364,0,3364,0,0,0,0,"Gerhardsen I","B","Gerhardsen I B"
103,465,"Nils Langhelle","Langhelle","Nils",1907,1967,0,"NilsLanghelle1907",1946-02-22,1951-11-18,2095,39,"Samferdselsdepartementet",8000,"Ministry of Transport and Infrastructure","Samferdselsminister",0,0,"Arbeiderpartiet",1945-11-05,1955-01-21,1,1,3364,0,3364,1,0,0,0,"Gerhardsen I","B","Gerhardsen I B"
103,465,"Nils Langhelle","Langhelle","Nils",1907,1967,0,"NilsLanghelle1907",1946-02-22,1951-11-18,2095,39,"Samferdselsdepartementet",8000,"Ministry of Transport and Infrastructure","Samferdselsminister",0,0,"Arbeiderpartiet",1945-11-05,1955-01-21,1,1,3364,0,3364,1,0,0,0,"Gerhardsen I","C","Gerhardsen I C"
103,465,"Nils Langhelle","Langhelle","Nils",1907,1967,0,"NilsLanghelle1907",1951-11-19,1952-01-04,46,44,"Samferdselsdepartementet",8000,"Ministry of Transport and Infrastructure","Samferdselsminister",0,0,"Arbeiderpartiet",1945-11-05,1955-01-21,1,1,3364,0,3364,1,0,0,0,"Torp","A","Torp A"
103,465,"Nils Langhelle","Langhelle","Nils",1907,1967,0,"NilsLanghelle1907",1952-01-05,1954-06-14,891,45,"Forsvarsdepartementet",5000,"Ministry of Defense","Forsvarsminister",0,0,"Arbeiderpartiet",1945-11-05,1955-01-21,1,1,3364,0,3364,1,0,0,0,"Torp","A","Torp A"
103,465,"Nils Langhelle","Langhelle","Nils",1907,1967,0,"NilsLanghelle1907",1952-01-05,1954-06-14,891,45,"Forsvarsdepartementet",5000,"Ministry of Defense","Forsvarsminister",0,0,"Arbeiderpartiet",1945-11-05,1955-01-21,1,1,3364,0,3364,1,0,0,0,"Torp","B","Torp B"
103,465,"Nils Langhelle","Langhelle","Nils",1907,1967,0,"NilsLanghelle1907",1954-06-15,1955-01-21,220,47,"Handelsdepartementet",3000,"Ministry of Trade and Industry","Handelsminister",0,0,"Arbeiderpartiet",1945-11-05,1955-01-21,1,1,3364,0,3364,1,0,0,0,"Torp","B","Torp B"
104,470,"Lars Roar Langslet","Langslet","Lars",1936,2016,0,"LarsLangslet1936",1981-10-14,1981-12-31,78,45,"Kirke- og undervisningsdepartementet",21000,"Ministry of Education","Kirke- og undervisningsminister",0,0,"Høyre",1981-10-14,1986-05-08,1,1,1667,0,1667,1,0,0,0,"Willoch","A","Willoch A"
104,470,"Lars Roar Langslet","Langslet","Lars",1936,2016,0,"LarsLangslet1936",1982-01-01,1983-06-07,522,46,"Kultur- og vitenskapsdepartementet",22000,"Ministry of Culture","Kultur- og vitenskapsminister",0,0,"Høyre",1981-10-14,1986-05-08,1,1,1667,0,1667,1,0,0,0,"Willoch","A","Willoch A"
104,470,"Lars Roar Langslet","Langslet","Lars",1936,2016,0,"LarsLangslet1936",1983-06-08,1986-05-08,1065,47,"Kultur- og vitenskapsdepartementet",22000,"Ministry of Culture","Kultur- og vitenskapsminister",0,0,"Høyre",1981-10-14,1986-05-08,1,1,1667,0,1667,1,0,0,0,"Willoch","B","Willoch B"
104,470,"Lars Roar Langslet","Langslet","Lars",1936,2016,0,"LarsLangslet1936",1983-06-08,1986-05-08,1065,47,"Kultur- og vitenskapsdepartementet",22000,"Ministry of Culture","Kultur- og vitenskapsminister",0,0,"Høyre",1981-10-14,1986-05-08,1,1,1667,0,1667,1,0,0,0,"Willoch","C","Willoch C"
105,478,"Lars Leiro","Leiro","Lars",1914,2005,0,"LarsLeiro1914",1963-08-28,1963-09-24,27,49,"Samferdselsdepartementet",8000,"Ministry of Transport and Infrastructure","Samferdselsminister",0,0,"Senterpartiet",1963-08-28,1963-09-24,1,1,27,0,27,1,0,0,0,"Lyng",NA,"Lyng"
106,481,"Mons Lid","Lid","Mons",1896,1967,0,"MonsLid1896",1955-01-22,1956-12-27,705,59,"Finans- og tolldepartementet",1000,"Ministry of Finance","Finansminister",0,0,"Arbeiderpartiet",1955-01-22,1956-12-27,1,1,705,0,705,1,0,0,0,"Gerhardsen II","A","Gerhardsen II A"
107,483,"Trygve Halvdan Lie","Lie","Trygve",1896,1968,0,"TrygveLie1896",1935-03-20,1939-06-30,1563,39,"Justis- og politidepartementet",13000,"Ministry of Justice","Justisminister",0,0,"Arbeiderpartiet",1935-03-20,1946-02-01,1,3,3971,0,4772,0,0,0,0,"Nygaardsvold","A","Nygaardsvold A"
107,483,"Trygve Halvdan Lie","Lie","Trygve",1896,1968,0,"TrygveLie1896",1935-03-20,1939-06-30,1563,39,"Justis- og politidepartementet",13000,"Ministry of Justice","Justisminister",0,0,"Arbeiderpartiet",1935-03-20,1946-02-01,1,3,3971,0,4772,0,0,0,0,"Nygaardsvold","B","Nygaardsvold B"
107,483,"Trygve Halvdan Lie","Lie","Trygve",1896,1968,0,"TrygveLie1896",1939-07-01,1939-10-01,92,43,"Handelsdepartementet",2000,"Ministry of Trade and Industry","Handel-, sjøfart og industriminister",0,0,"Arbeiderpartiet",1935-03-20,1946-02-01,1,3,3971,0,4772,1,0,0,0,"Nygaardsvold","B","Nygaardsvold B"
107,483,"Trygve Halvdan Lie","Lie","Trygve",1896,1968,0,"TrygveLie1896",1939-10-02,1940-11-18,413,43,"Forsyningsdepartementet",10000,"Temporary ministries related to world wars","Forsynings- og gjenreisningsminister",0,0,"Arbeiderpartiet",1935-03-20,1946-02-01,1,3,3971,0,4772,1,0,0,0,"Nygaardsvold","B","Nygaardsvold B"
107,483,"Trygve Halvdan Lie","Lie","Trygve",1896,1968,0,"TrygveLie1896",1939-10-02,1940-11-18,413,43,"Forsyningsdepartementet",10000,"Temporary ministries related to world wars","Forsynings- og gjenreisningsminister",0,0,"Arbeiderpartiet",1935-03-20,1946-02-01,1,3,3971,0,4772,1,0,0,0,"Nygaardsvold","C","Nygaardsvold C"
107,483,"Trygve Halvdan Lie","Lie","Trygve",1896,1968,0,"TrygveLie1896",1940-11-19,1941-02-20,93,44,"Utenriksdepartementet",4000,"Ministry of Foreign Affairs","Fungerende utenriksminister",1,0,"Arbeiderpartiet",1935-03-20,1946-02-01,1,3,3971,0,4772,1,0,0,0,"Nygaardsvold","C","Nygaardsvold C"
107,483,"Trygve Halvdan Lie","Lie","Trygve",1896,1968,0,"TrygveLie1896",1942-04-16,1942-07-06,81,46,"Statsministerens kontor",100,"Prime Minister's Office","Fungerende statsminister",1,1,"Arbeiderpartiet",1935-03-20,1946-02-01,1,3,3971,0,4772,1,0,0,0,"Nygaardsvold","C","Nygaardsvold C"
107,483,"Trygve Halvdan Lie","Lie","Trygve",1896,1968,0,"TrygveLie1896",1941-02-21,1945-06-24,1584,45,"Utenriksdepartementet",4000,"Ministry of Foreign Affairs","Utenriksminister",0,0,"Arbeiderpartiet",1935-03-20,1946-02-01,1,3,3971,0,4772,1,0,0,0,"Nygaardsvold","C","Nygaardsvold C"
107,483,"Trygve Halvdan Lie","Lie","Trygve",1896,1968,0,"TrygveLie1896",1945-06-25,1945-11-04,132,49,"Utenriksdepartementet",4000,"Ministry of Foreign Affairs","Utenriksminister",0,0,"Arbeiderpartiet",1935-03-20,1946-02-01,1,3,3971,0,4772,1,0,0,0,"Gerhardsen I","A","Gerhardsen I A"
107,483,"Trygve Halvdan Lie","Lie","Trygve",1896,1968,0,"TrygveLie1896",1945-11-05,1946-02-01,88,49,"Utenriksdepartementet",4000,"Ministry of Foreign Affairs","Utenriksminister",0,0,"Arbeiderpartiet",1935-03-20,1946-02-01,1,3,3971,0,4772,1,0,0,0,"Gerhardsen I","B","Gerhardsen I B"
107,483,"Trygve Halvdan Lie","Lie","Trygve",1896,1968,0,"TrygveLie1896",1963-07-04,1963-08-27,54,67,"Industridepartementet",2000,"Ministry of Trade and Industry","Industriminister",0,0,"Arbeiderpartiet",1963-07-04,1963-08-27,2,3,54,3971,4772,1,1,0,0,"Gerhardsen II","C","Gerhardsen II C"
107,483,"Trygve Halvdan Lie","Lie","Trygve",1896,1968,0,"TrygveLie1896",1963-09-25,1964-01-19,116,67,"Industridepartementet",2000,"Ministry of Trade and Industry","Industriminister",0,0,"Arbeiderpartiet",1963-09-25,1965-10-11,3,3,747,4025,4772,1,1,0,0,"Gerhardsen III","A","Gerhardsen III"
107,483,"Trygve Halvdan Lie","Lie","Trygve",1896,1968,0,"TrygveLie1896",1964-01-20,1965-10-11,630,68,"Handels- og skipsfartsdepartementet",3000,"Ministry of Trade and Industry","Handels- og skipsfartsminister",0,0,"Arbeiderpartiet",1963-09-25,1965-10-11,3,3,747,4025,4772,1,1,0,0,"Gerhardsen III","A","Gerhardsen III"
108,484,"Finn Lied","Lied","Finn",1916,2014,0,"FinnLied1916",1971-03-17,1972-10-17,580,55,"Industridepartementet",2000,"Ministry of Trade and Industry","Industriminister",0,0,"Arbeiderpartiet",1971-03-17,1972-10-17,1,1,580,0,580,0,0,0,0,"Bratteli I",NA,"Bratteli I"
109,495,"Thor Listau","Listau","Thor",1938,2014,0,"ThorListau1938",1981-10-14,1983-06-07,601,43,"Fiskeridepartementet",6000,"Ministry of Fisheries","Fiskeriminister",0,0,"Høyre",1981-10-14,1985-10-03,1,1,1450,0,1450,1,0,0,0,"Willoch","A","Willoch A"
109,495,"Thor Listau","Listau","Thor",1938,2014,0,"ThorListau1938",1983-06-08,1985-10-03,848,45,"Fiskeridepartementet",6000,"Ministry of Fisheries","Fiskeriminister",0,0,"Høyre",1981-10-14,1985-10-03,1,1,1450,0,1450,1,0,0,0,"Willoch","B","Willoch B"
109,495,"Thor Listau","Listau","Thor",1938,2014,0,"ThorListau1938",1983-06-08,1985-10-03,848,45,"Fiskeridepartementet",6000,"Ministry of Fisheries","Fiskeriminister",0,0,"Høyre",1981-10-14,1985-10-03,1,1,1450,0,1450,1,0,0,0,"Willoch","C","Willoch C"
110,500,"Annemarie Lorentzen","Lorentzen","Annemarie",1921,2008,1,"AnnemarieLorentzen1921",1973-10-16,1976-01-14,820,52,"Samferdselsdepartementet",8000,"Ministry of Transport and Infrastructure","Samferdselsminister",0,0,"Arbeiderpartiet",1973-10-16,1978-01-10,1,1,1547,0,1547,1,0,0,0,"Bratteli II",NA,"Bratteli II"
110,500,"Annemarie Lorentzen","Lorentzen","Annemarie",1921,2008,1,"AnnemarieLorentzen1921",1976-01-15,1978-01-10,726,55,"Forbruker- og administrasjonsdepartementet",16000,"Ministry of Public Governance","Forbruker- og administrasjonsminister",0,0,"Arbeiderpartiet",1973-10-16,1978-01-10,1,1,1547,0,1547,1,0,0,0,"Nordli","A","Nordli A"
110,500,"Annemarie Lorentzen","Lorentzen","Annemarie",1921,2008,1,"AnnemarieLorentzen1921",1976-01-15,1978-01-10,726,55,"Forbruker- og administrasjonsdepartementet",16000,"Ministry of Public Governance","Forbruker- og administrasjonsminister",0,0,"Arbeiderpartiet",1973-10-16,1978-01-10,1,1,1547,0,1547,1,0,0,0,"Nordli","B","Nordli B"
111,504,"Sonja Aase Ludvigsen","Ludvigsen","Sonja",1928,1974,1,"SonjaLudvigsen1928",1973-10-16,1974-07-11,268,45,"Sosialdepartementet",7000,"Ministry of Health and Social Affairs","Sosialminister",0,0,"Arbeiderpartiet",1973-10-16,1974-07-11,1,1,268,0,268,1,0,0,0,"Bratteli II",NA,"Bratteli II"
112,511,"John Daniel Lyng","Lyng","John",1905,1978,0,"JohnLyng1905",1963-08-28,1963-09-24,27,58,"Statsministerens kontor",100,"Prime Minister's Office","Statsminister",0,0,"Høyre",1963-08-28,1963-09-24,1,2,27,0,1709,1,0,0,0,"Lyng",NA,"Lyng"
112,511,"John Daniel Lyng","Lyng","John",1905,1978,0,"JohnLyng1905",1965-10-12,1970-05-21,1682,60,"Utenriksdepartementet",4000,"Ministry of Foreign Affairs","Utenriksminister",0,0,"Høyre",1965-10-12,1970-05-21,2,2,1682,27,1709,1,1,0,0,"Borten","A","Borten A"
112,511,"John Daniel Lyng","Lyng","John",1905,1978,0,"JohnLyng1905",1965-10-12,1970-05-21,1682,60,"Utenriksdepartementet",4000,"Ministry of Foreign Affairs","Utenriksminister",0,0,"Høyre",1965-10-12,1970-05-21,2,2,1682,27,1709,1,1,0,0,"Borten","B","Borten B"
113,513,"Bjarne Lyngstad","Lyngstad","Bjarne",1901,1971,0,"BjarneLyngstad1901",1963-08-28,1963-09-24,27,62,"Kommunal- og arbeidsdepartementet",9000,"Ministry of Local Government","Kommunal- og arbeidsminister",0,0,"Venstre",1963-08-28,1963-09-24,1,2,27,0,1800,1,0,0,0,"Lyng",NA,"Lyng"
113,513,"Bjarne Lyngstad","Lyngstad","Bjarne",1901,1971,0,"BjarneLyngstad1901",1965-10-12,1970-08-20,1773,64,"Landbruksdepartementet",19000,"Ministry of Agriculture and Food","Landbruksminister",0,0,"Venstre",1965-10-12,1970-08-20,2,2,1773,27,1800,1,1,0,0,"Borten","A","Borten A"
113,513,"Bjarne Lyngstad","Lyngstad","Bjarne",1901,1971,0,"BjarneLyngstad1901",1965-10-12,1970-08-20,1773,64,"Landbruksdepartementet",19000,"Ministry of Agriculture and Food","Landbruksminister",0,0,"Venstre",1965-10-12,1970-08-20,2,2,1773,27,1800,1,1,0,0,"Borten","B","Borten B"
114,516,"Nils Kristian Lysø","Lysø","Nils",1905,1977,0,"NilsLysø1905",1955-01-22,1963-08-27,3139,50,"Fiskeridepartementet",6000,"Ministry of Fisheries","Fiskeriminister",0,0,"Arbeiderpartiet",1955-01-22,1963-08-27,1,1,3139,0,3139,1,0,0,0,"Gerhardsen II","A","Gerhardsen II A"
114,516,"Nils Kristian Lysø","Lysø","Nils",1905,1977,0,"NilsLysø1905",1955-01-22,1963-08-27,3139,50,"Fiskeridepartementet",6000,"Ministry of Fisheries","Fiskeriminister",0,0,"Arbeiderpartiet",1955-01-22,1963-08-27,1,1,3139,0,3139,1,0,0,0,"Gerhardsen II","B","Gerhardsen II B"
114,516,"Nils Kristian Lysø","Lysø","Nils",1905,1977,0,"NilsLysø1905",1955-01-22,1963-08-27,3139,50,"Fiskeridepartementet",6000,"Ministry of Fisheries","Fiskeriminister",0,0,"Arbeiderpartiet",1955-01-22,1963-08-27,1,1,3139,0,3139,1,0,0,0,"Gerhardsen II","C","Gerhardsen II C"
115,518,"Harald Johan Løbak","Løbak","Harald",1904,1985,0,"HaraldLøbak1904",1956-05-14,1960-04-22,1439,52,"Landbruksdepartementet",19000,"Ministry of Agriculture and Food","Landbruksminister",0,0,"Arbeiderpartiet",1956-05-14,1960-04-22,1,1,1439,0,1439,1,0,0,0,"Gerhardsen II","A","Gerhardsen II A"
115,518,"Harald Johan Løbak","Løbak","Harald",1904,1985,0,"HaraldLøbak1904",1956-05-14,1960-04-22,1439,52,"Landbruksdepartementet",19000,"Ministry of Agriculture and Food","Landbruksminister",0,0,"Arbeiderpartiet",1956-05-14,1960-04-22,1,1,1439,0,1439,1,0,0,0,"Gerhardsen II","B","Gerhardsen II B"
116,520,"Johan Christen Løken","Løken","Johan",1944,2017,0,"JohanLøken1944",1981-10-14,1983-06-07,601,37,"Landbruksdepartementet",19000,"Ministry of Agriculture and Food","Landbruksminister",0,0,"Høyre",1981-10-14,1983-06-07,1,1,601,0,601,1,0,0,0,"Willoch","A","Willoch A"
117,528,"Einar Magnussen","Magnussen","Einar",1931,2004,0,"EinarMagnussen1931",1974-09-27,1976-01-14,474,43,"Handels- og skipsfartsdepartementet",3000,"Ministry of Trade and Industry","Handels- og skipsfartsminister",0,0,"Arbeiderpartiet",1974-09-27,1976-01-14,1,1,474,0,474,0,0,0,1,"Bratteli II",NA,"Bratteli II"
118,536,"Olav Meisdalshagen","Meisdalshagen","Olav",1903,1959,0,"OlavMeisdalshagen1903",1947-12-06,1951-11-18,1443,44,"Finans- og tolldepartementet",1000,"Ministry of Finance","Finansminister",0,0,"Arbeiderpartiet",1947-12-06,1951-11-18,1,2,1443,0,1920,1,0,0,0,"Gerhardsen I","B","Gerhardsen I B"
118,536,"Olav Meisdalshagen","Meisdalshagen","Olav",1903,1959,0,"OlavMeisdalshagen1903",1947-12-06,1951-11-18,1443,44,"Finans- og tolldepartementet",1000,"Ministry of Finance","Finansminister",0,0,"Arbeiderpartiet",1947-12-06,1951-11-18,1,2,1443,0,1920,1,0,0,0,"Gerhardsen I","C","Gerhardsen I C"
118,536,"Olav Meisdalshagen","Meisdalshagen","Olav",1903,1959,0,"OlavMeisdalshagen1903",1955-01-22,1956-05-13,477,52,"Landbruksdepartementet",19000,"Ministry of Agriculture and Food","Landbruksminister",0,0,"Arbeiderpartiet",1955-01-22,1956-05-13,2,2,477,1443,1920,1,1,0,0,"Gerhardsen II","A","Gerhardsen II A"
119,537,"Kaare Meland","Meland","Kaare",1915,2002,0,"KaareMeland1915",1963-08-28,1963-09-24,27,48,"Industridepartementet",2000,"Ministry of Trade and Industry","Industriminister",0,0,"Høyre",1963-08-28,1963-09-24,1,1,27,0,27,1,0,0,0,"Lyng",NA,"Lyng"
120,549,"Lars Magnus Moen","Moen","Lars",1885,1964,0,"LarsMoen1885",1948-06-28,1951-11-18,1238,63,"Kirke- og undervisningsdepartementet",21000,"Ministry of Education","Kirke- og undervisningsminister",0,0,"Arbeiderpartiet",1948-06-28,1953-12-08,1,1,1989,0,1989,1,0,0,0,"Gerhardsen I","B","Gerhardsen I B"
120,549,"Lars Magnus Moen","Moen","Lars",1885,1964,0,"LarsMoen1885",1948-06-28,1951-11-18,1238,63,"Kirke- og undervisningsdepartementet",21000,"Ministry of Education","Kirke- og undervisningsminister",0,0,"Arbeiderpartiet",1948-06-28,1953-12-08,1,1,1989,0,1989,1,0,0,0,"Gerhardsen I","C","Gerhardsen I C"
120,549,"Lars Magnus Moen","Moen","Lars",1885,1964,0,"LarsMoen1885",1951-11-19,1953-12-08,750,66,"Kirke- og undervisningsdepartementet",21000,"Ministry of Education","Kirke- og undervisningsminister",0,0,"Arbeiderpartiet",1948-06-28,1953-12-08,1,1,1989,0,1989,1,0,0,0,"Torp","A","Torp A"
121,556,"Christian Fredrik Monsen","Monsen","Christian",1878,1954,0,"ChristianMonsen1878",1928-01-28,1928-02-14,17,50,"Forsvarsdepartementet",5000,"Ministry of Defense","Forsvarsminister",0,0,"Arbeiderpartiet",1928-01-28,1928-02-14,1,2,17,0,1754,1,0,0,0,"Hornsrud",NA,"Hornsrud"
121,556,"Christian Fredrik Monsen","Monsen","Christian",1878,1954,0,"ChristianMonsen1878",1935-03-20,1939-12-21,1737,57,"Forsvarsdepartementet",5000,"Ministry of Defense","Forsvarsminister",0,0,"Arbeiderpartiet",1935-03-20,1939-12-21,2,2,1737,17,1754,1,1,0,0,"Nygaardsvold","A","Nygaardsvold A"
121,556,"Christian Fredrik Monsen","Monsen","Christian",1878,1954,0,"ChristianMonsen1878",1935-03-20,1939-12-21,1737,57,"Forsvarsdepartementet",5000,"Ministry of Defense","Forsvarsminister",0,0,"Arbeiderpartiet",1935-03-20,1939-12-21,2,2,1737,17,1754,1,1,0,0,"Nygaardsvold","B","Nygaardsvold B"
122,560,"Einar Hole Moxnes","Moxnes","Einar",1921,2006,0,"EinarMoxnes1921",1968-03-22,1968-11-07,230,47,"Fiskeridepartementet",6000,"Ministry of Fisheries","Konstituert statsråd",1,0,"Senterpartiet",1968-03-22,1971-03-16,1,2,1089,0,1451,1,0,0,0,"Borten","A","Borten A"
122,560,"Einar Hole Moxnes","Moxnes","Einar",1921,2006,0,"EinarMoxnes1921",1968-11-08,1971-03-16,858,47,"Fiskeridepartementet",6000,"Ministry of Fisheries","Fiskeriminister",0,0,"Senterpartiet",1968-03-22,1971-03-16,1,2,1089,0,1451,1,0,0,0,"Borten","A","Borten A"
122,560,"Einar Hole Moxnes","Moxnes","Einar",1921,2006,0,"EinarMoxnes1921",1968-11-08,1971-03-16,858,47,"Fiskeridepartementet",6000,"Ministry of Fisheries","Fiskeriminister",0,0,"Senterpartiet",1968-03-22,1971-03-16,1,2,1089,0,1451,1,0,0,0,"Borten","B","Borten B"
122,560,"Einar Hole Moxnes","Moxnes","Einar",1921,2006,0,"EinarMoxnes1921",1972-10-18,1973-10-15,362,51,"Landbruksdepartementet",19000,"Ministry of Agriculture and Food","Landbruksminister",0,0,"Senterpartiet",1972-10-18,1973-10-15,2,2,362,1089,1451,1,1,0,0,"Korvald","A","Korvald"
123,563,"Oddmund Myklebust","Myklebust","Oddmund",1915,1972,0,"OddmundMyklebust1915",1965-10-12,1968-11-07,1122,50,"Fiskeridepartementet",6000,"Ministry of Fisheries","Fiskeriminister",0,0,"Senterpartiet",1965-10-12,1968-11-07,1,1,1122,0,1122,0,0,0,0,"Borten","A","Borten A"
124,565,"Kirsten Emilie Myklevoll","Myklevoll","Kirsten",1928,1996,1,"KirstenMyklevoll1928",1978-01-11,1979-10-07,634,50,"Forbruker- og administrasjonsdepartementet",16000,"Ministry of Public Governance","Forbruker- og administrasjonsminister",0,0,"Arbeiderpartiet",1978-01-11,1979-10-07,1,1,634,0,634,1,0,0,0,"Nordli","B","Nordli B"
125,569,"Ole Myrvoll","Myrvoll","Ole",1911,1988,0,"OleMyrvoll1911",1963-08-28,1963-09-24,27,52,"Lønns- og prisdepartementet",14000,"Ministry of Public Governance","Lønns- og prisminister",0,0,"Venstre",1963-08-28,1963-09-24,1,2,27,0,2008,0,0,0,0,"Lyng",NA,"Lyng"
125,569,"Ole Myrvoll","Myrvoll","Ole",1911,1988,0,"OleMyrvoll1911",1965-10-12,1971-03-16,1981,54,"Finans- og tolldepartementet",1000,"Ministry of Finance","Finansminister",0,0,"Venstre",1965-10-12,1971-03-16,2,2,1981,27,2008,1,1,0,0,"Borten","A","Borten A"
125,569,"Ole Myrvoll","Myrvoll","Ole",1911,1988,0,"OleMyrvoll1911",1965-10-12,1971-03-16,1981,54,"Finans- og tolldepartementet",1000,"Ministry of Finance","Finansminister",0,0,"Venstre",1965-10-12,1971-03-16,2,2,1981,27,2008,1,1,0,0,"Borten","B","Borten B"
126,576,"Sven Nielsen","Nielsen","Sven",1883,1958,0,"SvenNielsen1883",1940-04-22,1945-03-08,1781,57,"Statsråd uten portefølje",99999,"Minister Without Portfolio","Konsultativ statsråd",0,0,"Høyre",1940-04-22,1945-06-24,1,1,1889,0,1889,1,0,0,0,"Nygaardsvold","B","Nygaardsvold B"
126,576,"Sven Nielsen","Nielsen","Sven",1883,1958,0,"SvenNielsen1883",1940-04-22,1945-03-08,1781,57,"Statsråd uten portefølje",99999,"Minister Without Portfolio","Konsultativ statsråd",0,0,"Høyre",1940-04-22,1945-06-24,1,1,1889,0,1889,1,0,0,0,"Nygaardsvold","C","Nygaardsvold C"
126,576,"Sven Nielsen","Nielsen","Sven",1883,1958,0,"SvenNielsen1883",1945-05-14,1945-05-30,16,62,"Arbeidsdepartementet",126,"Ministry of Transport and Infrastructure","Fungerende statsråd",1,0,"Høyre",1940-04-22,1945-06-24,1,1,1889,0,1889,1,0,0,0,"Nygaardsvold","C","Nygaardsvold C"
126,576,"Sven Nielsen","Nielsen","Sven",1883,1958,0,"SvenNielsen1883",1945-05-14,1945-05-30,16,62,"Skipsfartsdepartementet",137,"Ministry of Trade and Industry","Fungerende statsråd",1,1,"Høyre",1940-04-22,1945-06-24,1,1,1889,0,1889,1,0,0,0,"Nygaardsvold","C","Nygaardsvold C"
126,576,"Sven Nielsen","Nielsen","Sven",1883,1958,0,"SvenNielsen1883",1945-03-09,1945-06-24,107,62,"Handelsdepartementet",2000,"Ministry of Trade and Industry","Handel-, sjøfart og industriminister",0,0,"Høyre",1940-04-22,1945-06-24,1,1,1889,0,1889,1,0,0,0,"Nygaardsvold","C","Nygaardsvold C"
127,579,"Arne Nilsen","Nilsen","Arne",1924,2020,0,"ArneNilsen1924",1978-01-11,1979-10-07,634,54,"Kommunal- og arbeidsdepartementet",9000,"Ministry of Local Government","Kommunal- og arbeidsminister",0,0,"Arbeiderpartiet",1978-01-11,1981-10-13,1,1,1371,0,1371,1,0,0,0,"Nordli","B","Nordli B"
127,579,"Arne Nilsen","Nilsen","Arne",1924,2020,0,"ArneNilsen1924",1979-10-08,1981-02-03,484,55,"Sosialdepartementet",7000,"Ministry of Health and Social Affairs","Sosialminister",0,0,"Arbeiderpartiet",1978-01-11,1981-10-13,1,1,1371,0,1371,1,0,0,0,"Nordli","B","Nordli B"
127,579,"Arne Nilsen","Nilsen","Arne",1924,2020,0,"ArneNilsen1924",1981-02-04,1981-10-13,251,57,"Sosialdepartementet",7000,"Ministry of Health and Social Affairs","Sosialminister",0,0,"Arbeiderpartiet",1978-01-11,1981-10-13,1,1,1371,0,1371,1,0,0,0,"Brundtland I","A","Brundtland I"
128,586,"Jon Ola Hauger Norbom","Norbom","Jon",1923,2020,0,"JonNorbom1923",1972-10-18,1973-10-15,362,49,"Finans- og tolldepartementet",1000,"Ministry of Finance","Finansminister",0,0,"Venstre",1972-10-18,1973-10-15,1,1,362,0,362,0,0,0,1,"Korvald","A","Korvald"
129,589,"Rasmus Mathias Nordbø","Nordbø","Rasmus",1915,1983,0,"RasmusNordbø1915",1951-11-19,1955-01-21,1159,36,"Landbruksdepartementet",19000,"Ministry of Agriculture and Food","Landbruksminister",0,0,"Arbeiderpartiet",1951-11-19,1955-01-21,1,1,1159,0,1159,0,0,0,1,"Torp","A","Torp A"
129,589,"Rasmus Mathias Nordbø","Nordbø","Rasmus",1915,1983,0,"RasmusNordbø1915",1951-11-19,1955-01-21,1159,36,"Landbruksdepartementet",19000,"Ministry of Agriculture and Food","Landbruksminister",0,0,"Arbeiderpartiet",1951-11-19,1955-01-21,1,1,1159,0,1159,0,0,0,1,"Torp","B","Torp B"
130,590,"Odvar Nordli","Nordli","Odvar",1927,2018,0,"OdvarNordli1927",1971-03-17,1972-10-17,580,44,"Kommunal- og arbeidsdepartementet",9000,"Ministry of Local Government","Kommunal- og arbeidsminister",0,0,"Arbeiderpartiet",1971-03-17,1972-10-17,1,2,580,0,2426,1,0,0,0,"Bratteli I",NA,"Bratteli I"
130,590,"Odvar Nordli","Nordli","Odvar",1927,2018,0,"OdvarNordli1927",1976-01-15,1981-02-03,1846,49,"Statsministerens kontor",100,"Prime Minister's Office","Statsminister",0,0,"Arbeiderpartiet",1976-01-15,1981-02-03,2,2,1846,580,2426,1,1,0,0,"Nordli","A","Nordli A"
130,590,"Odvar Nordli","Nordli","Odvar",1927,2018,0,"OdvarNordli1927",1976-01-15,1981-02-03,1846,49,"Statsministerens kontor",100,"Prime Minister's Office","Statsminister",0,0,"Arbeiderpartiet",1976-01-15,1981-02-03,2,2,1846,580,2426,1,1,0,0,"Nordli","B","Nordli B"
131,592,"Idar Olav Norstrand","Norstrand","Idar",1915,1986,0,"IdarNorstrand1915",1964-01-20,1965-10-11,630,49,"Lønns- og prisdepartementet",14000,"Ministry of Public Governance","Lønns- og prisminister",0,0,"Arbeiderpartiet",1964-01-20,1965-10-11,1,1,630,0,630,0,0,0,0,"Gerhardsen III","A","Gerhardsen III"
132,597,"Johan Nygaardsvold","Nygaardsvold","Johan",1879,1952,0,"JohanNygaardsvold1879",1928-01-28,1928-02-14,17,49,"Landbruksdepartementet",19000,"Ministry of Agriculture and Food","Landbruksminister",0,0,"Arbeiderpartiet",1928-01-28,1928-02-14,1,2,17,0,3766,1,0,0,0,"Hornsrud",NA,"Hornsrud"
132,597,"Johan Nygaardsvold","Nygaardsvold","Johan",1879,1952,0,"JohanNygaardsvold1879",1935-03-20,1939-10-01,1656,56,"Arbeidsdepartementet",126,"Ministry of Transport and Infrastructure","Arbeidsminister",0,0,"Arbeiderpartiet",1935-03-20,1945-06-24,2,2,3749,17,3766,1,1,0,0,"Nygaardsvold","A","Nygaardsvold A"
132,597,"Johan Nygaardsvold","Nygaardsvold","Johan",1879,1952,0,"JohanNygaardsvold1879",1935-03-20,1939-10-01,1656,56,"Arbeidsdepartementet",126,"Ministry of Transport and Infrastructure","Arbeidsminister",0,0,"Arbeiderpartiet",1935-03-20,1945-06-24,2,2,3749,17,3766,1,1,0,0,"Nygaardsvold","B","Nygaardsvold B"
132,597,"Johan Nygaardsvold","Nygaardsvold","Johan",1879,1952,0,"JohanNygaardsvold1879",1935-03-20,1939-10-01,1656,56,"Statsministerembetet",165,"Prime Minister's Office","",0,0,"Arbeiderpartiet",1935-03-20,1945-06-24,2,2,3749,17,3766,1,1,0,0,"Nygaardsvold","A","Nygaardsvold A"
132,597,"Johan Nygaardsvold","Nygaardsvold","Johan",1879,1952,0,"JohanNygaardsvold1879",1935-03-20,1939-10-01,1656,56,"Statsministerembetet",165,"Prime Minister's Office","",0,0,"Arbeiderpartiet",1935-03-20,1945-06-24,2,2,3749,17,3766,1,1,0,0,"Nygaardsvold","B","Nygaardsvold B"
132,597,"Johan Nygaardsvold","Nygaardsvold","Johan",1879,1952,0,"JohanNygaardsvold1879",1939-10-02,1945-06-24,2092,60,"Statsministerens kontor",100,"Prime Minister's Office","Statsminister",0,0,"Arbeiderpartiet",1935-03-20,1945-06-24,2,2,3749,17,3766,1,1,0,0,"Nygaardsvold","B","Nygaardsvold B"
132,597,"Johan Nygaardsvold","Nygaardsvold","Johan",1879,1952,0,"JohanNygaardsvold1879",1939-10-02,1945-06-24,2092,60,"Statsministerens kontor",100,"Prime Minister's Office","Statsminister",0,0,"Arbeiderpartiet",1935-03-20,1945-06-24,2,2,3749,17,3766,1,1,0,0,"Nygaardsvold","C","Nygaardsvold C"
133,605,"Sven Oftedal","Oftedal","Sven",1905,1948,0,"SvenOftedal1905",1945-06-25,1945-11-04,132,40,"Sosialdepartementet",7000,"Ministry of Health and Social Affairs","Sosialminister",0,0,"Arbeiderpartiet",1945-06-25,1948-06-22,1,1,1093,0,1093,0,0,0,0,"Gerhardsen I","A","Gerhardsen I A"
133,605,"Sven Oftedal","Oftedal","Sven",1905,1948,0,"SvenOftedal1905",1945-11-05,1948-06-22,960,40,"Sosialdepartementet",7000,"Ministry of Health and Social Affairs","Sosialminister",0,0,"Arbeiderpartiet",1945-06-25,1948-06-22,1,1,1093,0,1093,0,0,0,0,"Gerhardsen I","B","Gerhardsen I B"
134,607,"Olav Berntsen Oksvik","Oksvik","Olav",1887,1958,0,"OlavOksvik1887",1947-12-06,1948-03-05,90,60,"Landbruksdepartementet",19000,"Ministry of Agriculture and Food","Konstituert statsråd",1,0,"Arbeiderpartiet",1947-12-06,1948-03-05,1,1,90,0,90,1,0,0,0,"Gerhardsen I","B","Gerhardsen I B"
135,610,"Johan Ulrik Olsen","Olsen","Johan",1885,1963,0,"JohanOlsen1885",1948-12-20,1951-11-18,1063,63,"Kommunal- og arbeidsdepartementet",9000,"Ministry of Local Government","Kommunal- og arbeidsminister",0,0,"Arbeiderpartiet",1948-12-20,1958-08-31,1,1,3541,0,3541,1,0,0,0,"Gerhardsen I","B","Gerhardsen I B"
135,610,"Johan Ulrik Olsen","Olsen","Johan",1885,1963,0,"JohanOlsen1885",1948-12-20,1951-11-18,1063,63,"Kommunal- og arbeidsdepartementet",9000,"Ministry of Local Government","Kommunal- og arbeidsminister",0,0,"Arbeiderpartiet",1948-12-20,1958-08-31,1,1,3541,0,3541,1,0,0,0,"Gerhardsen I","C","Gerhardsen I C"
135,610,"Johan Ulrik Olsen","Olsen","Johan",1885,1963,0,"JohanOlsen1885",1951-11-19,1955-01-21,1159,66,"Kommunal- og arbeidsdepartementet",9000,"Ministry of Local Government","Kommunal- og arbeidsminister",0,0,"Arbeiderpartiet",1948-12-20,1958-08-31,1,1,3541,0,3541,1,0,0,0,"Torp","A","Torp A"
135,610,"Johan Ulrik Olsen","Olsen","Johan",1885,1963,0,"JohanOlsen1885",1951-11-19,1955-01-21,1159,66,"Kommunal- og arbeidsdepartementet",9000,"Ministry of Local Government","Kommunal- og arbeidsminister",0,0,"Arbeiderpartiet",1948-12-20,1958-08-31,1,1,3541,0,3541,1,0,0,0,"Torp","B","Torp B"
135,610,"Johan Ulrik Olsen","Olsen","Johan",1885,1963,0,"JohanOlsen1885",1955-01-22,1958-08-31,1317,70,"Kommunal- og arbeidsdepartementet",9000,"Ministry of Local Government","Kommunal- og arbeidsminister",0,0,"Arbeiderpartiet",1948-12-20,1958-08-31,1,1,3541,0,3541,1,0,0,0,"Gerhardsen II","A","Gerhardsen II A"
135,610,"Johan Ulrik Olsen","Olsen","Johan",1885,1963,0,"JohanOlsen1885",1955-01-22,1958-08-31,1317,70,"Kommunal- og arbeidsdepartementet",9000,"Ministry of Local Government","Kommunal- og arbeidsminister",0,0,"Arbeiderpartiet",1948-12-20,1958-08-31,1,1,3541,0,3541,1,0,0,0,"Gerhardsen II","B","Gerhardsen II B"
136,616,"Trygve Jens Asbjørn Olsen","Olsen","Trygve",1921,1979,0,"TrygveOlsen1921",1972-10-18,1973-10-15,362,51,"Fiskeridepartementet",6000,"Ministry of Fisheries","Fiskeriminister",0,0,"Senterpartiet",1972-10-18,1973-10-15,1,1,362,0,362,0,0,0,0,"Korvald","A","Korvald"
137,620,"Onar Selmer Onarheim","Onarheim","Onar",1910,1988,0,"OnarOnarheim1910",1963-08-28,1963-09-24,27,53,"Fiskeridepartementet",6000,"Ministry of Fisheries","Fiskeriminister",0,0,"Høyre",1963-08-28,1963-09-24,1,1,27,0,27,1,0,0,0,"Lyng",NA,"Lyng"
138,621,"Kjell Olav Opseth","Opseth","Kjell",1936,2017,0,"KjellOpseth1936",1990-11-03,1996-10-24,2182,54,"Samferdselsdepartementet",8000,"Ministry of Transport and Infrastructure","Samferdselsminister",0,0,"Arbeiderpartiet",1990-11-03,1997-10-16,1,1,2539,0,2539,1,0,0,0,"Brundtland III","A","Brundtland III A"
138,621,"Kjell Olav Opseth","Opseth","Kjell",1936,2017,0,"KjellOpseth1936",1990-11-03,1996-10-24,2182,54,"Samferdselsdepartementet",8000,"Ministry of Transport and Infrastructure","Samferdselsminister",0,0,"Arbeiderpartiet",1990-11-03,1997-10-16,1,1,2539,0,2539,1,0,0,0,"Brundtland III","B","Brundtland III B"
138,621,"Kjell Olav Opseth","Opseth","Kjell",1936,2017,0,"KjellOpseth1936",1996-10-25,1997-10-16,356,60,"Kommunal- og arbeidsdepartementet",9000,"Ministry of Local Government","Kommunal- og arbeidsminister",0,0,"Arbeiderpartiet",1990-11-03,1997-10-16,1,1,2539,0,2539,1,0,0,0,"Jagland","A","Jagland"
139,630,"Jan Petersen","Petersen","Jan",1946,NA,0,"JanPetersen1946",2001-10-19,2005-10-16,1458,55,"Utenriksdepartementet",4000,"Ministry of Foreign Affairs","Utenriksminister",0,0,"Høyre",2001-10-19,2005-10-16,1,1,1458,0,1458,1,0,0,0,"Bondevik II","A","Bondevik II"
140,633,"Jakob Martin Pettersen","Pettersen","Jakob",1899,1970,0,"JakobPettersen1899",1952-01-05,1955-01-21,1112,53,"Samferdselsdepartementet",8000,"Ministry of Transport and Infrastructure","Samferdselsminister",0,0,"Arbeiderpartiet",1952-01-05,1955-01-21,1,1,1112,0,1112,1,0,0,0,"Torp","A","Torp A"
140,633,"Jakob Martin Pettersen","Pettersen","Jakob",1899,1970,0,"JakobPettersen1899",1952-01-05,1955-01-21,1112,53,"Samferdselsdepartementet",8000,"Ministry of Transport and Infrastructure","Samferdselsminister",0,0,"Arbeiderpartiet",1952-01-05,1955-01-21,1,1,1112,0,1112,1,0,0,0,"Torp","B","Torp B"
141,634,"Oddrunn Kristine Helene Pettersen","Pettersen","Oddrunn",1937,2002,1,"OddrunnPettersen1937",1989-04-28,1989-10-15,170,52,"Forbruker- og administrasjonsdepartementet",16000,"Ministry of Public Governance","Forbruker- og administrasjonsminister",0,0,"Arbeiderpartiet",1989-04-28,1989-10-15,1,2,170,0,840,1,0,0,0,"Brundtland II","A","Brundtland II"
141,634,"Oddrunn Kristine Helene Pettersen","Pettersen","Oddrunn",1937,2002,1,"OddrunnPettersen1937",1990-11-03,1992-09-03,670,53,"Fiskeridepartementet",6000,"Ministry of Fisheries","Fiskeriminister",0,0,"Arbeiderpartiet",1990-11-03,1992-09-03,2,2,670,170,840,1,1,0,0,"Brundtland III","A","Brundtland III A"
142,637,"Rolf Presthus","Presthus","Rolf",1936,1988,0,"RolfPresthus1936",1981-10-14,1983-06-07,601,45,"Finans- og tolldepartementet",1000,"Ministry of Finance","Finansminister",0,0,"Høyre",1981-10-14,1986-05-08,1,1,1667,0,1667,1,0,0,0,"Willoch","A","Willoch A"
142,637,"Rolf Presthus","Presthus","Rolf",1936,1988,0,"RolfPresthus1936",1983-06-08,1986-04-24,1051,47,"Finans- og tolldepartementet",1000,"Ministry of Finance","Finansminister",0,0,"Høyre",1981-10-14,1986-05-08,1,1,1667,0,1667,1,0,0,0,"Willoch","B","Willoch B"
142,637,"Rolf Presthus","Presthus","Rolf",1936,1988,0,"RolfPresthus1936",1983-06-08,1986-04-24,1051,47,"Finans- og tolldepartementet",1000,"Ministry of Finance","Finansminister",0,0,"Høyre",1981-10-14,1986-05-08,1,1,1667,0,1667,1,0,0,0,"Willoch","C","Willoch C"
142,637,"Rolf Presthus","Presthus","Rolf",1936,1988,0,"RolfPresthus1936",1986-04-25,1986-05-08,13,50,"Forsvarsdepartementet",5000,"Ministry of Defense","Forsvarsminister",0,0,"Høyre",1981-10-14,1986-05-08,1,1,1667,0,1667,1,0,0,0,"Willoch","C","Willoch C"
143,650,"Arne Rettedal","Rettedal","Arne",1926,2001,0,"ArneRettedal1926",1981-10-14,1983-06-07,601,55,"Kommunal- og arbeidsdepartementet",9000,"Ministry of Local Government","Kommunal- og arbeidsminister",0,0,"Høyre",1981-10-14,1986-05-08,1,1,1667,0,1667,0,0,0,0,"Willoch","A","Willoch A"
143,650,"Arne Rettedal","Rettedal","Arne",1926,2001,0,"ArneRettedal1926",1983-06-08,1986-05-08,1065,57,"Kommunal- og arbeidsdepartementet",9000,"Ministry of Local Government","Kommunal- og arbeidsminister",0,0,"Høyre",1981-10-14,1986-05-08,1,1,1667,0,1667,0,0,0,0,"Willoch","B","Willoch B"
143,650,"Arne Rettedal","Rettedal","Arne",1926,2001,0,"ArneRettedal1926",1983-06-08,1986-05-08,1065,57,"Kommunal- og arbeidsdepartementet",9000,"Ministry of Local Government","Kommunal- og arbeidsminister",0,0,"Høyre",1981-10-14,1986-05-08,1,1,1667,0,1667,0,0,0,0,"Willoch","C","Willoch C"
144,657,"Helge Rognlien","Rognlien","Helge",1920,2001,0,"HelgeRognlien1920",1970-08-29,1971-03-16,199,50,"Kommunal- og arbeidsdepartementet",9000,"Ministry of Local Government","Kommunal- og arbeidsminister",0,0,"Venstre",1970-08-29,1971-03-16,1,1,199,0,199,0,0,0,0,"Borten","B","Borten B"
145,662,"Sverre Walter Rostoft","Rostoft","Sverre",1912,2001,0,"SverreRostoft1912",1965-10-12,1971-03-16,1981,53,"Industridepartementet",2000,"Ministry of Trade and Industry","Industriminister",0,0,"Høyre",1965-10-12,1971-03-16,1,1,1981,0,1981,1,0,0,0,"Borten","A","Borten A"
145,662,"Sverre Walter Rostoft","Rostoft","Sverre",1912,2001,0,"SverreRostoft1912",1965-10-12,1971-03-16,1981,53,"Industridepartementet",2000,"Ministry of Trade and Industry","Industriminister",0,0,"Høyre",1965-10-12,1971-03-16,1,1,1981,0,1981,1,0,0,0,"Borten","B","Borten B"
146,670,"Ruth Anlaug Ryste","Ryste","Ruth",1932,NA,1,"RuthRyste1932",1976-01-15,1979-10-07,1361,44,"Sosialdepartementet",7000,"Ministry of Health and Social Affairs","Sosialminister",0,0,"Arbeiderpartiet",1976-01-15,1979-10-07,1,1,1361,0,1361,0,0,1,0,"Nordli","A","Nordli A"
146,670,"Ruth Anlaug Ryste","Ryste","Ruth",1932,NA,1,"RuthRyste1932",1976-01-15,1979-10-07,1361,44,"Sosialdepartementet",7000,"Ministry of Health and Social Affairs","Sosialminister",0,0,"Arbeiderpartiet",1976-01-15,1979-10-07,1,1,1361,0,1361,0,0,1,0,"Nordli","B","Nordli B"
147,672,"Mona Scobie Røkke","Røkke","Mona",1940,2013,1,"MonaRøkke1940",1981-10-14,1983-06-07,601,41,"Justis- og politidepartementet",13000,"Ministry of Justice","Justisminister",0,0,"Høyre",1981-10-14,1985-10-03,1,1,1450,0,1450,1,0,0,0,"Willoch","A","Willoch A"
147,672,"Mona Scobie Røkke","Røkke","Mona",1940,2013,1,"MonaRøkke1940",1983-06-08,1985-10-03,848,43,"Justis- og politidepartementet",13000,"Ministry of Justice","Justisminister",0,0,"Høyre",1981-10-14,1985-10-03,1,1,1450,0,1450,1,0,0,0,"Willoch","B","Willoch B"
147,672,"Mona Scobie Røkke","Røkke","Mona",1940,2013,1,"MonaRøkke1940",1983-06-08,1985-10-03,848,43,"Justis- og politidepartementet",13000,"Ministry of Justice","Justisminister",0,0,"Høyre",1981-10-14,1985-10-03,1,1,1450,0,1450,1,0,0,0,"Willoch","C","Willoch C"
148,673,"Sissel Rønbeck","Rønbeck","Sissel",1950,NA,1,"SisselRønbeck1950",1979-10-08,1981-02-03,484,29,"Forbruker- og administrasjonsdepartementet",16000,"Ministry of Public Governance","Forbruker- og administrasjonsminister",0,0,"Arbeiderpartiet",1979-10-08,1981-10-13,1,3,736,0,2347,1,0,0,0,"Nordli","B","Nordli B"
148,673,"Sissel Rønbeck","Rønbeck","Sissel",1950,NA,1,"SisselRønbeck1950",1981-02-04,1981-10-13,251,31,"Forbruker- og administrasjonsdepartementet",16000,"Ministry of Public Governance","Forbruker- og administrasjonsminister",0,0,"Arbeiderpartiet",1979-10-08,1981-10-13,1,3,736,0,2347,1,0,0,0,"Brundtland I","A","Brundtland I"
148,673,"Sissel Rønbeck","Rønbeck","Sissel",1950,NA,1,"SisselRønbeck1950",1986-05-09,1989-10-15,1255,36,"Miljøverndepartementet",20000,"Ministry of Climate and Environment","Miljøvernminister",0,0,"Arbeiderpartiet",1986-05-09,1989-10-15,2,3,1255,736,2347,1,1,0,0,"Brundtland II","A","Brundtland II"
148,673,"Sissel Rønbeck","Rønbeck","Sissel",1950,NA,1,"SisselRønbeck1950",1996-10-25,1997-10-16,356,46,"Samferdselsdepartementet",8000,"Ministry of Transport and Infrastructure","Samferdselsminister",0,0,"Arbeiderpartiet",1996-10-25,1997-10-16,3,3,356,1991,2347,1,1,0,0,"Jagland","A","Jagland"
149,682,"Ulf Oscar Sand","Sand","Ulf",1938,2014,0,"UlfSand1938",1979-10-08,1981-02-03,484,41,"Finans- og tolldepartementet",1000,"Ministry of Finance","Finansminister",0,0,"Arbeiderpartiet",1979-10-08,1981-10-13,1,1,736,0,736,0,0,0,1,"Nordli","B","Nordli B"
149,682,"Ulf Oscar Sand","Sand","Ulf",1938,2014,0,"UlfSand1938",1981-02-04,1981-10-13,251,43,"Finans- og tolldepartementet",1000,"Ministry of Finance","Finansminister",0,0,"Arbeiderpartiet",1979-10-08,1981-10-13,1,1,736,0,736,0,0,0,1,"Brundtland I","A","Brundtland I"
150,691,"Helge Lunde Seip","Seip","Helge",1919,2004,0,"HelgeSeip1919",1965-10-12,1970-08-28,1781,46,"Kommunal- og arbeidsdepartementet",9000,"Ministry of Local Government","Kommunal- og arbeidsminister",0,0,"Venstre",1965-10-12,1970-08-28,1,1,1781,0,1781,1,0,0,0,"Borten","A","Borten A"
150,691,"Helge Lunde Seip","Seip","Helge",1919,2004,0,"HelgeSeip1919",1965-10-12,1970-08-28,1781,46,"Kommunal- og arbeidsdepartementet",9000,"Ministry of Local Government","Kommunal- og arbeidsminister",0,0,"Venstre",1965-10-12,1970-08-28,1,1,1781,0,1781,1,0,0,0,"Borten","B","Borten B"
151,693,"Wenche Frogn Sellæg","Sellæg","Wenche",1937,NA,1,"WencheSellæg1937",1981-10-14,1983-06-07,601,44,"Miljøverndepartementet",20000,"Ministry of Climate and Environment","Miljøvernminister",0,0,"Høyre",1981-10-14,1983-06-07,1,3,601,0,1199,1,0,0,0,"Willoch","A","Willoch A"
151,693,"Wenche Frogn Sellæg","Sellæg","Wenche",1937,NA,1,"WencheSellæg1937",1985-10-04,1986-05-08,216,48,"Justis- og politidepartementet",13000,"Ministry of Justice","Justisminister",0,0,"Høyre",1985-10-04,1986-05-08,2,3,216,601,1199,1,1,0,0,"Willoch","C","Willoch C"
151,693,"Wenche Frogn Sellæg","Sellæg","Wenche",1937,NA,1,"WencheSellæg1937",1989-10-16,1990-11-02,382,52,"Sosialdepartementet",7000,"Ministry of Health and Social Affairs","Sosialminister",0,0,"Høyre",1989-10-16,1990-11-02,3,3,382,817,1199,1,1,0,0,"Syse",NA,"Syse"
152,694,"Elisabeth Schweigaard Selmer","Selmer","Elisabeth",1923,2009,1,"ElisabethSelmer1923",1965-10-12,1970-10-02,1816,42,"Justis- og politidepartementet",13000,"Ministry of Justice","Justisminister",0,0,"Høyre",1965-10-12,1970-10-02,1,1,1816,0,1816,0,0,0,0,"Borten","A","Borten A"
152,694,"Elisabeth Schweigaard Selmer","Selmer","Elisabeth",1923,2009,1,"ElisabethSelmer1923",1965-10-12,1970-10-02,1816,42,"Justis- og politidepartementet",13000,"Ministry of Justice","Justisminister",0,0,"Høyre",1965-10-12,1970-10-02,1,1,1816,0,1816,0,0,0,0,"Borten","B","Borten B"
153,697,"Rakel Seweriin","Seweriin","Rakel",1906,1995,1,"RakelSeweriin1906",1953-11-02,1955-01-21,445,47,"Sosialdepartementet",7000,"Ministry of Health and Social Affairs","Sosialminister",0,0,"Arbeiderpartiet",1953-11-02,1955-07-30,1,1,635,0,635,1,0,0,0,"Torp","A","Torp A"
153,697,"Rakel Seweriin","Seweriin","Rakel",1906,1995,1,"RakelSeweriin1906",1953-11-02,1955-01-21,445,47,"Sosialdepartementet",7000,"Ministry of Health and Social Affairs","Sosialminister",0,0,"Arbeiderpartiet",1953-11-02,1955-07-30,1,1,635,0,635,1,0,0,0,"Torp","B","Torp B"
153,697,"Rakel Seweriin","Seweriin","Rakel",1906,1995,1,"RakelSeweriin1906",1955-01-22,1955-07-30,189,49,"Sosialdepartementet",7000,"Ministry of Health and Social Affairs","Sosialminister",0,0,"Arbeiderpartiet",1953-11-02,1955-07-30,1,1,635,0,635,1,0,0,0,"Gerhardsen II","A","Gerhardsen II A"
154,700,"Helge Sivertsen","Sivertsen","Helge",1913,1986,0,"HelgeSivertsen1913",1960-04-23,1963-08-27,1221,47,"Kirke- og undervisningsdepartementet",21000,"Ministry of Education","Kirke- og undervisningsminister",0,0,"Arbeiderpartiet",1960-04-23,1963-08-27,1,2,1221,0,1968,0,0,0,1,"Gerhardsen II","B","Gerhardsen II B"
154,700,"Helge Sivertsen","Sivertsen","Helge",1913,1986,0,"HelgeSivertsen1913",1960-04-23,1963-08-27,1221,47,"Kirke- og undervisningsdepartementet",21000,"Ministry of Education","Kirke- og undervisningsminister",0,0,"Arbeiderpartiet",1960-04-23,1963-08-27,1,2,1221,0,1968,0,0,0,1,"Gerhardsen II","C","Gerhardsen II C"
154,700,"Helge Sivertsen","Sivertsen","Helge",1913,1986,0,"HelgeSivertsen1913",1963-09-25,1965-10-11,747,50,"Kirke- og undervisningsdepartementet",21000,"Ministry of Education","Kirke- og undervisningsminister",0,0,"Arbeiderpartiet",1963-09-25,1965-10-11,2,2,747,1221,1968,0,1,0,1,"Gerhardsen III","A","Gerhardsen III"
155,702,"Anders Christian Sjaastad","Sjaastad","Anders",1942,NA,0,"AndersSjaastad1942",1981-10-14,1983-06-07,601,39,"Forsvarsdepartementet",5000,"Ministry of Defense","Forsvarsminister",0,0,"Høyre",1981-10-14,1986-04-24,1,1,1653,0,1653,1,0,0,0,"Willoch","A","Willoch A"
155,702,"Anders Christian Sjaastad","Sjaastad","Anders",1942,NA,0,"AndersSjaastad1942",1983-06-08,1986-04-24,1051,41,"Forsvarsdepartementet",5000,"Ministry of Defense","Forsvarsminister",0,0,"Høyre",1981-10-14,1986-04-24,1,1,1653,0,1653,1,0,0,0,"Willoch","B","Willoch B"
155,702,"Anders Christian Sjaastad","Sjaastad","Anders",1942,NA,0,"AndersSjaastad1942",1983-06-08,1986-04-24,1051,41,"Forsvarsdepartementet",5000,"Ministry of Defense","Forsvarsminister",0,0,"Høyre",1981-10-14,1986-04-24,1,1,1653,0,1653,1,0,0,0,"Willoch","C","Willoch C"
156,703,"Gustav Adolf Sjaastad","Sjaastad","Gustav",1902,1964,0,"GustavSjaastad1902",1954-06-15,1955-01-21,220,52,"Justis- og politidepartementet",13000,"Ministry of Justice","Justisminister",0,0,"Arbeiderpartiet",1954-06-15,1959-04-08,1,1,1758,0,1758,0,0,0,0,"Torp","B","Torp B"
156,703,"Gustav Adolf Sjaastad","Sjaastad","Gustav",1902,1964,0,"GustavSjaastad1902",1955-01-22,1959-04-08,1537,53,"Industridepartementet",2000,"Ministry of Trade and Industry","Industriminister",0,0,"Arbeiderpartiet",1954-06-15,1959-04-08,1,1,1758,0,1758,0,0,0,0,"Gerhardsen II","A","Gerhardsen II A"
156,703,"Gustav Adolf Sjaastad","Sjaastad","Gustav",1902,1964,0,"GustavSjaastad1902",1955-01-22,1959-04-08,1537,53,"Industridepartementet",2000,"Ministry of Trade and Industry","Industriminister",0,0,"Arbeiderpartiet",1954-06-15,1959-04-08,1,1,1758,0,1758,0,0,0,0,"Gerhardsen II","B","Gerhardsen II B"
157,708,"Bjørn Skau","Skau","Bjørn",1929,2013,0,"BjørnSkau1929",1981-02-04,1981-10-13,251,52,"Justis- og politidepartementet",13000,"Ministry of Justice","Justisminister",0,0,"Arbeiderpartiet",1981-02-04,1981-10-13,1,1,251,0,251,0,0,1,1,"Brundtland I","A","Brundtland I"
158,709,"Arne Skaug","Skaug","Arne",1906,1974,0,"ArneSkaug1906",1957-08-23,1957-10-14,52,51,"Utenriksdepartementet",4000,"Ministry of Foreign Affairs","Fungerende utenriksminister",1,1,"Arbeiderpartiet",1955-01-22,1962-01-12,1,1,2547,0,2547,0,0,0,1,"Gerhardsen II","A","Gerhardsen II A"
158,709,"Arne Skaug","Skaug","Arne",1906,1974,0,"ArneSkaug1906",1955-01-22,1962-01-12,2547,49,"Handels- og skipsfartsdepartementet",3000,"Ministry of Trade and Industry","Handels- og skipsfartsminister",0,0,"Arbeiderpartiet",1955-01-22,1962-01-12,1,1,2547,0,2547,0,0,0,1,"Gerhardsen II","A","Gerhardsen II A"
158,709,"Arne Skaug","Skaug","Arne",1906,1974,0,"ArneSkaug1906",1955-01-22,1962-01-12,2547,49,"Handels- og skipsfartsdepartementet",3000,"Ministry of Trade and Industry","Handels- og skipsfartsminister",0,0,"Arbeiderpartiet",1955-01-22,1962-01-12,1,1,2547,0,2547,0,0,0,1,"Gerhardsen II","B","Gerhardsen II B"
158,709,"Arne Skaug","Skaug","Arne",1906,1974,0,"ArneSkaug1906",1955-01-22,1962-01-12,2547,49,"Handels- og skipsfartsdepartementet",3000,"Ministry of Trade and Industry","Handels- og skipsfartsminister",0,0,"Arbeiderpartiet",1955-01-22,1962-01-12,1,1,2547,0,2547,0,0,0,1,"Gerhardsen II","C","Gerhardsen II C"
159,711,"Arne Skauge","Skauge","Arne",1948,NA,0,"ArneSkauge1948",1981-10-14,1983-06-07,601,33,"Handels- og skipsfartsdepartementet",3000,"Ministry of Trade and Industry","Handels- og skipsfartsminister",0,0,"Høyre",1981-10-14,1983-06-07,1,3,601,0,996,1,0,0,0,"Willoch","A","Willoch A"
159,711,"Arne Skauge","Skauge","Arne",1948,NA,0,"ArneSkauge1948",1986-04-25,1986-05-08,13,38,"Finans- og tolldepartementet",1000,"Ministry of Finance","Finansminister",0,0,"Høyre",1986-04-25,1986-05-08,2,3,13,601,996,1,1,0,1,"Willoch","C","Willoch C"
159,711,"Arne Skauge","Skauge","Arne",1948,NA,0,"ArneSkauge1948",1989-10-16,1990-11-02,382,41,"Finans- og tolldepartementet",1000,"Ministry of Finance","Finansminister",0,0,"Høyre",1989-10-16,1990-11-02,3,3,382,614,996,1,1,0,1,"Syse",NA,"Syse"
160,712,"Johan Kristoffer Winther Skipnes","Skipnes","Johan",1909,2005,0,"JohanSkipnes1909",1972-10-18,1973-10-15,362,63,"Kommunal- og arbeidsdepartementet",9000,"Ministry of Local Government","Kommunal- og arbeidsminister",0,0,"Kristelig Folkeparti",1972-10-18,1973-10-15,1,1,362,0,362,1,0,0,0,"Korvald","A","Korvald"
161,714,"Elsa Rigmor Skjerven","Skjerven","Elsa",1919,2005,1,"ElsaSkjerven1919",1965-10-12,1971-03-16,1981,46,"Departementet for familie- og forbrukersaker",15000,"Ministry of Public Governance","Familie- og forbrukerminister",0,0,"Kristelig Folkeparti",1965-10-12,1971-03-16,1,1,1981,0,1981,1,0,0,0,"Borten","A","Borten A"
161,714,"Elsa Rigmor Skjerven","Skjerven","Elsa",1919,2005,1,"ElsaSkjerven1919",1965-10-12,1971-03-16,1981,46,"Departementet for familie- og forbrukersaker",15000,"Ministry of Public Governance","Familie- og forbrukerminister",0,0,"Kristelig Folkeparti",1965-10-12,1971-03-16,1,1,1981,0,1981,1,0,0,0,"Borten","B","Borten B"
162,717,"Oskar Skogly","Skogly","Oskar",1908,1988,0,"OskarSkogly1908",1963-02-04,1963-08-27,204,55,"Kommunal- og arbeidsdepartementet",9000,"Ministry of Local Government","Kommunal- og arbeidsminister",0,0,"Arbeiderpartiet",1963-02-04,1963-08-27,1,1,204,0,204,1,0,0,0,"Gerhardsen II","C","Gerhardsen II C"
163,719,"Anton Skulberg","Skulberg","Anton",1921,2012,0,"AntonSkulberg1921",1972-10-18,1973-10-15,362,51,"Kirke- og undervisningsdepartementet",21000,"Ministry of Education","Kirke- og undervisningsminister",0,0,"Senterpartiet",1972-10-18,1973-10-15,1,1,362,0,362,1,0,0,0,"Korvald","A","Korvald"
164,720,"Lars Mauritz Skytøen","Skytøen","Lars",1929,2016,0,"LarsSkytøen1929",1979-10-08,1981-02-03,484,50,"Industridepartementet",2000,"Ministry of Trade and Industry","Industriminister",0,0,"Arbeiderpartiet",1979-10-08,1981-02-03,1,1,484,0,484,0,0,0,0,"Nordli","B","Nordli B"
165,740,"Reiulf Steen","Steen","Reiulf",1933,2014,0,"ReiulfSteen1933",1971-03-17,1972-10-17,580,38,"Samferdselsdepartementet",8000,"Ministry of Transport and Infrastructure","Samferdselsminister",0,0,"Arbeiderpartiet",1971-03-17,1972-10-17,1,2,580,0,1064,1,0,0,0,"Bratteli I",NA,"Bratteli I"
165,740,"Reiulf Steen","Steen","Reiulf",1933,2014,0,"ReiulfSteen1933",1979-10-08,1981-02-03,484,46,"Handels- og skipsfartsdepartementet",3000,"Ministry of Trade and Industry","Handels- og skipsfartsminister",0,0,"Arbeiderpartiet",1979-10-08,1981-02-03,2,2,484,580,1064,1,1,0,0,"Nordli","B","Nordli B"
166,748,"Thorvald Stoltenberg","Stoltenberg","Thorvald",1931,2018,0,"ThorvaldStoltenberg1931",1979-10-08,1981-02-03,484,48,"Forsvarsdepartementet",5000,"Ministry of Defense","Forsvarsminister",0,0,"Arbeiderpartiet",1979-10-08,1981-10-13,1,3,736,0,2567,0,0,1,1,"Nordli","B","Nordli B"
166,748,"Thorvald Stoltenberg","Stoltenberg","Thorvald",1931,2018,0,"ThorvaldStoltenberg1931",1981-02-04,1981-10-13,251,50,"Forsvarsdepartementet",5000,"Ministry of Defense","Forsvarsminister",0,0,"Arbeiderpartiet",1979-10-08,1981-10-13,1,3,736,0,2567,0,0,1,1,"Brundtland I","A","Brundtland I"
166,748,"Thorvald Stoltenberg","Stoltenberg","Thorvald",1931,2018,0,"ThorvaldStoltenberg1931",1987-03-09,1989-10-15,951,56,"Utenriksdepartementet",4000,"Ministry of Foreign Affairs","Utenriksminister",0,0,"Arbeiderpartiet",1987-03-09,1989-10-15,2,3,951,736,2567,0,1,1,1,"Brundtland II","A","Brundtland II"
166,748,"Thorvald Stoltenberg","Stoltenberg","Thorvald",1931,2018,0,"ThorvaldStoltenberg1931",1990-11-03,1993-04-01,880,59,"Utenriksdepartementet",4000,"Ministry of Foreign Affairs","Utenriksminister",0,0,"Arbeiderpartiet",1990-11-03,1993-04-01,3,3,880,1687,2567,0,1,1,1,"Brundtland III","A","Brundtland III A"
167,757,"Svenn Thorkild Stray","Stray","Svenn",1922,2012,0,"SvennStray1922",1970-05-22,1971-03-16,298,48,"Utenriksdepartementet",4000,"Ministry of Foreign Affairs","Utenriksminister",0,0,"Høyre",1970-05-22,1971-03-16,1,2,298,0,1965,1,0,0,0,"Borten","B","Borten B"
167,757,"Svenn Thorkild Stray","Stray","Svenn",1922,2012,0,"SvennStray1922",1981-10-14,1983-06-07,601,59,"Utenriksdepartementet",4000,"Ministry of Foreign Affairs","Utenriksminister",0,0,"Høyre",1981-10-14,1986-05-08,2,2,1667,298,1965,1,1,0,0,"Willoch","A","Willoch A"
167,757,"Svenn Thorkild Stray","Stray","Svenn",1922,2012,0,"SvennStray1922",1983-06-08,1986-05-08,1065,61,"Utenriksdepartementet",4000,"Ministry of Foreign Affairs","Utenriksminister",0,0,"Høyre",1981-10-14,1986-05-08,2,2,1667,298,1965,1,1,0,0,"Willoch","B","Willoch B"
167,757,"Svenn Thorkild Stray","Stray","Svenn",1922,2012,0,"SvennStray1922",1983-06-08,1986-05-08,1065,61,"Utenriksdepartementet",4000,"Ministry of Foreign Affairs","Utenriksminister",0,0,"Høyre",1981-10-14,1986-05-08,2,2,1667,298,1965,1,1,0,0,"Willoch","C","Willoch C"
168,762,"Sverre Kornelius Eilertsen Støstad","Støstad","Sverre",1887,1959,0,"SverreStøstad1887",1945-05-14,1945-05-30,16,58,"Forsynings- og gjenreisningsdepartementet",10000,"Temporary ministries related to world wars","Fungerende statsråd",1,1,"Arbeiderpartiet",1939-07-01,1945-06-24,1,1,2185,0,2185,1,0,0,0,"Nygaardsvold","C","Nygaardsvold C"
168,762,"Sverre Kornelius Eilertsen Støstad","Støstad","Sverre",1887,1959,0,"SverreStøstad1887",1939-07-01,1945-06-24,2185,52,"Sosialdepartementet",7000,"Ministry of Health and Social Affairs","Sosialminister",0,0,"Arbeiderpartiet",1939-07-01,1945-06-24,1,1,2185,0,2185,1,0,0,0,"Nygaardsvold","B","Nygaardsvold B"
168,762,"Sverre Kornelius Eilertsen Støstad","Støstad","Sverre",1887,1959,0,"SverreStøstad1887",1939-07-01,1945-06-24,2185,52,"Sosialdepartementet",7000,"Ministry of Health and Social Affairs","Sosialminister",0,0,"Arbeiderpartiet",1939-07-01,1945-06-24,1,1,2185,0,2185,1,0,0,0,"Nygaardsvold","C","Nygaardsvold C"
169,766,"Rakel Surlien","Surlien","Rakel",1944,NA,1,"RakelSurlien1944",1983-06-08,1986-05-08,1065,39,"Miljøverndepartementet",20000,"Ministry of Climate and Environment","Miljøvernminister",0,0,"Senterpartiet",1983-06-08,1986-05-08,1,1,1065,0,1065,0,0,0,0,"Willoch","B","Willoch B"
169,766,"Rakel Surlien","Surlien","Rakel",1944,NA,1,"RakelSurlien1944",1983-06-08,1986-05-08,1065,39,"Miljøverndepartementet",20000,"Ministry of Climate and Environment","Miljøvernminister",0,0,"Senterpartiet",1983-06-08,1986-05-08,1,1,1065,0,1065,0,0,0,0,"Willoch","C","Willoch C"
170,778,"Jan Peder Syse","Syse","Jan",1930,1997,0,"JanSyse1930",1983-09-16,1985-10-03,748,53,"Industridepartementet",2000,"Ministry of Trade and Industry","Industriminister",0,0,"Høyre",1983-09-16,1985-10-03,1,2,748,0,1130,1,0,1,1,"Willoch","B","Willoch B"
170,778,"Jan Peder Syse","Syse","Jan",1930,1997,0,"JanSyse1930",1983-09-16,1985-10-03,748,53,"Industridepartementet",2000,"Ministry of Trade and Industry","Industriminister",0,0,"Høyre",1983-09-16,1985-10-03,1,2,748,0,1130,1,0,1,1,"Willoch","C","Willoch C"
170,778,"Jan Peder Syse","Syse","Jan",1930,1997,0,"JanSyse1930",1989-10-16,1990-11-02,382,59,"Statsministerens kontor",100,"Prime Minister's Office","Statsminister",0,0,"Høyre",1989-10-16,1990-11-02,2,2,382,748,1130,1,1,1,1,"Syse",NA,"Syse"
171,795,"Petter Johan Thomassen","Thomassen","Petter",1941,2003,0,"PetterThomassen1941",1985-10-04,1986-05-08,216,44,"Industridepartementet",2000,"Ministry of Trade and Industry","Industriminister",0,0,"Høyre",1985-10-04,1986-05-08,1,2,216,0,598,1,0,0,0,"Willoch","C","Willoch C"
171,795,"Petter Johan Thomassen","Thomassen","Petter",1941,2003,0,"PetterThomassen1941",1989-10-16,1990-11-02,382,48,"Næringsdepartementet",2000,"Ministry of Trade and Industry","Næringsminister",0,0,"Høyre",1989-10-16,1990-11-02,2,2,382,216,598,1,1,0,0,"Syse",NA,"Syse"
172,800,"Otto Grieg Tidemand","Tidemand","Otto",1921,2006,0,"OttoTidemand1921",1965-10-12,1970-06-04,1696,44,"Forsvarsdepartementet",5000,"Ministry of Defense","Forsvarsminister",0,0,"Høyre",1965-10-12,1971-03-16,1,1,1981,0,1981,0,0,0,0,"Borten","A","Borten A"
172,800,"Otto Grieg Tidemand","Tidemand","Otto",1921,2006,0,"OttoTidemand1921",1965-10-12,1970-06-04,1696,44,"Forsvarsdepartementet",5000,"Ministry of Defense","Forsvarsminister",0,0,"Høyre",1965-10-12,1971-03-16,1,1,1981,0,1981,0,0,0,0,"Borten","B","Borten B"
172,800,"Otto Grieg Tidemand","Tidemand","Otto",1921,2006,0,"OttoTidemand1921",1970-06-05,1971-03-16,284,49,"Handels- og skipsfartsdepartementet",3000,"Ministry of Trade and Industry","Handels- og skipsfartsminister",0,0,"Høyre",1965-10-12,1971-03-16,1,1,1981,0,1981,0,0,0,0,"Borten","B","Borten B"
173,807,"Oscar Fredrik Torp","Torp","Oscar",1893,1958,0,"OscarTorp1893",1935-12-20,1936-08-14,238,42,"Forsvarsdepartementet",5000,"Ministry of Defense","Konstituert statsråd",1,0,"Arbeiderpartiet",1935-12-20,1936-08-14,1,3,238,0,5467,0,0,0,0,"Nygaardsvold","A","Nygaardsvold A"
173,807,"Oscar Fredrik Torp","Torp","Oscar",1893,1958,0,"OscarTorp1893",1936-11-13,1939-06-30,959,43,"Sosialdepartementet",7000,"Ministry of Health and Social Affairs","Sosialminister",0,0,"Arbeiderpartiet",1936-11-13,1948-01-05,2,3,4070,238,5467,0,1,0,0,"Nygaardsvold","A","Nygaardsvold A"
173,807,"Oscar Fredrik Torp","Torp","Oscar",1893,1958,0,"OscarTorp1893",1936-11-13,1939-06-30,959,43,"Sosialdepartementet",7000,"Ministry of Health and Social Affairs","Sosialminister",0,0,"Arbeiderpartiet",1936-11-13,1948-01-05,2,3,4070,238,5467,0,1,0,0,"Nygaardsvold","B","Nygaardsvold B"
173,807,"Oscar Fredrik Torp","Torp","Oscar",1893,1958,0,"OscarTorp1893",1939-07-01,1941-11-27,880,46,"Finans- og tolldepartementet",1000,"Ministry of Finance","Finansminister",0,0,"Arbeiderpartiet",1936-11-13,1948-01-05,2,3,4070,238,5467,1,1,0,0,"Nygaardsvold","B","Nygaardsvold B"
173,807,"Oscar Fredrik Torp","Torp","Oscar",1893,1958,0,"OscarTorp1893",1939-07-01,1941-11-27,880,46,"Finans- og tolldepartementet",1000,"Ministry of Finance","Finansminister",0,0,"Arbeiderpartiet",1936-11-13,1948-01-05,2,3,4070,238,5467,1,1,0,0,"Nygaardsvold","C","Nygaardsvold C"
173,807,"Oscar Fredrik Torp","Torp","Oscar",1893,1958,0,"OscarTorp1893",1941-11-28,1942-02-01,65,48,"Forsvarsdepartementet",5000,"Ministry of Defense","Forsvarsminister",0,0,"Arbeiderpartiet",1936-11-13,1948-01-05,2,3,4070,238,5467,1,1,0,0,"Nygaardsvold","C","Nygaardsvold C"
173,807,"Oscar Fredrik Torp","Torp","Oscar",1893,1958,0,"OscarTorp1893",1942-02-02,1942-03-19,45,49,"Finans- og tolldepartementet",1000,"Ministry of Finance","Finansminister",0,0,"Arbeiderpartiet",1936-11-13,1948-01-05,2,3,4070,238,5467,1,1,0,0,"Nygaardsvold","C","Nygaardsvold C"
173,807,"Oscar Fredrik Torp","Torp","Oscar",1893,1958,0,"OscarTorp1893",1945-05-14,1945-05-30,16,52,"Statsministerens kontor",100,"Prime Minister's Office","Fungerende statsminister",1,0,"Arbeiderpartiet",1936-11-13,1948-01-05,2,3,4070,238,5467,1,1,0,0,"Nygaardsvold","C","Nygaardsvold C"
173,807,"Oscar Fredrik Torp","Torp","Oscar",1893,1958,0,"OscarTorp1893",1945-05-14,1945-05-30,16,52,"Utenriksdepartementet",4000,"Ministry of Foreign Affairs","Fungerende utenriksminister",1,1,"Arbeiderpartiet",1936-11-13,1948-01-05,2,3,4070,238,5467,1,1,0,0,"Nygaardsvold","C","Nygaardsvold C"
173,807,"Oscar Fredrik Torp","Torp","Oscar",1893,1958,0,"OscarTorp1893",1942-03-20,1945-06-24,1192,49,"Forsvarsdepartementet",5000,"Ministry of Defense","Forsvarsminister",0,0,"Arbeiderpartiet",1936-11-13,1948-01-05,2,3,4070,238,5467,1,1,0,0,"Nygaardsvold","C","Nygaardsvold C"
173,807,"Oscar Fredrik Torp","Torp","Oscar",1893,1958,0,"OscarTorp1893",1945-06-25,1945-11-04,132,52,"Forsvarsdepartementet",5000,"Ministry of Defense","Forsvarsminister",0,0,"Arbeiderpartiet",1936-11-13,1948-01-05,2,3,4070,238,5467,1,1,0,0,"Gerhardsen I","A","Gerhardsen I A"
173,807,"Oscar Fredrik Torp","Torp","Oscar",1893,1958,0,"OscarTorp1893",1945-11-05,1948-01-05,791,52,"Forsynings- og gjenreisningsdepartementet",10000,"Temporary ministries related to world wars","Forsynings- og gjenreisningsminister",0,0,"Arbeiderpartiet",1936-11-13,1948-01-05,2,3,4070,238,5467,1,1,0,0,"Gerhardsen I","B","Gerhardsen I B"
173,807,"Oscar Fredrik Torp","Torp","Oscar",1893,1958,0,"OscarTorp1893",1954-06-03,1954-06-14,11,61,"Handelsdepartementet",3000,"Ministry of Trade and Industry","Handelsminister",0,1,"Arbeiderpartiet",1951-11-19,1955-01-21,3,3,1159,4308,5467,1,1,0,0,"Torp","B","Torp B"
173,807,"Oscar Fredrik Torp","Torp","Oscar",1893,1958,0,"OscarTorp1893",1951-11-19,1955-01-21,1159,58,"Statsministerens kontor",100,"Prime Minister's Office","Statsminister",0,0,"Arbeiderpartiet",1951-11-19,1955-01-21,3,3,1159,4308,5467,1,1,0,0,"Torp","A","Torp A"
173,807,"Oscar Fredrik Torp","Torp","Oscar",1893,1958,0,"OscarTorp1893",1951-11-19,1955-01-21,1159,58,"Statsministerens kontor",100,"Prime Minister's Office","Statsminister",0,0,"Arbeiderpartiet",1951-11-19,1955-01-21,3,3,1159,4308,5467,1,1,0,0,"Torp","B","Torp B"
174,812,"Karl Trasti","Trasti","Karl",1917,1976,0,"KarlTrasti1917",1962-09-01,1963-08-27,360,45,"Lønns- og prisdepartementet",14000,"Ministry of Public Governance","Lønns- og prisminister",0,0,"Arbeiderpartiet",1962-09-01,1963-08-27,1,2,360,0,1107,0,0,0,1,"Gerhardsen II","C","Gerhardsen II C"
174,812,"Karl Trasti","Trasti","Karl",1917,1976,0,"KarlTrasti1917",1963-09-25,1964-01-19,116,46,"Lønns- og prisdepartementet",14000,"Ministry of Public Governance","Lønns- og prisminister",0,0,"Arbeiderpartiet",1963-09-25,1965-10-11,2,2,747,360,1107,0,1,0,1,"Gerhardsen III","A","Gerhardsen III"
174,812,"Karl Trasti","Trasti","Karl",1917,1976,0,"KarlTrasti1917",1964-01-20,1965-10-11,630,47,"Industridepartementet",2000,"Ministry of Trade and Industry","Industriminister",0,0,"Arbeiderpartiet",1963-09-25,1965-10-11,2,2,747,360,1107,0,1,0,1,"Gerhardsen III","A","Gerhardsen III"
175,813,"Thorstein Treholt","Treholt","Thorstein",1911,1993,0,"ThorsteinTreholt1911",1971-03-17,1972-10-17,580,60,"Landbruksdepartementet",19000,"Ministry of Agriculture and Food","Landbruksminister",0,0,"Arbeiderpartiet",1971-03-17,1972-10-17,1,2,580,0,1400,1,0,0,1,"Bratteli I",NA,"Bratteli I"
175,813,"Thorstein Treholt","Treholt","Thorstein",1911,1993,0,"ThorsteinTreholt1911",1973-10-16,1976-01-14,820,62,"Landbruksdepartementet",19000,"Ministry of Agriculture and Food","Landbruksminister",0,0,"Arbeiderpartiet",1973-10-16,1976-01-14,2,2,820,580,1400,1,1,0,1,"Bratteli II",NA,"Bratteli II"
176,814,"Nils Trædal","Trædal","Nils",1879,1948,0,"NilsTrædal1879",1932-02-29,1932-03-09,9,53,"Statsministerembetet",165,"Prime Minister's Office","Fungerende statsminister",1,0,"Senterpartiet",1931-05-12,1933-03-02,1,1,660,0,660,1,0,0,0,"Kolstad",NA,"Kolstad"
176,814,"Nils Trædal","Trædal","Nils",1879,1948,0,"NilsTrædal1879",1932-02-29,1932-03-09,9,53,"Utenriksdepartementet",4000,"Ministry of Foreign Affairs","Fungerende utenriksminister",1,1,"Senterpartiet",1931-05-12,1933-03-02,1,1,660,0,660,1,0,0,0,"Kolstad",NA,"Kolstad"
176,814,"Nils Trædal","Trædal","Nils",1879,1948,0,"NilsTrædal1879",1931-05-12,1932-03-13,306,52,"Kirke- og undervisningsdepartementet",21000,"Ministry of Education","Kirke- og undervisningsminister",0,0,"Senterpartiet",1931-05-12,1933-03-02,1,1,660,0,660,1,0,0,0,"Kolstad",NA,"Kolstad"
176,814,"Nils Trædal","Trædal","Nils",1879,1948,0,"NilsTrædal1879",1932-03-14,1933-03-02,353,53,"Kirke- og undervisningsdepartementet",21000,"Ministry of Education","Kirke- og undervisningsminister",0,0,"Senterpartiet",1931-05-12,1933-03-02,1,1,660,0,660,1,0,0,0,"Hundseid",NA,"Hundseid"
177,825,"Ingvald Johan Ulveseth","Ulveseth","Ingvald",1924,2008,0,"IngvaldUlveseth1924",1973-10-16,1976-01-14,820,49,"Industridepartementet",2000,"Ministry of Trade and Industry","Industriminister",0,0,"Arbeiderpartiet",1973-10-16,1976-01-14,1,1,820,0,820,1,0,0,1,"Bratteli II",NA,"Bratteli II"
178,829,"Trygve Utheim","Utheim","Trygve",1884,1952,0,"TrygveUtheim1884",1933-10-28,1935-03-19,507,49,"Sosialdepartementet",7000,"Ministry of Health and Social Affairs","Sosialminister",0,0,"Venstre",1933-10-28,1935-03-19,1,1,507,0,507,0,0,0,0,"Mowinckel III","A","Mowinckel III A"
178,829,"Trygve Utheim","Utheim","Trygve",1884,1952,0,"TrygveUtheim1884",1933-10-28,1935-03-19,507,49,"Sosialdepartementet",7000,"Ministry of Health and Social Affairs","Sosialminister",0,0,"Venstre",1933-10-28,1935-03-19,1,1,507,0,507,0,0,0,0,"Mowinckel III","B","Mowinckel III B"
179,834,"Inger Louise Valle","Valle","Inger",1921,2006,1,"IngerValle1921",1971-03-17,1972-05-07,417,50,"Departementet for familie- og forbrukersaker",15000,"Ministry of Public Governance","Familie- og forbrukerminister",0,0,"Arbeiderpartiet",1971-03-17,1972-10-17,1,2,580,0,3123,0,0,0,0,"Bratteli I",NA,"Bratteli I"
179,834,"Inger Louise Valle","Valle","Inger",1921,2006,1,"IngerValle1921",1972-05-08,1972-10-17,162,51,"Forbruker- og administrasjonsdepartementet",16000,"Ministry of Public Governance","Forbruker- og administrasjonsminister",0,0,"Arbeiderpartiet",1971-03-17,1972-10-17,1,2,580,0,3123,0,0,0,0,"Bratteli I",NA,"Bratteli I"
179,834,"Inger Louise Valle","Valle","Inger",1921,2006,1,"IngerValle1921",1973-10-16,1976-01-14,820,52,"Justis- og politidepartementet",13000,"Ministry of Justice","Justisminister",0,0,"Arbeiderpartiet",1973-10-16,1980-10-02,2,2,2543,580,3123,0,1,0,0,"Bratteli II",NA,"Bratteli II"
179,834,"Inger Louise Valle","Valle","Inger",1921,2006,1,"IngerValle1921",1976-01-15,1979-10-07,1361,55,"Justis- og politidepartementet",13000,"Ministry of Justice","Justisminister",0,0,"Arbeiderpartiet",1973-10-16,1980-10-02,2,2,2543,580,3123,0,1,0,0,"Nordli","A","Nordli A"
179,834,"Inger Louise Valle","Valle","Inger",1921,2006,1,"IngerValle1921",1976-01-15,1979-10-07,1361,55,"Justis- og politidepartementet",13000,"Ministry of Justice","Justisminister",0,0,"Arbeiderpartiet",1973-10-16,1980-10-02,2,2,2543,580,3123,0,1,0,0,"Nordli","B","Nordli B"
179,834,"Inger Louise Valle","Valle","Inger",1921,2006,1,"IngerValle1921",1979-10-08,1980-10-02,360,58,"Kommunal- og arbeidsdepartementet",9000,"Ministry of Local Government","Kommunal- og arbeidsminister",0,0,"Arbeiderpartiet",1973-10-16,1980-10-02,2,2,2543,580,3123,1,1,0,0,"Nordli","B","Nordli B"
180,835,"Kolbjørn Sigurd Verner Varmann","Varmann","Kolbjørn",1904,1980,0,"KolbjørnVarmann1904",1955-01-22,1960-04-22,1917,51,"Samferdselsdepartementet",8000,"Ministry of Transport and Infrastructure","Samferdselsminister",0,0,"Arbeiderpartiet",1955-01-22,1960-04-22,1,1,1917,0,1917,1,0,0,0,"Gerhardsen II","A","Gerhardsen II A"
180,835,"Kolbjørn Sigurd Verner Varmann","Varmann","Kolbjørn",1904,1980,0,"KolbjørnVarmann1904",1955-01-22,1960-04-22,1917,51,"Samferdselsdepartementet",8000,"Ministry of Transport and Infrastructure","Samferdselsminister",0,0,"Arbeiderpartiet",1955-01-22,1960-04-22,1,1,1917,0,1917,1,0,0,0,"Gerhardsen II","B","Gerhardsen II B"
181,868,"Erling Wikborg","Wikborg","Erling",1894,1992,0,"ErlingWikborg1894",1963-08-28,1963-09-24,27,69,"Utenriksdepartementet",4000,"Ministry of Foreign Affairs","Utenriksminister",0,0,"Kristelig Folkeparti",1963-08-28,1963-09-24,1,1,27,0,27,1,0,0,0,"Lyng",NA,"Lyng"
182,870,"Kåre Isaachsen Willoch","Willoch","Kåre",1928,2021,0,"KåreWilloch1928",1963-08-28,1963-09-24,27,35,"Handels- og skipsfartsdepartementet",3000,"Ministry of Trade and Industry","Handels- og skipsfartsminister",0,0,"Høyre",1963-08-28,1963-09-24,1,3,27,0,3390,1,0,0,0,"Lyng",NA,"Lyng"
182,870,"Kåre Isaachsen Willoch","Willoch","Kåre",1928,2021,0,"KåreWilloch1928",1965-10-12,1970-06-04,1696,37,"Handels- og skipsfartsdepartementet",3000,"Ministry of Trade and Industry","Handels- og skipsfartsminister",0,0,"Høyre",1965-10-12,1970-06-04,2,3,1696,27,3390,1,1,0,0,"Borten","A","Borten A"
182,870,"Kåre Isaachsen Willoch","Willoch","Kåre",1928,2021,0,"KåreWilloch1928",1965-10-12,1970-06-04,1696,37,"Handels- og skipsfartsdepartementet",3000,"Ministry of Trade and Industry","Handels- og skipsfartsminister",0,0,"Høyre",1965-10-12,1970-06-04,2,3,1696,27,3390,1,1,0,0,"Borten","B","Borten B"
182,870,"Kåre Isaachsen Willoch","Willoch","Kåre",1928,2021,0,"KåreWilloch1928",1981-10-14,1983-06-07,601,53,"Statsministerens kontor",100,"Prime Minister's Office","Statsminister",0,0,"Høyre",1981-10-14,1986-05-08,3,3,1667,1723,3390,1,1,0,0,"Willoch","A","Willoch A"
182,870,"Kåre Isaachsen Willoch","Willoch","Kåre",1928,2021,0,"KåreWilloch1928",1983-06-08,1986-05-08,1065,55,"Statsministerens kontor",100,"Prime Minister's Office","Statsminister",0,0,"Høyre",1981-10-14,1986-05-08,3,3,1667,1723,3390,1,1,0,0,"Willoch","B","Willoch B"
182,870,"Kåre Isaachsen Willoch","Willoch","Kåre",1928,2021,0,"KåreWilloch1928",1983-06-08,1986-05-08,1065,55,"Statsministerens kontor",100,"Prime Minister's Office","Statsminister",0,0,"Høyre",1981-10-14,1986-05-08,3,3,1667,1723,3390,1,1,0,0,"Willoch","C","Willoch C"
183,874,"Terje Wold","Wold","Terje",1899,1972,0,"TerjeWold1899",1940-06-07,1942-04-01,663,41,"Handelsdepartementet",2000,"Ministry of Trade and Industry","Justisminister og konstituert handelsminister",0,0,"Arbeiderpartiet",1939-07-01,1945-06-24,1,1,2185,0,2185,0,0,0,0,"Nygaardsvold","C","Nygaardsvold C"
183,874,"Terje Wold","Wold","Terje",1899,1972,0,"TerjeWold1899",1945-05-14,1945-05-30,16,46,"Kirke- og undervisningsdepartementet",21000,"Ministry of Education","Fungerende statsråd",1,1,"Arbeiderpartiet",1939-07-01,1945-06-24,1,1,2185,0,2185,0,0,0,0,"Nygaardsvold","C","Nygaardsvold C"
183,874,"Terje Wold","Wold","Terje",1899,1972,0,"TerjeWold1899",1939-07-01,1945-06-24,2185,40,"Justis- og politidepartementet",13000,"Ministry of Justice","Justisminister",0,0,"Arbeiderpartiet",1939-07-01,1945-06-24,1,1,2185,0,2185,0,0,0,0,"Nygaardsvold","B","Nygaardsvold B"
183,874,"Terje Wold","Wold","Terje",1899,1972,0,"TerjeWold1899",1939-07-01,1945-06-24,2185,40,"Justis- og politidepartementet",13000,"Ministry of Justice","Justisminister",0,0,"Arbeiderpartiet",1939-07-01,1945-06-24,1,1,2185,0,2185,0,0,0,0,"Nygaardsvold","C","Nygaardsvold C"
184,879,"Einar Joakim Wøhni","Wøhni","Einar",1920,1987,0,"EinarWøhni1920",1960-04-23,1963-08-27,1221,40,"Landbruksdepartementet",19000,"Ministry of Agriculture and Food","Landbruksminister",0,0,"Arbeiderpartiet",1960-04-23,1963-08-27,1,1,1221,0,1221,0,0,0,0,"Gerhardsen II","B","Gerhardsen II B"
184,879,"Einar Joakim Wøhni","Wøhni","Einar",1920,1987,0,"EinarWøhni1920",1960-04-23,1963-08-27,1221,40,"Landbruksdepartementet",19000,"Ministry of Agriculture and Food","Landbruksminister",0,0,"Arbeiderpartiet",1960-04-23,1963-08-27,1,1,1221,0,1221,0,0,0,0,"Gerhardsen II","C","Gerhardsen II C"
185,900,"Egil Aarvik","Aarvik","Egil",1912,1990,0,"EgilAarvik1912",1965-10-12,1971-03-16,1981,53,"Sosialdepartementet",7000,"Ministry of Health and Social Affairs","Sosialminister",0,0,"Kristelig Folkeparti",1965-10-12,1971-03-16,1,1,1981,0,1981,1,0,0,0,"Borten","A","Borten A"
185,900,"Egil Aarvik","Aarvik","Egil",1912,1990,0,"EgilAarvik1912",1965-10-12,1971-03-16,1981,53,"Sosialdepartementet",7000,"Ministry of Health and Social Affairs","Sosialminister",0,0,"Kristelig Folkeparti",1965-10-12,1971-03-16,1,1,1981,0,1981,1,0,0,0,"Borten","B","Borten B"
186,909,"Aaslaug Aasland","Aasland","Aaslaug",1890,1962,1,"AaslaugAasland1890",1945-11-05,1948-05-17,924,55,"Sosialdepartementet",7000,"Ministry of Health and Social Affairs","Konsultativ statsråd",0,0,"Arbeiderpartiet",1945-11-05,1953-11-10,1,1,2927,0,2927,0,0,0,0,"Gerhardsen I","B","Gerhardsen I B"
186,909,"Aaslaug Aasland","Aasland","Aaslaug",1890,1962,1,"AaslaugAasland1890",1948-05-18,1948-12-19,215,58,"Sosialdepartementet",7000,"Ministry of Health and Social Affairs","Konstituert statsråd",1,0,"Arbeiderpartiet",1945-11-05,1953-11-10,1,1,2927,0,2927,0,0,0,0,"Gerhardsen I","B","Gerhardsen I B"
186,909,"Aaslaug Aasland","Aasland","Aaslaug",1890,1962,1,"AaslaugAasland1890",1948-12-20,1951-11-18,1063,58,"Sosialdepartementet",7000,"Ministry of Health and Social Affairs","Sosialminister",0,0,"Arbeiderpartiet",1945-11-05,1953-11-10,1,1,2927,0,2927,0,0,0,0,"Gerhardsen I","B","Gerhardsen I B"
186,909,"Aaslaug Aasland","Aasland","Aaslaug",1890,1962,1,"AaslaugAasland1890",1948-12-20,1951-11-18,1063,58,"Sosialdepartementet",7000,"Ministry of Health and Social Affairs","Sosialminister",0,0,"Arbeiderpartiet",1945-11-05,1953-11-10,1,1,2927,0,2927,0,0,0,0,"Gerhardsen I","C","Gerhardsen I C"
186,909,"Aaslaug Aasland","Aasland","Aaslaug",1890,1962,1,"AaslaugAasland1890",1951-11-19,1953-11-10,722,61,"Sosialdepartementet",7000,"Ministry of Health and Social Affairs","Sosialminister",0,0,"Arbeiderpartiet",1945-11-05,1953-11-10,1,1,2927,0,2927,0,0,0,0,"Torp","A","Torp A"
187,1005,"Dag Jostein Fjærvoll","Fjærvoll","Dag",1947,2021,0,"DagFjærvoll1947",1997-10-17,1999-03-14,513,50,"Forsvarsdepartementet",5000,"Ministry of Defense","Forsvarsminister",0,0,"Kristelig Folkeparti",1997-10-17,2000-03-16,1,1,881,0,881,1,0,0,0,"Bondevik I",NA,"Bondevik I"
187,1005,"Dag Jostein Fjærvoll","Fjærvoll","Dag",1947,2021,0,"DagFjærvoll1947",1999-03-15,2000-03-16,367,52,"Samferdselsdepartementet",8000,"Ministry of Transport and Infrastructure","Samferdselsminister",0,0,"Kristelig Folkeparti",1997-10-17,2000-03-16,1,1,881,0,881,1,0,0,0,"Bondevik I",NA,"Bondevik I"
188,1006,"Ranveig Hjørdis Frøiland","Frøiland","Ranveig",1945,2020,1,"RanveigFrøiland1945",1996-12-18,1996-12-31,13,51,"Nærings- og energidepartementet",12000,"Ministry of Oil and Energy","Olje- og energiminister",0,0,"Arbeiderpartiet",1996-12-18,1997-10-16,1,1,302,0,302,1,0,0,0,"Jagland","A","Jagland"
188,1006,"Ranveig Hjørdis Frøiland","Frøiland","Ranveig",1945,2020,1,"RanveigFrøiland1945",1997-01-01,1997-10-16,288,52,"Olje- og energidepartementet",31000,"Ministry of Oil and Energy","Olje- og energiminister",0,0,"Arbeiderpartiet",1996-12-18,1997-10-16,1,1,302,0,302,1,0,0,0,"Jagland","A","Jagland"
189,1007,"Kåre Erling Gjønnes","Gjønnes","Kåre",1942,2021,0,"KåreGjønnes1942",1997-10-17,2000-03-16,881,55,"Landbruksdepartementet",19000,"Ministry of Agriculture and Food","Landbruksminister",0,0,"Kristelig Folkeparti",1997-10-17,2000-03-16,1,1,881,0,881,1,0,0,0,"Bondevik I",NA,"Bondevik I"
190,1012,"Astrid Nøklebye Heiberg","Heiberg","Astrid",1936,2020,1,"AstridHeiberg1936",1986-04-18,1986-05-08,20,50,"Forbruker- og administrasjonsdepartementet",16000,"Ministry of Public Governance","Forbruker- og administrasjonsminister",0,0,"Høyre",1986-04-18,1986-05-08,1,1,20,0,20,1,0,0,1,"Willoch","C","Willoch C"
191,1013,"Tora Aasland (tidl. Houg)","Aasland","Tora",1942,NA,1,"ToraAasland1942",2010-11-29,2011-03-20,111,68,"Barne-, likestillings- og inkluderingsdepartementet",18000,"Ministry of Children and Families","Konstituert Barne-, likestillings- og inkluderingsminister",1,1,"Sosialistisk Venstreparti",2007-10-18,2012-03-23,1,1,1618,0,1618,1,0,0,0,"Stoltenberg II","B","Stoltenberg II B"
191,1013,"Tora Aasland (tidl. Houg)","Aasland","Tora",1942,NA,1,"ToraAasland1942",2007-10-18,2012-03-23,1618,65,"Kunnskapsdepartementet",35000,"Ministry of Education","Forsknings- og høyere utdanningsminister",0,0,"Sosialistisk Venstreparti",2007-10-18,2012-03-23,1,1,1618,0,1618,1,0,0,0,"Stoltenberg II","A","Stoltenberg II A"
191,1013,"Tora Aasland (tidl. Houg)","Aasland","Tora",1942,NA,1,"ToraAasland1942",2007-10-18,2012-03-23,1618,65,"Kunnskapsdepartementet",35000,"Ministry of Education","Forsknings- og høyere utdanningsminister",0,0,"Sosialistisk Venstreparti",2007-10-18,2012-03-23,1,1,1618,0,1618,1,0,0,0,"Stoltenberg II","B","Stoltenberg II B"
192,1019,"Jørgen Hårek Kosmo","Kosmo","Jørgen",1947,2017,0,"JørgenKosmo1947",1993-04-02,1996-10-24,1301,46,"Forsvarsdepartementet",5000,"Ministry of Defense","Forsvarsminister",0,0,"Arbeiderpartiet",1993-04-02,1997-10-16,1,2,1658,0,2238,1,0,0,0,"Brundtland III","A","Brundtland III A"
192,1019,"Jørgen Hårek Kosmo","Kosmo","Jørgen",1947,2017,0,"JørgenKosmo1947",1993-04-02,1996-10-24,1301,46,"Forsvarsdepartementet",5000,"Ministry of Defense","Forsvarsminister",0,0,"Arbeiderpartiet",1993-04-02,1997-10-16,1,2,1658,0,2238,1,0,0,0,"Brundtland III","B","Brundtland III B"
192,1019,"Jørgen Hårek Kosmo","Kosmo","Jørgen",1947,2017,0,"JørgenKosmo1947",1997-01-10,1997-02-03,24,50,"Justis- og politidepartementet",13000,"Ministry of Justice","Justisminister",0,1,"Arbeiderpartiet",1993-04-02,1997-10-16,1,2,1658,0,2238,1,0,0,0,"Jagland","A","Jagland"
192,1019,"Jørgen Hårek Kosmo","Kosmo","Jørgen",1947,2017,0,"JørgenKosmo1947",1996-10-25,1997-10-16,356,49,"Forsvarsdepartementet",5000,"Ministry of Defense","Forsvarsminister",0,0,"Arbeiderpartiet",1993-04-02,1997-10-16,1,2,1658,0,2238,1,0,0,0,"Jagland","A","Jagland"
192,1019,"Jørgen Hårek Kosmo","Kosmo","Jørgen",1947,2017,0,"JørgenKosmo1947",2000-03-17,2001-10-18,580,53,"Arbeids- og administrasjonsdepartementet",29000,"Ministry of Labor","Arbeids- og administrasjonsminister",0,0,"Arbeiderpartiet",2000-03-17,2001-10-18,2,2,580,1658,2238,1,1,0,0,"Stoltenberg I","A","Stoltenberg I"
193,1021,"Anne Enger","Enger","Anne",1949,NA,1,"AnneEnger1949",1998-08-31,1998-09-23,23,49,"Statsministerens kontor",100,"Prime Minister's Office","Fungerende statsminister",1,0,"Senterpartiet",1997-10-17,1999-10-07,1,1,720,0,720,1,0,0,0,"Bondevik I",NA,"Bondevik I"
193,1021,"Anne Enger","Enger","Anne",1949,NA,1,"AnneEnger1949",1999-03-26,1999-08-26,153,50,"Olje- og energidepartementet",31000,"Ministry of Oil and Energy","Konstituert olje- og energiminister",1,1,"Senterpartiet",1997-10-17,1999-10-07,1,1,720,0,720,1,0,0,0,"Bondevik I",NA,"Bondevik I"
193,1021,"Anne Enger","Enger","Anne",1949,NA,1,"AnneEnger1949",1997-10-17,1999-10-07,720,48,"Kulturdepartementet",26000,"Ministry of Culture","Kulturminister",0,0,"Senterpartiet",1997-10-17,1999-10-07,1,1,720,0,720,1,0,0,0,"Bondevik I",NA,"Bondevik I"
194,1022,"Solveig Helene Sollie","Sollie","Solveig",1939,NA,1,"SolveigSollie1939",1989-10-16,1989-12-31,76,50,"Forbruker- og administrasjonsdepartementet",16000,"Ministry of Public Governance","Forbruker- og administrasjonsminister",0,0,"Kristelig Folkeparti",1989-10-16,1990-11-02,1,1,382,0,382,1,0,0,0,"Syse",NA,"Syse"
194,1022,"Solveig Helene Sollie","Sollie","Solveig",1939,NA,1,"SolveigSollie1939",1990-01-01,1990-11-02,305,51,"Familie- og forbrukerdepartementet",18000,"Ministry of Children and Families","Familie- og forbrukerminister",0,0,"Kristelig Folkeparti",1989-10-16,1990-11-02,1,1,382,0,382,1,0,0,0,"Syse",NA,"Syse"
195,1024,"Lars Gunnar Lie","Lie","Lars",1938,NA,0,"LarsLie1938",1989-10-16,1990-11-02,382,51,"Samferdselsdepartementet",8000,"Ministry of Transport and Infrastructure","Samferdselsminister",0,0,"Kristelig Folkeparti",1989-10-16,1990-11-02,1,1,382,0,382,1,0,0,0,"Syse",NA,"Syse"
196,1025,"Karl Eirik Schjøtt-Pedersen","Schjøtt-Pedersen","Karl",1959,NA,0,"KarlSchjøtt-Pedersen1959",1996-10-25,1997-10-16,356,37,"Fiskeridepartementet",6000,"Ministry of Fisheries","Fiskeriminister",0,0,"Arbeiderpartiet",1996-10-25,1997-10-16,1,3,356,0,2391,1,0,0,0,"Jagland","A","Jagland"
196,1025,"Karl Eirik Schjøtt-Pedersen","Schjøtt-Pedersen","Karl",1959,NA,0,"KarlSchjøtt-Pedersen1959",2000-03-17,2001-10-18,580,41,"Finansdepartementet",1000,"Ministry of Finance","Finansminister",0,0,"Arbeiderpartiet",2000-03-17,2001-10-18,2,3,580,356,2391,1,1,0,0,"Stoltenberg I","A","Stoltenberg I"
196,1025,"Karl Eirik Schjøtt-Pedersen","Schjøtt-Pedersen","Karl",1959,NA,0,"KarlSchjøtt-Pedersen1959",2009-10-21,2013-10-15,1455,50,"Statsråd uten portefølje",99999,"Minister Without Portfolio","Stabssjef",0,0,"Arbeiderpartiet",2009-10-21,2013-10-15,3,3,1455,936,2391,1,1,0,1,"Stoltenberg II","B","Stoltenberg II B"
197,1026,"Gudmund Restad","Restad","Gudmund",1937,2021,0,"GudmundRestad1937",1997-10-17,2000-03-16,881,60,"Finans- og tolldepartementet",1000,"Ministry of Finance","Finansminister",0,0,"Senterpartiet",1997-10-17,2000-03-16,1,1,881,0,881,1,0,0,0,"Bondevik I",NA,"Bondevik I"
198,1101,"Olav Akselsen","Akselsen","Olav",1965,2021,0,"OlavAkselsen1965",2000-03-17,2001-10-18,580,35,"Olje- og energidepartementet",31000,"Ministry of Oil and Energy","Olje- og energiminister",0,0,"Arbeiderpartiet",2000-03-17,2001-10-18,1,1,580,0,580,1,0,0,0,"Stoltenberg I","A","Stoltenberg I"
199,1105,"Karita Bekkemellem (tidl. Orheim)","Bekkemellem","Karita",1965,NA,1,"KaritaBekkemellem1965",2000-03-17,2001-10-18,580,35,"Barne- og familiedepartementet",18000,"Ministry of Children and Families","Barne- og familieminister",0,0,"Arbeiderpartiet",2000-03-17,2001-10-18,1,2,580,0,1310,1,0,0,0,"Stoltenberg I","A","Stoltenberg I"
199,1105,"Karita Bekkemellem (tidl. Orheim)","Bekkemellem","Karita",1965,NA,1,"KaritaBekkemellem1965",2005-10-17,2007-10-17,730,40,"Barne- og familiedepartementet",18000,"Ministry of Children and Families","Barne- og likestillingsminister",0,0,"Arbeiderpartiet",2005-10-17,2007-10-17,2,2,730,580,1310,1,1,0,0,"Stoltenberg II","A","Stoltenberg II A"
200,1112,"Sylvia Kristin Brustad","Brustad","Sylvia",1966,NA,1,"SylviaBrustad1966",1996-10-25,1996-11-14,20,30,"Administrasjonsdepartementet",17000,"Ministry of Public Governance","Administrasjonsminister",0,1,"Arbeiderpartiet",1996-10-25,1997-10-16,1,3,356,0,2400,1,0,0,0,"Jagland","A","Jagland"
200,1112,"Sylvia Kristin Brustad","Brustad","Sylvia",1966,NA,1,"SylviaBrustad1966",1996-10-25,1997-10-16,356,30,"Barne- og familiedepartementet",18000,"Ministry of Children and Families","Barne- og familieminister",0,0,"Arbeiderpartiet",1996-10-25,1997-10-16,1,3,356,0,2400,1,0,0,0,"Jagland","A","Jagland"
200,1112,"Sylvia Kristin Brustad","Brustad","Sylvia",1966,NA,1,"SylviaBrustad1966",2000-03-17,2001-10-18,580,34,"Kommunal- og regionaldepartementet",9000,"Ministry of Local Government","Kommunal- og regionalminister",0,0,"Arbeiderpartiet",2000-03-17,2001-10-18,2,3,580,356,2400,1,1,0,0,"Stoltenberg I","A","Stoltenberg I"
200,1112,"Sylvia Kristin Brustad","Brustad","Sylvia",1966,NA,1,"SylviaBrustad1966",2005-10-17,2008-06-19,976,39,"Helse- og omsorgsdepartementet",39000,"Ministry of Health and Social Affairs","Helse- og omsorgsminister",0,0,"Arbeiderpartiet",2005-10-17,2009-10-20,3,3,1464,936,2400,1,1,0,0,"Stoltenberg II","A","Stoltenberg II A"
200,1112,"Sylvia Kristin Brustad","Brustad","Sylvia",1966,NA,1,"SylviaBrustad1966",2008-06-20,2009-10-20,487,42,"Nærings- og handelsdepartementet",28000,"Ministry of Trade and Industry","Nærings- og handelsminister",0,0,"Arbeiderpartiet",2005-10-17,2009-10-20,3,3,1464,936,2400,1,1,0,0,"Stoltenberg II","A","Stoltenberg II A"
200,1112,"Sylvia Kristin Brustad","Brustad","Sylvia",1966,NA,1,"SylviaBrustad1966",2008-06-20,2009-10-20,487,42,"Nærings- og handelsdepartementet",28000,"Ministry of Trade and Industry","Nærings- og handelsminister",0,0,"Arbeiderpartiet",2005-10-17,2009-10-20,3,3,1464,936,2400,1,1,0,0,"Stoltenberg II","B","Stoltenberg II B"
201,1114,"Kristin Clemet","Clemet","Kristin",1957,NA,1,"KristinClemet1957",1989-11-02,1989-12-31,59,32,"Forbruker- og administrasjonsdepartementet",16000,"Ministry of Public Governance","Arbeids- og administrasjonsminister",0,0,"Høyre",1989-11-02,1990-11-02,1,2,365,0,1823,1,0,1,0,"Syse",NA,"Syse"
201,1114,"Kristin Clemet","Clemet","Kristin",1957,NA,1,"KristinClemet1957",1990-01-01,1990-11-02,305,33,"Arbeids- og administrasjonsdepartementet",17000,"Ministry of Public Governance","Arbeids- og administrasjonsminister",0,0,"Høyre",1989-11-02,1990-11-02,1,2,365,0,1823,1,0,1,0,"Syse",NA,"Syse"
201,1114,"Kristin Clemet","Clemet","Kristin",1957,NA,1,"KristinClemet1957",2001-10-19,2001-12-31,73,44,"Kirke-, utdannings- og forskningsdepartementet",25000,"Ministry of Education","Kirke-, utdannings- og forskningsminister",0,0,"Høyre",2001-10-19,2005-10-16,2,2,1458,365,1823,1,1,1,0,"Bondevik II","A","Bondevik II"
201,1114,"Kristin Clemet","Clemet","Kristin",1957,NA,1,"KristinClemet1957",2002-01-01,2005-10-16,1384,45,"Utdannings- og forskningsdepartementet",35000,"Ministry of Education","Utdannings- og forskningsminister",0,0,"Høyre",2001-10-19,2005-10-16,2,2,1458,365,1823,1,1,1,0,"Bondevik II","A","Bondevik II"
202,1116,"William Halvor Engseth","Engseth","William",1933,NA,0,"WilliamEngseth1933",1987-02-20,1988-06-12,478,54,"Kommunal- og arbeidsdepartementet",9000,"Ministry of Local Government","Kommunal- og arbeidsminister",0,0,"Arbeiderpartiet",1987-02-20,1989-10-15,1,1,968,0,968,0,0,0,0,"Brundtland II","A","Brundtland II"
202,1116,"William Halvor Engseth","Engseth","William",1933,NA,0,"WilliamEngseth1933",1988-06-13,1989-10-15,489,55,"Samferdselsdepartementet",8000,"Ministry of Transport and Infrastructure","Samferdselsminister",0,0,"Arbeiderpartiet",1987-02-20,1989-10-15,1,1,968,0,968,0,0,0,0,"Brundtland II","A","Brundtland II"
203,1118,"Bjørn Tore Godal","Godal","Bjørn",1945,NA,0,"BjørnGodal1945",1991-11-15,1994-01-23,800,46,"Utenriksdepartementet",4000,"Ministry of Foreign Affairs","Handels- og skipsfartsminister",0,0,"Arbeiderpartiet",1991-11-15,1997-10-16,1,2,2162,0,2742,1,0,0,0,"Brundtland III","A","Brundtland III A"
203,1118,"Bjørn Tore Godal","Godal","Bjørn",1945,NA,0,"BjørnGodal1945",1991-11-15,1994-01-23,800,46,"Utenriksdepartementet",4000,"Ministry of Foreign Affairs","Handels- og skipsfartsminister",0,0,"Arbeiderpartiet",1991-11-15,1997-10-16,1,2,2162,0,2742,1,0,0,0,"Brundtland III","B","Brundtland III B"
203,1118,"Bjørn Tore Godal","Godal","Bjørn",1945,NA,0,"BjørnGodal1945",1994-01-24,1996-10-24,1004,49,"Utenriksdepartementet",4000,"Ministry of Foreign Affairs","Utenriksminister",0,0,"Arbeiderpartiet",1991-11-15,1997-10-16,1,2,2162,0,2742,1,0,0,0,"Brundtland III","B","Brundtland III B"
203,1118,"Bjørn Tore Godal","Godal","Bjørn",1945,NA,0,"BjørnGodal1945",1996-10-25,1997-10-16,356,51,"Utenriksdepartementet",4000,"Ministry of Foreign Affairs","Utenriksminister",0,0,"Arbeiderpartiet",1991-11-15,1997-10-16,1,2,2162,0,2742,1,0,0,0,"Jagland","A","Jagland"
203,1118,"Bjørn Tore Godal","Godal","Bjørn",1945,NA,0,"BjørnGodal1945",2000-03-17,2001-10-18,580,55,"Forsvarsdepartementet",5000,"Ministry of Defense","Forsvarsminister",0,0,"Arbeiderpartiet",2000-03-17,2001-10-18,2,2,580,2162,2742,1,1,0,0,"Stoltenberg I","A","Stoltenberg I"
204,1120,"Kristin Halvorsen","Halvorsen","Kristin",1960,NA,1,"KristinHalvorsen1960",2005-10-17,2009-10-20,1464,45,"Finansdepartementet",1000,"Ministry of Finance","Finansminister",0,0,"Sosialistisk Venstreparti",2005-10-17,2013-10-15,1,1,2920,0,2920,1,0,0,0,"Stoltenberg II","A","Stoltenberg II A"
204,1120,"Kristin Halvorsen","Halvorsen","Kristin",1960,NA,1,"KristinHalvorsen1960",2005-10-17,2009-10-20,1464,45,"Finansdepartementet",1000,"Ministry of Finance","Finansminister",0,0,"Sosialistisk Venstreparti",2005-10-17,2013-10-15,1,1,2920,0,2920,1,0,0,0,"Stoltenberg II","B","Stoltenberg II B"
204,1120,"Kristin Halvorsen","Halvorsen","Kristin",1960,NA,1,"KristinHalvorsen1960",2012-03-05,2012-03-23,18,52,"Barne-, likestillings- og inkluderingsdepartementet",18000,"Ministry of Children and Families","Barne-, likestillings- og inkluderingsminister",0,1,"Sosialistisk Venstreparti",2005-10-17,2013-10-15,1,1,2920,0,2920,1,0,0,0,"Stoltenberg II","B","Stoltenberg II B"
204,1120,"Kristin Halvorsen","Halvorsen","Kristin",1960,NA,1,"KristinHalvorsen1960",2009-10-21,2013-10-15,1455,49,"Kunnskapsdepartementet",35000,"Ministry of Education","Kunnskapsminister",0,0,"Sosialistisk Venstreparti",2005-10-17,2013-10-15,1,1,2920,0,2920,1,0,0,0,"Stoltenberg II","B","Stoltenberg II B"
205,1136,"Mary Synnøve Kvidal","Kvidal","Mary",1943,NA,1,"MaryKvidal1943",1988-06-13,1989-10-15,489,45,"Kirke- og undervisningsdepartementet",21000,"Ministry of Education","Kirke- og undervisningsminister",0,0,"Arbeiderpartiet",1988-06-13,1989-10-15,1,1,489,0,489,1,0,0,0,"Brundtland II","A","Brundtland II"
206,1138,"Jon Lilletun","Lilletun","Jon",1945,2006,0,"JonLilletun1945",1997-10-17,2000-03-16,881,52,"Kirke-, utdannings- og forskningsdepartementet",25000,"Ministry of Education","Kirke-, utdannings- og forskningsminister",0,0,"Kristelig Folkeparti",1997-10-17,2000-03-16,1,1,881,0,881,1,0,0,0,"Bondevik I",NA,"Bondevik I"
207,1139,"Svein Harald Ludvigsen","Ludvigsen","Svein",1946,NA,0,"SveinLudvigsen1946",2001-10-19,2005-10-16,1458,55,"Fiskeridepartementet",6000,"Ministry of Fisheries","Fiskeri- og kystminister",0,0,"Høyre",2001-10-19,2005-10-16,1,1,1458,0,1458,1,0,0,0,"Bondevik II","A","Bondevik II"
208,1155,"Erna Solberg","Solberg","Erna",1961,NA,1,"ErnaSolberg1961",2001-10-19,2005-10-16,1458,40,"Kommunal- og regionaldepartementet",9000,"Ministry of Local Government","Kommunalminister",0,0,"Høyre",2001-10-19,2005-10-16,1,2,1458,0,4378,1,0,0,0,"Bondevik II","A","Bondevik II"
208,1155,"Erna Solberg","Solberg","Erna",1961,NA,1,"ErnaSolberg1961",2013-10-16,2021-10-14,2920,52,"Statsministerens kontor",100,"Prime Minister's Office","Statsminister",0,0,"Høyre",2013-10-16,2021-10-14,2,2,2920,1458,4378,1,1,0,0,"Solberg","A","Solberg A"
208,1155,"Erna Solberg","Solberg","Erna",1961,NA,1,"ErnaSolberg1961",2013-10-16,2021-10-14,2920,52,"Statsministerens kontor",100,"Prime Minister's Office","Statsminister",0,0,"Høyre",2013-10-16,2021-10-14,2,2,2920,1458,4378,1,1,0,0,"Solberg","B","Solberg B"
208,1155,"Erna Solberg","Solberg","Erna",1961,NA,1,"ErnaSolberg1961",2013-10-16,2021-10-14,2920,52,"Statsministerens kontor",100,"Prime Minister's Office","Statsminister",0,0,"Høyre",2013-10-16,2021-10-14,2,2,2920,1458,4378,1,1,0,0,"Solberg","C","Solberg C"
208,1155,"Erna Solberg","Solberg","Erna",1961,NA,1,"ErnaSolberg1961",2013-10-16,2021-10-14,2920,52,"Statsministerens kontor",100,"Prime Minister's Office","Statsminister",0,0,"Høyre",2013-10-16,2021-10-14,2,2,2920,1458,4378,1,1,0,0,"Solberg","D","Solberg D"
208,1155,"Erna Solberg","Solberg","Erna",1961,NA,1,"ErnaSolberg1961",2013-10-16,2021-10-14,2920,52,"Statsministerens kontor",100,"Prime Minister's Office","Statsminister",0,0,"Høyre",2013-10-16,2021-10-14,2,2,2920,1458,4378,1,1,0,0,"Solberg","E","Solberg E"
209,1156,"Erik Gudbrand Solheim","Solheim","Erik",1955,NA,0,"ErikSolheim1955",2005-10-17,2007-10-17,730,50,"Utenriksdepartementet",4000,"Ministry of Foreign Affairs","Utviklingsminister",0,0,"Sosialistisk Venstreparti",2005-10-17,2012-03-23,1,1,2349,0,2349,1,0,0,0,"Stoltenberg II","A","Stoltenberg II A"
209,1156,"Erik Gudbrand Solheim","Solheim","Erik",1955,NA,0,"ErikSolheim1955",2007-10-18,2012-03-23,1618,52,"Miljøverndepartementet",20000,"Ministry of Climate and Environment","Miljø- og utviklingsminister",0,0,"Sosialistisk Venstreparti",2005-10-17,2012-03-23,1,1,2349,0,2349,1,0,0,0,"Stoltenberg II","A","Stoltenberg II A"
209,1156,"Erik Gudbrand Solheim","Solheim","Erik",1955,NA,0,"ErikSolheim1955",2007-10-18,2012-03-23,1618,52,"Miljøverndepartementet",20000,"Ministry of Climate and Environment","Miljø- og utviklingsminister",0,0,"Sosialistisk Venstreparti",2005-10-17,2012-03-23,1,1,2349,0,2349,1,0,0,0,"Stoltenberg II","B","Stoltenberg II B"
209,1156,"Erik Gudbrand Solheim","Solheim","Erik",1955,NA,0,"ErikSolheim1955",2007-10-18,2012-03-23,1618,52,"Utenriksdepartementet",4000,"Ministry of Foreign Affairs","Miljø- og utviklingsminister",0,0,"Sosialistisk Venstreparti",2005-10-17,2012-03-23,1,1,2349,0,2349,1,0,0,0,"Stoltenberg II","A","Stoltenberg II A"
209,1156,"Erik Gudbrand Solheim","Solheim","Erik",1955,NA,0,"ErikSolheim1955",2007-10-18,2012-03-23,1618,52,"Utenriksdepartementet",4000,"Ministry of Foreign Affairs","Miljø- og utviklingsminister",0,0,"Sosialistisk Venstreparti",2005-10-17,2012-03-23,1,1,2349,0,2349,1,0,0,0,"Stoltenberg II","B","Stoltenberg II B"
210,1162,"Tor Mikkel Wara","Wara","Tor",1964,NA,0,"TorWara1964",2018-04-04,2019-01-22,293,54,"Justis- og beredskapsdepartementet",13000,"Ministry of Justice","Justis-, beredskaps- og innvandringsminister",0,0,"Fremskrittspartiet",2018-04-04,2019-03-15,1,1,345,0,345,1,0,0,0,"Solberg","C","Solberg C"
210,1162,"Tor Mikkel Wara","Wara","Tor",1964,NA,0,"TorWara1964",2019-01-22,2019-03-15,52,55,"Justis- og beredskapsdepartementet",13000,"Ministry of Justice","Justis- og innvandringsminister",0,0,"Fremskrittspartiet",2018-04-04,2019-03-15,1,1,345,0,345,1,0,0,0,"Solberg","D","Solberg D"
211,1166,"Thorhild Widvey","Widvey","Thorhild",1956,NA,1,"ThorhildWidvey1956",2004-06-18,2005-10-16,485,48,"Olje- og energidepartementet",31000,"Ministry of Oil and Energy","Olje- og energiminister",0,0,"Høyre",2004-06-18,2005-10-16,1,2,485,0,1275,1,0,0,1,"Bondevik II","A","Bondevik II"
211,1166,"Thorhild Widvey","Widvey","Thorhild",1956,NA,1,"ThorhildWidvey1956",2013-10-16,2014-06-06,233,57,"Kulturdepartementet",34000,"Ministry of Culture","Kultur- og kirkeminister",0,0,"Høyre",2013-10-16,2015-12-15,2,2,790,485,1275,1,1,0,1,"Solberg","A","Solberg A"
211,1166,"Thorhild Widvey","Widvey","Thorhild",1956,NA,1,"ThorhildWidvey1956",2014-06-06,2015-12-15,557,58,"Kulturdepartementet",34000,"Ministry of Culture","Kulturminister",0,0,"Høyre",2013-10-16,2015-12-15,2,2,790,485,1275,1,1,0,1,"Solberg","A","Solberg A"
212,1168,"Gunhild Elise Øyangen","Øyangen","Gunhild",1947,NA,1,"GunhildØyangen1947",1986-05-09,1989-10-15,1255,39,"Landbruksdepartementet",19000,"Ministry of Agriculture and Food","Landbruksminister",0,0,"Arbeiderpartiet",1986-05-09,1989-10-15,1,2,1255,0,3437,0,0,0,0,"Brundtland II","A","Brundtland II"
212,1168,"Gunhild Elise Øyangen","Øyangen","Gunhild",1947,NA,1,"GunhildØyangen1947",1990-11-03,1996-10-24,2182,43,"Landbruksdepartementet",19000,"Ministry of Agriculture and Food","Landbruksminister",0,0,"Arbeiderpartiet",1990-11-03,1996-10-24,2,2,2182,1255,3437,1,1,0,0,"Brundtland III","A","Brundtland III A"
212,1168,"Gunhild Elise Øyangen","Øyangen","Gunhild",1947,NA,1,"GunhildØyangen1947",1990-11-03,1996-10-24,2182,43,"Landbruksdepartementet",19000,"Ministry of Agriculture and Food","Landbruksminister",0,0,"Arbeiderpartiet",1990-11-03,1996-10-24,2,2,2182,1255,3437,1,1,0,0,"Brundtland III","B","Brundtland III B"
213,1172,"Aud-Inger Aure","Aure","Aud-Inger",1942,NA,1,"Aud-IngerAure1942",1997-10-17,1999-03-14,513,55,"Justis- og politidepartementet",13000,"Ministry of Justice","Justisminister",0,0,"Kristelig Folkeparti",1997-10-17,1999-03-14,1,1,513,0,513,1,0,0,0,"Bondevik I",NA,"Bondevik I"
214,1173,"Jan Balstad","Balstad","Jan",1937,NA,0,"JanBalstad1937",1988-06-13,1989-10-15,489,51,"Utenriksdepartementet",4000,"Ministry of Foreign Affairs","Handelsminister",0,0,"Arbeiderpartiet",1988-06-13,1989-10-15,1,1,489,0,489,0,0,0,0,"Brundtland II","A","Brundtland II"
215,1174,"Turid Birkeland","Birkeland","Turid",1962,2015,1,"TuridBirkeland1962",1996-10-25,1997-10-16,356,34,"Kulturdepartementet",26000,"Ministry of Culture","Kulturminister",0,0,"Arbeiderpartiet",1996-10-25,1997-10-16,1,1,356,0,356,1,0,0,0,"Jagland","A","Jagland"
216,1180,"Odd Eriksen","Eriksen","Odd",1955,NA,0,"OddEriksen1955",2005-10-17,2006-09-28,346,50,"Nærings- og handelsdepartementet",28000,"Ministry of Trade and Industry","Nærings- og handelsminister",0,0,"Arbeiderpartiet",2005-10-17,2006-09-28,1,1,346,0,346,1,0,0,0,"Stoltenberg II","A","Stoltenberg II A"
217,1182,"Else Bugge Fougner","Fougner","Else",1944,NA,1,"ElseFougner1944",1989-10-16,1990-11-02,382,45,"Justis- og politidepartementet",13000,"Ministry of Justice","Justisminister",0,0,"Høyre",1989-10-16,1990-11-02,1,1,382,0,382,0,0,0,0,"Syse",NA,"Syse"
218,1184,"Tove Strand","Strand","Tove",1946,NA,1,"ToveStrand1946",1986-05-09,1989-10-15,1255,40,"Sosialdepartementet",7000,"Ministry of Health and Social Affairs","Sosialminister",0,0,"Arbeiderpartiet",1986-05-09,1989-10-15,1,2,1255,0,1925,0,0,1,1,"Brundtland II","A","Brundtland II"
218,1184,"Tove Strand","Strand","Tove",1946,NA,1,"ToveStrand1946",1990-11-03,1992-09-03,670,44,"Arbeids- og administrasjonsdepartementet",17000,"Ministry of Public Governance","Arbeids- og administrasjonsminister",0,0,"Arbeiderpartiet",1990-11-03,1992-09-03,2,2,670,1255,1925,0,1,1,1,"Brundtland III","A","Brundtland III A"
219,1188,"Leif Haraldseth","Haraldseth","Leif",1929,2019,0,"LeifHaraldseth1929",1986-05-09,1987-02-19,286,57,"Kommunal- og arbeidsdepartementet",9000,"Ministry of Local Government","Kommunal- og arbeidsminister",0,0,"Arbeiderpartiet",1986-05-09,1987-02-19,1,1,286,0,286,0,0,0,0,"Brundtland II","A","Brundtland II"
220,1191,"Johan Jørgen Holst","Holst","Johan",1937,1994,0,"JohanHolst1937",1986-05-09,1989-10-15,1255,49,"Forsvarsdepartementet",5000,"Ministry of Defense","Forsvarsminister",0,0,"Arbeiderpartiet",1986-05-09,1989-10-15,1,2,1255,0,2421,0,0,0,1,"Brundtland II","A","Brundtland II"
220,1191,"Johan Jørgen Holst","Holst","Johan",1937,1994,0,"JohanHolst1937",1990-11-03,1993-04-01,880,53,"Forsvarsdepartementet",5000,"Ministry of Defense","Forsvarsminister",0,0,"Arbeiderpartiet",1990-11-03,1994-01-12,2,2,1166,1255,2421,0,1,0,1,"Brundtland III","A","Brundtland III A"
220,1191,"Johan Jørgen Holst","Holst","Johan",1937,1994,0,"JohanHolst1937",1993-04-02,1994-01-12,285,56,"Utenriksdepartementet",4000,"Ministry of Foreign Affairs","Utenriksminister",0,0,"Arbeiderpartiet",1990-11-03,1994-01-12,2,2,1166,1255,2421,0,1,0,1,"Brundtland III","A","Brundtland III A"
220,1191,"Johan Jørgen Holst","Holst","Johan",1937,1994,0,"JohanHolst1937",1993-04-02,1994-01-12,285,56,"Utenriksdepartementet",4000,"Ministry of Foreign Affairs","Utenriksminister",0,0,"Arbeiderpartiet",1990-11-03,1994-01-12,2,2,1166,1255,2421,0,1,0,1,"Brundtland III","B","Brundtland III B"
221,1202,"Kurt Mosbakk","Mosbakk","Kurt",1934,NA,0,"KurtMosbakk1934",1986-05-09,1987-12-31,601,52,"Handels- og skipsfartsdepartementet",3000,"Ministry of Trade and Industry","Handels- og skipsfartsminister",0,0,"Arbeiderpartiet",1986-05-09,1988-06-12,1,1,765,0,765,1,0,1,0,"Brundtland II","A","Brundtland II"
221,1202,"Kurt Mosbakk","Mosbakk","Kurt",1934,NA,0,"KurtMosbakk1934",1988-01-01,1988-06-12,163,54,"Utenriksdepartementet",4000,"Ministry of Foreign Affairs","Handelsminister",0,0,"Arbeiderpartiet",1986-05-09,1988-06-12,1,1,765,0,765,1,0,1,0,"Brundtland II","A","Brundtland II"
222,1203,"Svein Magnus Munkejord","Munkejord","Svein",1948,NA,0,"SveinMunkejord1948",1989-10-16,1990-11-02,382,41,"Fiskeridepartementet",6000,"Ministry of Fisheries","Fiskeriminister",0,0,"Høyre",1989-10-16,1990-11-02,1,1,382,0,382,0,0,1,1,"Syse",NA,"Syse"
223,1215,"Eivind Kristofer Reiten","Reiten","Eivind",1953,NA,0,"EivindReiten1953",1985-10-04,1986-05-08,216,32,"Fiskeridepartementet",6000,"Ministry of Fisheries","Fiskeriminister",0,0,"Senterpartiet",1985-10-04,1986-05-08,1,2,216,0,598,1,0,0,1,"Willoch","C","Willoch C"
223,1215,"Eivind Kristofer Reiten","Reiten","Eivind",1953,NA,0,"EivindReiten1953",1989-10-16,1990-11-02,382,36,"Olje- og energidepartementet",11000,"Ministry of Oil and Energy","Olje- og energiminister",0,0,"Senterpartiet",1989-10-16,1990-11-02,2,2,382,216,598,1,1,0,1,"Syse",NA,"Syse"
224,1218,"Reidar Jørgen Sandal","Sandal","Reidar",1949,NA,0,"ReidarSandal1949",1995-12-22,1996-10-24,307,46,"Kirke-, utdannings- og forskningsdepartementet",25000,"Ministry of Education","Kirke-, utdannings- og forskningsminister",0,0,"Arbeiderpartiet",1995-12-22,1997-10-16,1,1,664,0,664,1,0,0,0,"Brundtland III","B","Brundtland III B"
224,1218,"Reidar Jørgen Sandal","Sandal","Reidar",1949,NA,0,"ReidarSandal1949",1996-10-25,1997-10-16,356,47,"Kirke-, utdannings- og forskningsdepartementet",25000,"Ministry of Education","Kirke-, utdannings- og forskningsminister",0,0,"Arbeiderpartiet",1995-12-22,1997-10-16,1,1,664,0,664,1,0,0,0,"Jagland","A","Jagland"
225,1219,"Jan Tore Sanner","Sanner","Jan",1965,NA,0,"JanSanner1965",2013-10-16,2018-01-17,1554,48,"Kommunal- og regionaldepartementet",9000,"Ministry of Local Government","Kommunal- og moderniseringsminister",0,0,"Høyre",2013-10-16,2021-10-14,1,1,2920,0,2920,1,0,0,0,"Solberg","A","Solberg A"
225,1219,"Jan Tore Sanner","Sanner","Jan",1965,NA,0,"JanSanner1965",2013-10-16,2018-01-17,1554,48,"Kommunal- og regionaldepartementet",9000,"Ministry of Local Government","Kommunal- og moderniseringsminister",0,0,"Høyre",2013-10-16,2021-10-14,1,1,2920,0,2920,1,0,0,0,"Solberg","B","Solberg B"
225,1219,"Jan Tore Sanner","Sanner","Jan",1965,NA,0,"JanSanner1965",2018-01-17,2020-01-24,737,53,"Kunnskapsdepartementet",35000,"Ministry of Education","Kunnskaps- og integreringsminister",0,0,"Høyre",2013-10-16,2021-10-14,1,1,2920,0,2920,1,0,0,0,"Solberg","C","Solberg C"
225,1219,"Jan Tore Sanner","Sanner","Jan",1965,NA,0,"JanSanner1965",2018-01-17,2020-01-24,737,53,"Kunnskapsdepartementet",35000,"Ministry of Education","Kunnskaps- og integreringsminister",0,0,"Høyre",2013-10-16,2021-10-14,1,1,2920,0,2920,1,0,0,0,"Solberg","D","Solberg D"
225,1219,"Jan Tore Sanner","Sanner","Jan",1965,NA,0,"JanSanner1965",2020-01-24,2021-10-14,629,55,"Finansdepartementet",1000,"Ministry of Finance","Finansminister",0,0,"Høyre",2013-10-16,2021-10-14,1,1,2920,0,2920,1,0,0,0,"Solberg","E","Solberg E"
226,1221,"Einar Steensnæs","Steensnæs","Einar",1942,NA,0,"EinarSteensnæs1942",1989-10-16,1989-12-30,75,47,"Kirke- og undervisningsdepartementet",21000,"Ministry of Education","Kirke- og undervisningsminister",0,0,"Kristelig Folkeparti",1989-10-16,1989-12-30,1,3,75,0,1352,0,0,0,0,"Syse",NA,"Syse"
226,1221,"Einar Steensnæs","Steensnæs","Einar",1942,NA,0,"EinarSteensnæs1942",1990-01-01,1990-11-02,305,48,"Utdannings- og forskningsdepartementet",23000,"Ministry of Education","Utdannings- og forskningsminister",0,0,"Kristelig Folkeparti",1990-01-01,1990-11-02,2,3,305,75,1352,0,1,0,0,"Syse",NA,"Syse"
226,1221,"Einar Steensnæs","Steensnæs","Einar",1942,NA,0,"EinarSteensnæs1942",2001-10-19,2004-06-17,972,59,"Olje- og energidepartementet",31000,"Ministry of Oil and Energy","Olje- og energiminister",0,0,"Kristelig Folkeparti",2001-10-19,2004-06-17,3,3,972,380,1352,1,1,0,0,"Bondevik II","A","Bondevik II"
227,1223,"Svein Sundsbø","Sundsbø","Svein",1943,NA,0,"SveinSundsbø1943",1985-10-04,1986-05-08,216,42,"Landbruksdepartementet",19000,"Ministry of Agriculture and Food","Landbruksminister",0,0,"Senterpartiet",1985-10-04,1986-05-08,1,1,216,0,216,0,0,1,0,"Willoch","C","Willoch C"
228,1225,"Kristin Hille Valla","Valla","Kristin",1944,NA,1,"KristinValla1944",1989-10-16,1990-11-02,382,45,"Miljøverndepartementet",20000,"Ministry of Climate and Environment","Miljøvernminister",0,0,"Senterpartiet",1989-10-16,1990-11-02,1,1,382,0,382,0,0,0,0,"Syse",NA,"Syse"
229,1226,"Tove Veierød","Veierød","Tove",1940,NA,1,"ToveVeierød1940",1990-11-03,1992-09-03,670,50,"Sosialdepartementet",7000,"Ministry of Health and Social Affairs","Sosialminister",0,0,"Arbeiderpartiet",1990-11-03,1992-09-03,1,1,670,0,670,0,0,0,1,"Brundtland III","A","Brundtland III A"
230,1228,"Gunvor «Vesla» Vetlesen","Vetlesen","Gunvor",1930,NA,1,"GunvorVetlesen1930",1986-05-09,1988-06-12,765,56,"Departementet for utviklingshjelp",27000,"Ministry of Foreign Affairs","Bistandsminister",0,0,"Arbeiderpartiet",1986-05-09,1988-06-12,1,1,765,0,765,0,0,0,0,"Brundtland II","A","Brundtland II"
231,1229,"Anne Vik","Vik","Anne",1933,NA,1,"AnneVik1933",1989-10-16,1990-11-02,382,56,"Landbruksdepartementet",19000,"Ministry of Agriculture and Food","Landbruksminister",0,0,"Senterpartiet",1989-10-16,1990-11-02,1,1,382,0,382,0,0,0,0,"Syse",NA,"Syse"
232,1230,"Tom Eric Vraalsen","Vraalsen","Tom",1936,NA,0,"TomVraalsen1936",1989-10-16,1989-12-30,75,53,"Departementet for utviklingshjelp",27000,"Ministry of Foreign Affairs","Bistandsminister",0,0,"Senterpartiet",1989-10-16,1989-12-30,1,2,75,0,380,0,0,0,0,"Syse",NA,"Syse"
232,1230,"Tom Eric Vraalsen","Vraalsen","Tom",1936,NA,0,"TomVraalsen1936",1990-01-01,1990-11-02,305,54,"Utenriksdepartementet",4000,"Ministry of Foreign Affairs","Bistandsminister",0,0,"Senterpartiet",1990-01-01,1990-11-02,2,2,305,75,380,0,1,0,0,"Syse",NA,"Syse"
233,1231,"Arne Øien","Øien","Arne",1928,1998,0,"ArneØien1928",1986-05-09,1989-10-15,1255,58,"Olje- og energidepartementet",11000,"Ministry of Oil and Energy","Olje- og energiminister",0,0,"Arbeiderpartiet",1986-05-09,1989-10-15,1,1,1255,0,1255,0,0,0,1,"Brundtland II","A","Brundtland II"
234,1236,"Ole Knapp","Knapp","Ole",1931,2015,0,"OleKnapp1931",1990-11-03,1992-09-03,670,59,"Næringsdepartementet",2000,"Ministry of Trade and Industry","Næringsminister",0,0,"Arbeiderpartiet",1990-11-03,1992-09-03,1,1,670,0,670,1,0,0,0,"Brundtland III","A","Brundtland III A"
235,1237,"Matz Sandman","Sandman","Matz",1948,NA,0,"MatzSandman1948",1990-11-03,1991-11-14,376,42,"Familie- og forbrukerdepartementet",18000,"Ministry of Children and Families","Barne- og familieminister",0,0,"Arbeiderpartiet",1990-11-03,1991-11-14,1,1,376,0,376,0,0,0,0,"Brundtland III","A","Brundtland III A"
236,1238,"Grete Faremo","Faremo","Grete",1955,NA,1,"GreteFaremo1955",1990-11-03,1992-09-03,670,35,"Utenriksdepartementet",4000,"Ministry of Foreign Affairs","Bistandsminister",0,0,"Arbeiderpartiet",1990-11-03,1996-12-17,1,2,2236,0,3691,0,0,0,0,"Brundtland III","A","Brundtland III A"
236,1238,"Grete Faremo","Faremo","Grete",1955,NA,1,"GreteFaremo1955",1992-09-04,1996-10-24,1511,37,"Justis- og politidepartementet",13000,"Ministry of Justice","Justisminister",0,0,"Arbeiderpartiet",1990-11-03,1996-12-17,1,2,2236,0,3691,0,0,0,0,"Brundtland III","A","Brundtland III A"
236,1238,"Grete Faremo","Faremo","Grete",1955,NA,1,"GreteFaremo1955",1992-09-04,1996-10-24,1511,37,"Justis- og politidepartementet",13000,"Ministry of Justice","Justisminister",0,0,"Arbeiderpartiet",1990-11-03,1996-12-17,1,2,2236,0,3691,0,0,0,0,"Brundtland III","B","Brundtland III B"
236,1238,"Grete Faremo","Faremo","Grete",1955,NA,1,"GreteFaremo1955",1996-10-25,1996-12-17,53,41,"Nærings- og energidepartementet",12000,"Ministry of Oil and Energy","Olje- og energiminister",0,0,"Arbeiderpartiet",1990-11-03,1996-12-17,1,2,2236,0,3691,1,0,0,0,"Jagland","A","Jagland"
236,1238,"Grete Faremo","Faremo","Grete",1955,NA,1,"GreteFaremo1955",2011-01-01,2011-03-31,89,56,"Justis- og politidepartementet",13000,"Ministry of Justice","Konstituert justisminister",1,1,"Arbeiderpartiet",2009-10-21,2013-10-15,2,2,1455,2236,3691,1,1,0,0,"Stoltenberg II","B","Stoltenberg II B"
236,1238,"Grete Faremo","Faremo","Grete",1955,NA,1,"GreteFaremo1955",2009-10-21,2011-11-11,751,54,"Forsvarsdepartementet",5000,"Ministry of Defense","Forsvarsminister",0,0,"Arbeiderpartiet",2009-10-21,2013-10-15,2,2,1455,2236,3691,1,1,0,0,"Stoltenberg II","B","Stoltenberg II B"
236,1238,"Grete Faremo","Faremo","Grete",1955,NA,1,"GreteFaremo1955",2011-11-11,2013-10-15,704,56,"Justis- og politidepartementet",13000,"Ministry of Justice","Justisminister",0,0,"Arbeiderpartiet",2009-10-21,2013-10-15,2,2,1455,2236,3691,1,1,0,0,"Stoltenberg II","B","Stoltenberg II B"
237,1239,"Gudmund Hernes","Hernes","Gudmund",1941,NA,0,"GudmundHernes1941",1990-11-03,1990-12-30,57,49,"Utdannings- og forskningsdepartementet",23000,"Ministry of Education","Utdannings- og forskningsminister",0,0,"Arbeiderpartiet",1990-11-03,1990-12-30,1,2,57,0,2537,0,0,0,1,"Brundtland III","A","Brundtland III A"
237,1239,"Gudmund Hernes","Hernes","Gudmund",1941,NA,0,"GudmundHernes1941",1991-01-01,1995-12-21,1815,50,"Kirke-, utdannings- og forskningsdepartementet",25000,"Ministry of Education","Kirke-, utdannings- og forskningsminister",0,0,"Arbeiderpartiet",1991-01-01,1997-10-16,2,2,2480,57,2537,0,1,0,1,"Brundtland III","A","Brundtland III A"
237,1239,"Gudmund Hernes","Hernes","Gudmund",1941,NA,0,"GudmundHernes1941",1991-01-01,1995-12-21,1815,50,"Kirke-, utdannings- og forskningsdepartementet",25000,"Ministry of Education","Kirke-, utdannings- og forskningsminister",0,0,"Arbeiderpartiet",1991-01-01,1997-10-16,2,2,2480,57,2537,0,1,0,1,"Brundtland III","B","Brundtland III B"
237,1239,"Gudmund Hernes","Hernes","Gudmund",1941,NA,0,"GudmundHernes1941",1995-12-22,1996-10-24,307,54,"Sosial- og helsedepartementet",7000,"Ministry of Health and Social Affairs","Helseminister",0,0,"Arbeiderpartiet",1991-01-01,1997-10-16,2,2,2480,57,2537,0,1,0,1,"Brundtland III","B","Brundtland III B"
237,1239,"Gudmund Hernes","Hernes","Gudmund",1941,NA,0,"GudmundHernes1941",1996-10-25,1997-10-16,356,55,"Sosial- og helsedepartementet",7000,"Ministry of Health and Social Affairs","Helseminister",0,0,"Arbeiderpartiet",1991-01-01,1997-10-16,2,2,2480,57,2537,0,1,0,1,"Jagland","A","Jagland"
238,1240,"Åse Kleveland","Kleveland","Åse",1949,NA,1,"ÅseKleveland1949",1990-11-03,1990-12-30,57,41,"Kirke- og kulturdepartementet",24000,"Ministry of Culture","Kirke- og kulturminister",0,0,"Arbeiderpartiet",1990-11-03,1990-12-30,1,2,57,0,2180,0,0,0,0,"Brundtland III","A","Brundtland III A"
238,1240,"Åse Kleveland","Kleveland","Åse",1949,NA,1,"ÅseKleveland1949",1991-01-01,1996-10-24,2123,42,"Kulturdepartementet",26000,"Ministry of Culture","Kulturminister",0,0,"Arbeiderpartiet",1991-01-01,1996-10-24,2,2,2123,57,2180,0,1,0,0,"Brundtland III","A","Brundtland III A"
238,1240,"Åse Kleveland","Kleveland","Åse",1949,NA,1,"ÅseKleveland1949",1991-01-01,1996-10-24,2123,42,"Kulturdepartementet",26000,"Ministry of Culture","Kulturminister",0,0,"Arbeiderpartiet",1991-01-01,1996-10-24,2,2,2123,57,2180,0,1,0,0,"Brundtland III","B","Brundtland III B"
239,1241,"Eldrid Nordbø","Nordbø","Eldrid",1942,NA,1,"EldridNordbø1942",1990-11-03,1991-11-14,376,48,"Utenriksdepartementet",4000,"Ministry of Foreign Affairs","Handels- og skipsfartsminister",0,0,"Arbeiderpartiet",1990-11-03,1991-11-14,1,1,376,0,376,0,0,1,1,"Brundtland III","A","Brundtland III A"
240,1326,"Odd Emil Ingebrigtsen","Ingebrigtsen","Odd",1964,NA,0,"OddIngebrigtsen1964",2020-03-13,2021-10-14,580,56,"Nærings- og fiskeridepartementet",57170,"Ministry of Trade and Industry","Fiskeri- og sjømatminister",0,0,"Høyre",2020-03-13,2021-10-14,1,1,580,0,580,1,0,0,1,"Solberg","E","Solberg E"
241,1337,"Jens Stoltenberg","Stoltenberg","Jens",1959,NA,0,"JensStoltenberg1959",1993-10-07,1996-10-24,1113,34,"Nærings- og energidepartementet",12000,"Ministry of Oil and Energy","Nærings- og energiminister",0,0,"Arbeiderpartiet",1993-10-07,1997-10-16,1,4,1470,0,5557,1,0,0,1,"Brundtland III","B","Brundtland III B"
241,1337,"Jens Stoltenberg","Stoltenberg","Jens",1959,NA,0,"JensStoltenberg1959",1996-10-25,1997-10-16,356,37,"Finans- og tolldepartementet",1000,"Ministry of Finance","Finansminister",0,0,"Arbeiderpartiet",1993-10-07,1997-10-16,1,4,1470,0,5557,1,0,0,1,"Jagland","A","Jagland"
241,1337,"Jens Stoltenberg","Stoltenberg","Jens",1959,NA,0,"JensStoltenberg1959",2000-03-17,2001-10-18,580,41,"Statsministerens kontor",100,"Prime Minister's Office","Statsminister",0,0,"Arbeiderpartiet",2000-03-17,2001-10-18,2,4,580,1470,5557,1,1,0,1,"Stoltenberg I","A","Stoltenberg I"
241,1337,"Jens Stoltenberg","Stoltenberg","Jens",1959,NA,0,"JensStoltenberg1959",2005-10-17,2013-10-15,2920,46,"Statsministerens kontor",100,"Prime Minister's Office","Statsminister",0,0,"Arbeiderpartiet",2005-10-17,2013-10-15,3,4,2920,2050,5557,1,1,0,1,"Stoltenberg II","A","Stoltenberg II A"
241,1337,"Jens Stoltenberg","Stoltenberg","Jens",1959,NA,0,"JensStoltenberg1959",2005-10-17,2013-10-15,2920,46,"Statsministerens kontor",100,"Prime Minister's Office","Statsminister",0,0,"Arbeiderpartiet",2005-10-17,2013-10-15,3,4,2920,2050,5557,1,1,0,1,"Stoltenberg II","B","Stoltenberg II B"
241,1337,"Jens Stoltenberg","Stoltenberg","Jens",1959,NA,0,"JensStoltenberg1959",2025-02-04,NA,587,66,"Finansdepartementet",1000,"Ministry of Finance","Finansminister",0,0,"Arbeiderpartiet",2025-02-04,NA,4,4,587,4970,5557,1,1,0,1,"Støre","B","Støre B"
241,1337,"Jens Stoltenberg","Stoltenberg","Jens",1959,NA,0,"JensStoltenberg1959",2025-02-04,NA,587,66,"Finansdepartementet",1000,"Ministry of Finance","Finansminister",0,0,"Arbeiderpartiet",2025-02-04,NA,4,4,587,4970,5557,1,1,0,1,"Støre","C","Støre C"
242,1347,"Tine Sundtoft","Sundtoft","Tine",1967,NA,1,"TineSundtoft1967",2013-10-16,2015-12-15,790,46,"Miljøverndepartementet",20000,"Ministry of Climate and Environment","Klima- og miljøminister",0,0,"Høyre",2013-10-16,2015-12-15,1,1,790,0,790,1,0,0,0,"Solberg","A","Solberg A"
243,1357,"Magnhild Meltveit Kleppa","Kleppa","Magnhild",1948,NA,1,"MagnhildKleppa1948",1997-10-17,2000-03-16,881,49,"Sosial- og helsedepartementet",7000,"Ministry of Health and Social Affairs","Sosialminister",0,0,"Senterpartiet",1997-10-17,2000-03-16,1,2,881,0,2613,1,0,0,0,"Bondevik I",NA,"Bondevik I"
243,1357,"Magnhild Meltveit Kleppa","Kleppa","Magnhild",1948,NA,1,"MagnhildKleppa1948",2007-09-21,2009-10-20,760,59,"Kommunal- og regionaldepartementet",9000,"Ministry of Local Government","Kommunal- og regionalminister",0,0,"Senterpartiet",2007-09-21,2012-06-18,2,2,1732,881,2613,1,1,0,0,"Stoltenberg II","A","Stoltenberg II A"
243,1357,"Magnhild Meltveit Kleppa","Kleppa","Magnhild",1948,NA,1,"MagnhildKleppa1948",2007-09-21,2009-10-20,760,59,"Kommunal- og regionaldepartementet",9000,"Ministry of Local Government","Kommunal- og regionalminister",0,0,"Senterpartiet",2007-09-21,2012-06-18,2,2,1732,881,2613,1,1,0,0,"Stoltenberg II","B","Stoltenberg II B"
243,1357,"Magnhild Meltveit Kleppa","Kleppa","Magnhild",1948,NA,1,"MagnhildKleppa1948",2009-10-21,2012-06-18,971,61,"Samferdselsdepartementet",8000,"Ministry of Transport and Infrastructure","Samferdselsminister",0,0,"Senterpartiet",2007-09-21,2012-06-18,2,2,1732,881,2613,1,1,0,0,"Stoltenberg II","B","Stoltenberg II B"
244,2101,"Odd Roger Enoksen","Enoksen","Odd",1954,NA,0,"OddEnoksen1954",1999-03-16,2000-03-16,366,45,"Kommunal- og regionaldepartementet",9000,"Ministry of Local Government","Kommunalminister",0,0,"Senterpartiet",1999-03-16,2000-03-16,1,3,366,0,1249,1,0,0,0,"Bondevik I",NA,"Bondevik I"
244,2101,"Odd Roger Enoksen","Enoksen","Odd",1954,NA,0,"OddEnoksen1954",2005-10-17,2007-09-20,703,51,"Olje- og energidepartementet",31000,"Ministry of Oil and Energy","Olje- og energiminister",0,0,"Senterpartiet",2005-10-17,2007-09-20,2,3,703,366,1249,1,1,0,0,"Stoltenberg II","A","Stoltenberg II A"
244,2101,"Odd Roger Enoksen","Enoksen","Odd",1954,NA,0,"OddEnoksen1954",2021-10-14,2022-04-12,180,67,"Forsvarsdepartementet",5000,"Ministry of Defense","Forsvarsminister",0,0,"Senterpartiet",2021-10-14,2022-04-12,3,3,180,1069,1249,1,1,0,0,"Støre","A","Støre A"
245,2108,"Lars Sponheim","Sponheim","Lars",1957,NA,0,"LarsSponheim1957",1997-10-17,2000-03-16,881,40,"Nærings- og handelsdepartementet",28000,"Ministry of Trade and Industry","Næring- og handelsminister",0,0,"Venstre",1997-10-17,2000-03-16,1,2,881,0,2339,1,0,0,0,"Bondevik I",NA,"Bondevik I"
245,2108,"Lars Sponheim","Sponheim","Lars",1957,NA,0,"LarsSponheim1957",2001-10-19,2005-10-16,1458,44,"Landbruksdepartementet",19000,"Ministry of Agriculture and Food","Landbruks- og matminister",0,0,"Venstre",2001-10-19,2005-10-16,2,2,1458,881,2339,1,1,0,0,"Bondevik II","A","Bondevik II"
246,2111,"Hill-Marta Solberg","Solberg","Hill-Marta",1951,NA,1,"Hill-MartaSolberg1951",1994-01-24,1996-10-24,1004,43,"Sosial- og helsedepartementet",7000,"Ministry of Health and Social Affairs","Sosialminister",0,0,"Arbeiderpartiet",1994-01-24,1997-10-16,1,1,1361,0,1361,1,0,0,0,"Brundtland III","B","Brundtland III B"
246,2111,"Hill-Marta Solberg","Solberg","Hill-Marta",1951,NA,1,"Hill-MartaSolberg1951",1996-10-25,1997-10-16,356,45,"Sosial- og helsedepartementet",7000,"Ministry of Health and Social Affairs","Sosialminister",0,0,"Arbeiderpartiet",1994-01-24,1997-10-16,1,1,1361,0,1361,1,0,0,0,"Jagland","A","Jagland"
247,2113,"Øystein Kåre Djupedal","Djupedal","Øystein",1960,NA,0,"ØysteinDjupedal1960",2005-10-17,2007-10-17,730,45,"Utdannings- og forskningsdepartementet",35000,"Ministry of Education","Kunnskapsminister",0,0,"Sosialistisk Venstreparti",2005-10-17,2007-10-17,1,1,730,0,730,1,0,0,0,"Stoltenberg II","A","Stoltenberg II A"
248,2114,"Kristin M. Krohn Devold","Devold","Kristin",1961,NA,1,"KristinDevold1961",2001-10-19,2005-10-16,1458,40,"Forsvarsdepartementet",5000,"Ministry of Defense","Forsvarsminister",0,0,"Høyre",2001-10-19,2005-10-16,1,1,1458,0,1458,1,0,0,0,"Bondevik II","A","Bondevik II"
249,2127,"Thorbjørn Jagland","Jagland","Thorbjørn",1950,NA,0,"ThorbjørnJagland1950",1996-10-25,1997-10-16,356,46,"Statsministerens kontor",100,"Prime Minister's Office","Statsminister",0,0,"Arbeiderpartiet",1996-10-25,1997-10-16,1,2,356,0,936,1,0,0,0,"Jagland","A","Jagland"
249,2127,"Thorbjørn Jagland","Jagland","Thorbjørn",1950,NA,0,"ThorbjørnJagland1950",2000-03-17,2001-10-18,580,50,"Utenriksdepartementet",4000,"Ministry of Foreign Affairs","Utenriksminister",0,0,"Arbeiderpartiet",2000-03-17,2001-10-18,2,2,580,356,936,1,1,0,0,"Stoltenberg I","A","Stoltenberg I"
250,2133,"Terje Riis-Johansen","Riis-Johansen","Terje",1968,NA,0,"TerjeRiis-Johansen1968",2005-10-17,2008-06-19,976,37,"Landbruks- og matdepartementet",19000,"Ministry of Agriculture and Food","Landbruks- og matminister",0,0,"Senterpartiet",2005-10-17,2011-03-04,1,1,1964,0,1964,1,0,1,0,"Stoltenberg II","A","Stoltenberg II A"
250,2133,"Terje Riis-Johansen","Riis-Johansen","Terje",1968,NA,0,"TerjeRiis-Johansen1968",2008-06-20,2011-03-04,987,40,"Olje- og energidepartementet",31000,"Ministry of Oil and Energy","Olje- og energiminister",0,0,"Senterpartiet",2005-10-17,2011-03-04,1,1,1964,0,1964,1,0,1,0,"Stoltenberg II","A","Stoltenberg II A"
250,2133,"Terje Riis-Johansen","Riis-Johansen","Terje",1968,NA,0,"TerjeRiis-Johansen1968",2008-06-20,2011-03-04,987,40,"Olje- og energidepartementet",31000,"Ministry of Oil and Energy","Olje- og energiminister",0,0,"Senterpartiet",2005-10-17,2011-03-04,1,1,1964,0,1964,1,0,1,0,"Stoltenberg II","B","Stoltenberg II B"
251,2147,"Valgerd Svarstad Haugland","Haugland","Valgerd",1956,NA,1,"ValgerdHaugland1956",1997-10-17,2000-03-16,881,41,"Barne- og familiedepartementet",18000,"Ministry of Children and Families","Barne- og familieminister",0,0,"Kristelig Folkeparti",1997-10-17,2000-03-16,1,2,881,0,2339,1,0,0,0,"Bondevik I",NA,"Bondevik I"
251,2147,"Valgerd Svarstad Haugland","Haugland","Valgerd",1956,NA,1,"ValgerdHaugland1956",2001-10-19,2001-12-31,73,45,"Kulturdepartementet",26000,"Ministry of Culture","Kulturminister",0,0,"Kristelig Folkeparti",2001-10-19,2005-10-16,2,2,1458,881,2339,1,1,0,0,"Bondevik II","A","Bondevik II"
251,2147,"Valgerd Svarstad Haugland","Haugland","Valgerd",1956,NA,1,"ValgerdHaugland1956",2002-01-01,2005-10-16,1384,46,"Kultur- og kirkedepartementet",34000,"Ministry of Culture","Kultur- og kirkeminister",0,0,"Kristelig Folkeparti",2001-10-19,2005-10-16,2,2,1458,881,2339,1,1,0,0,"Bondevik II","A","Bondevik II"
252,2158,"Ansgar Gabrielsen","Gabrielsen","Ansgar",1955,NA,0,"AnsgarGabrielsen1955",2001-10-19,2004-06-17,972,46,"Nærings- og handelsdepartementet",28000,"Ministry of Trade and Industry","Nærings- og handelsminister",0,0,"Høyre",2001-10-19,2005-10-16,1,1,1458,0,1458,1,0,0,0,"Bondevik II","A","Bondevik II"
252,2158,"Ansgar Gabrielsen","Gabrielsen","Ansgar",1955,NA,0,"AnsgarGabrielsen1955",2004-06-18,2004-09-30,104,49,"Helsedepartementet",37000,"Ministry of Health and Social Affairs","Helse- og omsorgsminister",0,0,"Høyre",2001-10-19,2005-10-16,1,1,1458,0,1458,1,0,0,0,"Bondevik II","A","Bondevik II"
252,2158,"Ansgar Gabrielsen","Gabrielsen","Ansgar",1955,NA,0,"AnsgarGabrielsen1955",2004-10-01,2005-10-16,380,49,"Helse- og omsorgsdepartementet",39000,"Ministry of Health and Social Affairs","Helse- og omsorgsminister",0,0,"Høyre",2001-10-19,2005-10-16,1,1,1458,0,1458,1,0,0,0,"Bondevik II","A","Bondevik II"
253,2162,"Børge Brende","Brende","Børge",1965,NA,0,"BørgeBrende1965",2001-10-19,2004-06-17,972,36,"Miljøverndepartementet",20000,"Ministry of Climate and Environment","Miljøvernminister",0,0,"Høyre",2001-10-19,2005-10-16,1,2,1458,0,2923,1,0,0,0,"Bondevik II","A","Bondevik II"
253,2162,"Børge Brende","Brende","Børge",1965,NA,0,"BørgeBrende1965",2004-06-18,2005-10-16,485,39,"Nærings- og handelsdepartementet",28000,"Ministry of Trade and Industry","Nærings- og handelsminister",0,0,"Høyre",2001-10-19,2005-10-16,1,2,1458,0,2923,1,0,0,0,"Bondevik II","A","Bondevik II"
253,2162,"Børge Brende","Brende","Børge",1965,NA,0,"BørgeBrende1965",2013-10-16,2017-10-20,1465,48,"Utenriksdepartementet",4000,"Ministry of Foreign Affairs","Utenriksminister",0,0,"Høyre",2013-10-16,2017-10-20,2,2,1465,1458,2923,1,1,0,0,"Solberg","A","Solberg A"
253,2162,"Børge Brende","Brende","Børge",1965,NA,0,"BørgeBrende1965",2013-10-16,2017-10-20,1465,48,"Utenriksdepartementet",4000,"Ministry of Foreign Affairs","Utenriksminister",0,0,"Høyre",2013-10-16,2017-10-20,2,2,1465,1458,2923,1,1,0,0,"Solberg","B","Solberg B"
254,2188,"Hilde Frafjord Johnson","Johnson","Hilde",1963,NA,1,"HildeJohnson1963",1997-10-17,2000-03-16,881,34,"Utenriksdepartementet",4000,"Ministry of Foreign Affairs","Utviklingsminister",0,0,"Kristelig Folkeparti",1997-10-17,2000-03-16,1,2,881,0,2339,1,0,1,0,"Bondevik I",NA,"Bondevik I"
254,2188,"Hilde Frafjord Johnson","Johnson","Hilde",1963,NA,1,"HildeJohnson1963",2001-10-19,2005-10-16,1458,38,"Utenriksdepartementet",4000,"Ministry of Foreign Affairs","Utviklingsminister",0,0,"Kristelig Folkeparti",2001-10-19,2005-10-16,2,2,1458,881,2339,1,1,1,0,"Bondevik II","A","Bondevik II"
255,2213,"Lars Peder Brekk","Brekk","Lars",1955,NA,0,"LarsBrekk1955",2000-01-21,2000-03-16,55,45,"Fiskeridepartementet",6000,"Ministry of Fisheries","Fiskeriminister",0,0,"Senterpartiet",2000-01-21,2000-03-16,1,2,55,0,1514,1,0,1,0,"Bondevik I",NA,"Bondevik I"
255,2213,"Lars Peder Brekk","Brekk","Lars",1955,NA,0,"LarsBrekk1955",2008-06-20,2012-06-18,1459,53,"Landbruks- og matdepartementet",19000,"Ministry of Agriculture and Food","Landbruks- og matminister",0,0,"Senterpartiet",2008-06-20,2012-06-18,2,2,1459,55,1514,1,1,1,0,"Stoltenberg II","A","Stoltenberg II A"
255,2213,"Lars Peder Brekk","Brekk","Lars",1955,NA,0,"LarsBrekk1955",2008-06-20,2012-06-18,1459,53,"Landbruks- og matdepartementet",19000,"Ministry of Agriculture and Food","Landbruks- og matminister",0,0,"Senterpartiet",2008-06-20,2012-06-18,2,2,1459,55,1514,1,1,1,0,"Stoltenberg II","B","Stoltenberg II B"
256,2224,"Marit Arnstad","Arnstad","Marit",1962,NA,1,"MaritArnstad1962",1997-10-17,2000-03-16,881,35,"Olje- og energidepartementet",31000,"Ministry of Oil and Energy","Olje- og energiminister",0,0,"Senterpartiet",1997-10-17,2000-03-16,1,2,881,0,1365,1,0,1,0,"Bondevik I",NA,"Bondevik I"
256,2224,"Marit Arnstad","Arnstad","Marit",1962,NA,1,"MaritArnstad1962",2012-06-18,2013-10-15,484,50,"Samferdselsdepartementet",8000,"Ministry of Transport and Infrastructure","Samferdselsmininster",0,0,"Senterpartiet",2012-06-18,2013-10-15,2,2,484,881,1365,1,1,1,0,"Stoltenberg II","B","Stoltenberg II B"
257,2232,"Grete Anni Berget","Berget","Grete",1954,2017,1,"GreteBerget1954",1991-11-15,1996-11-24,1836,37,"Barne- og familiedepartementet",18000,"Ministry of Children and Families","Barne- og familieminister",0,0,"Arbeiderpartiet",1991-11-15,1996-11-24,1,1,1836,0,1836,0,0,1,0,"Brundtland III","A","Brundtland III A"
257,2232,"Grete Anni Berget","Berget","Grete",1954,2017,1,"GreteBerget1954",1991-11-15,1996-11-24,1836,37,"Barne- og familiedepartementet",18000,"Ministry of Children and Families","Barne- og familieminister",0,0,"Arbeiderpartiet",1991-11-15,1996-11-24,1,1,1836,0,1836,0,0,1,0,"Brundtland III","B","Brundtland III B"
257,2232,"Grete Anni Berget","Berget","Grete",1954,2017,1,"GreteBerget1954",1991-11-15,1996-11-24,1836,37,"Barne- og familiedepartementet",18000,"Ministry of Children and Families","Barne- og familieminister",0,0,"Arbeiderpartiet",1991-11-15,1996-11-24,1,1,1836,0,1836,0,0,1,0,"Jagland","A","Jagland"
258,2233,"Werner Hosewinckel Christie","Christie","Werner",1949,NA,0,"WernerChristie1949",1992-09-04,1995-12-21,1203,43,"Sosialdepartementet",7000,"Ministry of Health and Social Affairs","Helseminister",0,0,"Arbeiderpartiet",1992-09-04,1995-12-21,1,1,1203,0,1203,0,0,0,0,"Brundtland III","A","Brundtland III A"
258,2233,"Werner Hosewinckel Christie","Christie","Werner",1949,NA,0,"WernerChristie1949",1992-09-04,1995-12-21,1203,43,"Sosialdepartementet",7000,"Ministry of Health and Social Affairs","Helseminister",0,0,"Arbeiderpartiet",1992-09-04,1995-12-21,1,1,1203,0,1203,0,0,0,0,"Brundtland III","B","Brundtland III B"
259,2234,"Jan Henry Tungeland Olsen","Olsen","Jan",1956,2018,0,"JanOlsen1956",1992-09-04,1996-10-24,1511,36,"Fiskeridepartementet",6000,"Ministry of Fisheries","Fiskeriminister",0,0,"Arbeiderpartiet",1992-09-04,1996-10-24,1,1,1511,0,1511,0,0,0,0,"Brundtland III","A","Brundtland III A"
259,2234,"Jan Henry Tungeland Olsen","Olsen","Jan",1956,2018,0,"JanOlsen1956",1992-09-04,1996-10-24,1511,36,"Fiskeridepartementet",6000,"Ministry of Fisheries","Fiskeriminister",0,0,"Arbeiderpartiet",1992-09-04,1996-10-24,1,1,1511,0,1511,0,0,0,0,"Brundtland III","B","Brundtland III B"
260,2235,"Nils Olav Totland","Totland","Nils",1935,NA,0,"NilsTotland1935",1993-10-07,1996-10-24,1113,58,"Administrasjonsdepartementet",17000,"Ministry of Public Governance","Administrasjonsminister",0,0,"Arbeiderpartiet",1993-10-07,1996-10-24,1,1,1113,0,1113,0,0,0,0,"Brundtland III","B","Brundtland III B"
261,2236,"Kari Nordheim-Larsen","Nordheim-Larsen","Kari",1948,NA,1,"KariNordheim-Larsen1948",1993-12-24,1994-04-04,101,45,"Barne- og familiedepartementet",18000,"Ministry of Children and Families","Barne- og familieminister",0,1,"Arbeiderpartiet",1992-09-04,1997-10-16,1,1,1868,0,1868,0,0,0,0,"Brundtland III","B","Brundtland III B"
261,2236,"Kari Nordheim-Larsen","Nordheim-Larsen","Kari",1948,NA,1,"KariNordheim-Larsen1948",1992-09-04,1996-10-24,1511,44,"Utenriksdepartementet",4000,"Ministry of Foreign Affairs","Bistandsminister",0,0,"Arbeiderpartiet",1992-09-04,1997-10-16,1,1,1868,0,1868,0,0,0,0,"Brundtland III","A","Brundtland III A"
261,2236,"Kari Nordheim-Larsen","Nordheim-Larsen","Kari",1948,NA,1,"KariNordheim-Larsen1948",1992-09-04,1996-10-24,1511,44,"Utenriksdepartementet",4000,"Ministry of Foreign Affairs","Bistandsminister",0,0,"Arbeiderpartiet",1992-09-04,1997-10-16,1,1,1868,0,1868,0,0,0,0,"Brundtland III","B","Brundtland III B"
261,2236,"Kari Nordheim-Larsen","Nordheim-Larsen","Kari",1948,NA,1,"KariNordheim-Larsen1948",1996-10-25,1997-10-16,356,48,"Utenriksdepartementet",4000,"Ministry of Foreign Affairs","Bistandsminister",0,0,"Arbeiderpartiet",1992-09-04,1997-10-16,1,1,1868,0,1868,0,0,0,0,"Jagland","A","Jagland"
262,2239,"Bent Høie","Høie","Bent",1971,NA,0,"BentHøie1971",2013-10-16,2018-01-17,1554,42,"Helse- og omsorgsdepartementet",39000,"Ministry of Health and Social Affairs","Helse- og omsorgsminister",0,0,"Høyre",2013-10-16,2021-10-14,1,1,2920,0,2920,1,0,0,0,"Solberg","A","Solberg A"
262,2239,"Bent Høie","Høie","Bent",1971,NA,0,"BentHøie1971",2013-10-16,2018-01-17,1554,42,"Helse- og omsorgsdepartementet",39000,"Ministry of Health and Social Affairs","Helse- og omsorgsminister",0,0,"Høyre",2013-10-16,2021-10-14,1,1,2920,0,2920,1,0,0,0,"Solberg","B","Solberg B"
262,2239,"Bent Høie","Høie","Bent",1971,NA,0,"BentHøie1971",2018-01-17,2020-01-24,737,47,"Helse- og omsorgsdepartementet",39000,"Ministry of Health and Social Affairs","Helseminister",0,0,"Høyre",2013-10-16,2021-10-14,1,1,2920,0,2920,1,0,0,0,"Solberg","C","Solberg C"
262,2239,"Bent Høie","Høie","Bent",1971,NA,0,"BentHøie1971",2018-01-17,2020-01-24,737,47,"Helse- og omsorgsdepartementet",39000,"Ministry of Health and Social Affairs","Helseminister",0,0,"Høyre",2013-10-16,2021-10-14,1,1,2920,0,2920,1,0,0,0,"Solberg","D","Solberg D"
262,2239,"Bent Høie","Høie","Bent",1971,NA,0,"BentHøie1971",2020-01-24,2021-10-14,629,49,"Helse- og omsorgsdepartementet",39000,"Ministry of Health and Social Affairs","Helse- og omsorgsminister",0,0,"Høyre",2013-10-16,2021-10-14,1,1,2920,0,2920,1,0,0,0,"Solberg","E","Solberg E"
263,2257,"Oddny Aleksandersen","Aleksandersen","Oddny",1942,NA,1,"OddnyAleksandersen1942",1992-09-04,1993-10-06,397,50,"Arbeids- og administrasjonsdepartementet",17000,"Ministry of Public Governance","Arbeids- og administrasjonsminister/ Administrasjonsminister",0,0,"Arbeiderpartiet",1992-09-04,1993-10-06,1,1,397,0,397,0,0,0,0,"Brundtland III","A","Brundtland III A"
263,2257,"Oddny Aleksandersen","Aleksandersen","Oddny",1942,NA,1,"OddnyAleksandersen1942",1992-09-04,1993-10-06,397,50,"Arbeids- og administrasjonsdepartementet",17000,"Ministry of Public Governance","Arbeids- og administrasjonsminister/ Administrasjonsminister",0,0,"Arbeiderpartiet",1992-09-04,1993-10-06,1,1,397,0,397,0,0,0,0,"Brundtland III","B","Brundtland III B"
264,2258,"Anne Holt","Holt","Anne",1958,NA,1,"AnneHolt1958",1996-10-25,1997-02-03,101,38,"Justis- og politidepartementet",13000,"Ministry of Justice","Justisminister",0,0,"Arbeiderpartiet",1996-10-25,1997-02-03,1,1,101,0,101,0,0,0,0,"Jagland","A","Jagland"
265,2259,"Dag Terje Andersen","Andersen","Dag",1957,NA,0,"DagAndersen1957",1996-10-25,1997-10-16,356,39,"Landbruksdepartementet",19000,"Ministry of Agriculture and Food","Landbruksminister",0,0,"Arbeiderpartiet",1996-10-25,1997-10-16,1,2,356,0,1473,1,0,1,1,"Jagland","A","Jagland"
265,2259,"Dag Terje Andersen","Andersen","Dag",1957,NA,0,"DagAndersen1957",2006-09-29,2008-06-19,629,49,"Nærings- og handelsdepartementet",28000,"Ministry of Trade and Industry","Nærings- og handelsminister",0,0,"Arbeiderpartiet",2006-09-29,2009-10-20,2,2,1117,356,1473,1,1,1,1,"Stoltenberg II","A","Stoltenberg II A"
265,2259,"Dag Terje Andersen","Andersen","Dag",1957,NA,0,"DagAndersen1957",2008-06-20,2009-10-20,487,51,"Arbeids- og inkluderingsdepartementet",38000,"Ministry of Labor","Arbeids- og inkluderingsminister",0,0,"Arbeiderpartiet",2006-09-29,2009-10-20,2,2,1117,356,1473,1,1,1,1,"Stoltenberg II","A","Stoltenberg II A"
265,2259,"Dag Terje Andersen","Andersen","Dag",1957,NA,0,"DagAndersen1957",2008-06-20,2009-10-20,487,51,"Arbeids- og inkluderingsdepartementet",38000,"Ministry of Labor","Arbeids- og inkluderingsminister",0,0,"Arbeiderpartiet",2006-09-29,2009-10-20,2,2,1117,356,1473,1,1,1,1,"Stoltenberg II","B","Stoltenberg II B"
266,2260,"Terje Rød-Larsen","Rød-Larsen","Terje",1947,NA,0,"TerjeRød-Larsen1947",1996-10-25,1996-11-28,34,49,"Administrasjonsdepartementet",17000,"Ministry of Public Governance","Planleggingsminister",0,0,"Arbeiderpartiet",1996-10-25,1996-11-28,1,1,34,0,34,0,0,0,0,"Jagland","A","Jagland"
266,2260,"Terje Rød-Larsen","Rød-Larsen","Terje",1947,NA,0,"TerjeRød-Larsen1947",1996-11-15,1996-11-28,13,49,"Administrasjonsdepartementet",17000,"Ministry of Public Governance","Administrasjonsminister",0,0,"Arbeiderpartiet",1996-10-25,1996-11-28,1,1,34,0,34,0,0,0,0,"Jagland","A","Jagland"
267,2282,"Bendik Rugaas","Rugaas","Bendik",1942,NA,0,"BendikRugaas1942",1996-11-29,1996-12-31,32,54,"Administrasjonsdepartementet",17000,"Ministry of Public Governance","Administrasjonsminister",0,0,"Arbeiderpartiet",1996-11-29,1997-10-16,1,1,321,0,321,0,0,0,0,"Jagland","A","Jagland"
267,2282,"Bendik Rugaas","Rugaas","Bendik",1942,NA,0,"BendikRugaas1942",1997-01-01,1997-10-16,288,55,"Planleggings- og samordningsdepartementet",29000,"Ministry of Labor","Planleggings- og samordningsminister",0,0,"Arbeiderpartiet",1996-11-29,1997-10-16,1,1,321,0,321,0,0,0,0,"Jagland","A","Jagland"
268,2283,"Gerd Liv Valla","Valla","Gerd",1948,NA,1,"GerdValla1948",1997-02-04,1997-10-16,254,49,"Justis- og politidepartementet",13000,"Ministry of Justice","Justisminister",0,0,"Arbeiderpartiet",1997-02-04,1997-10-16,1,1,254,0,254,0,0,1,1,"Jagland","A","Jagland"
269,2303,"Trond Giske","Giske","Trond",1966,NA,0,"TrondGiske1966",2000-03-17,2001-10-18,580,34,"Kirke-, utdannings- og forskningsdepartementet",25000,"Ministry of Education","Kirke-, utdannings- og forskningsminister",0,0,"Arbeiderpartiet",2000-03-17,2001-10-18,1,2,580,0,3500,1,0,0,0,"Stoltenberg I","A","Stoltenberg I"
269,2303,"Trond Giske","Giske","Trond",1966,NA,0,"TrondGiske1966",2008-02-15,2008-02-28,13,42,"Barne- og likestillingsdepartementet",18000,"Ministry of Children and Families","Fungerende statsråd",1,1,"Arbeiderpartiet",2005-10-17,2013-10-15,2,2,2920,580,3500,1,1,0,0,"Stoltenberg II","A","Stoltenberg II A"
269,2303,"Trond Giske","Giske","Trond",1966,NA,0,"TrondGiske1966",2005-10-17,2009-10-20,1464,39,"Kultur- og kirkedepartementet",34000,"Ministry of Culture","Kultur- og kirkeminister",0,0,"Arbeiderpartiet",2005-10-17,2013-10-15,2,2,2920,580,3500,1,1,0,0,"Stoltenberg II","A","Stoltenberg II A"
269,2303,"Trond Giske","Giske","Trond",1966,NA,0,"TrondGiske1966",2005-10-17,2009-10-20,1464,39,"Kultur- og kirkedepartementet",34000,"Ministry of Culture","Kultur- og kirkeminister",0,0,"Arbeiderpartiet",2005-10-17,2013-10-15,2,2,2920,580,3500,1,1,0,0,"Stoltenberg II","B","Stoltenberg II B"
269,2303,"Trond Giske","Giske","Trond",1966,NA,0,"TrondGiske1966",2009-10-21,2013-10-15,1455,43,"Nærings- og handelsdepartementet",28000,"Ministry of Trade and Industry","Nærings- og handelsminister",0,0,"Arbeiderpartiet",2005-10-17,2013-10-15,2,2,2920,580,3500,1,1,0,0,"Stoltenberg II","B","Stoltenberg II B"
270,2307,"Bjarne Håkon Hanssen","Hanssen","Bjarne",1962,NA,0,"BjarneHanssen1962",2000-03-17,2001-10-18,580,38,"Landbruksdepartementet",19000,"Ministry of Agriculture and Food","Landbruksminister",0,0,"Arbeiderpartiet",2000-03-17,2001-10-18,1,2,580,0,2044,1,0,0,0,"Stoltenberg I","A","Stoltenberg I"
270,2307,"Bjarne Håkon Hanssen","Hanssen","Bjarne",1962,NA,0,"BjarneHanssen1962",2005-10-17,2008-06-19,976,43,"Arbeids- og sosialdepartementet",38000,"Ministry of Labor","Arbeids- og inkluderingsminister",0,0,"Arbeiderpartiet",2005-10-17,2009-10-20,2,2,1464,580,2044,1,1,0,0,"Stoltenberg II","A","Stoltenberg II A"
270,2307,"Bjarne Håkon Hanssen","Hanssen","Bjarne",1962,NA,0,"BjarneHanssen1962",2008-06-20,2009-10-20,487,46,"Helse- og omsorgsdepartementet",39000,"Ministry of Health and Social Affairs","Helse- og omsorgsminister",0,0,"Arbeiderpartiet",2005-10-17,2009-10-20,2,2,1464,580,2044,1,1,0,0,"Stoltenberg II","A","Stoltenberg II A"
270,2307,"Bjarne Håkon Hanssen","Hanssen","Bjarne",1962,NA,0,"BjarneHanssen1962",2008-06-20,2009-10-20,487,46,"Helse- og omsorgsdepartementet",39000,"Ministry of Health and Social Affairs","Helse- og omsorgsminister",0,0,"Arbeiderpartiet",2005-10-17,2009-10-20,2,2,1464,580,2044,1,1,0,0,"Stoltenberg II","B","Stoltenberg II B"
271,2311,"Siv Jensen","Jensen","Siv",1969,NA,1,"SivJensen1969",2013-10-16,2020-01-24,2291,44,"Finansdepartementet",1000,"Ministry of Finance","Finansminister",0,0,"Fremskrittspartiet",2013-10-16,2020-01-24,1,1,2291,0,2291,1,0,0,0,"Solberg","A","Solberg A"
271,2311,"Siv Jensen","Jensen","Siv",1969,NA,1,"SivJensen1969",2013-10-16,2020-01-24,2291,44,"Finansdepartementet",1000,"Ministry of Finance","Finansminister",0,0,"Fremskrittspartiet",2013-10-16,2020-01-24,1,1,2291,0,2291,1,0,0,0,"Solberg","B","Solberg B"
271,2311,"Siv Jensen","Jensen","Siv",1969,NA,1,"SivJensen1969",2013-10-16,2020-01-24,2291,44,"Finansdepartementet",1000,"Ministry of Finance","Finansminister",0,0,"Fremskrittspartiet",2013-10-16,2020-01-24,1,1,2291,0,2291,1,0,0,0,"Solberg","C","Solberg C"
271,2311,"Siv Jensen","Jensen","Siv",1969,NA,1,"SivJensen1969",2013-10-16,2020-01-24,2291,44,"Finansdepartementet",1000,"Ministry of Finance","Finansminister",0,0,"Fremskrittspartiet",2013-10-16,2020-01-24,1,1,2291,0,2291,1,0,0,0,"Solberg","D","Solberg D"
272,2333,"Per Sandberg","Sandberg","Per",1960,NA,0,"PerSandberg1960",2018-03-20,2018-04-04,15,58,"Justis- og beredskapsdepartementet",13000,"Ministry of Justice","Justis-, beredskaps- og innvandringsminister",0,1,"Fremskrittspartiet",2015-12-16,2018-08-13,1,1,971,0,971,1,0,0,0,"Solberg","C","Solberg C"
272,2333,"Per Sandberg","Sandberg","Per",1960,NA,0,"PerSandberg1960",2015-12-16,2018-08-13,971,55,"Nærings- og fiskeridepartementet",57170,"Ministry of Trade and Industry","Fiskeriminister",0,0,"Fremskrittspartiet",2015-12-16,2018-08-13,1,1,971,0,971,1,0,0,0,"Solberg","A","Solberg A"
272,2333,"Per Sandberg","Sandberg","Per",1960,NA,0,"PerSandberg1960",2015-12-16,2018-08-13,971,55,"Nærings- og fiskeridepartementet",57170,"Ministry of Trade and Industry","Fiskeriminister",0,0,"Fremskrittspartiet",2015-12-16,2018-08-13,1,1,971,0,971,1,0,0,0,"Solberg","B","Solberg B"
272,2333,"Per Sandberg","Sandberg","Per",1960,NA,0,"PerSandberg1960",2015-12-16,2018-08-13,971,55,"Nærings- og fiskeridepartementet",57170,"Ministry of Trade and Industry","Fiskeriminister",0,0,"Fremskrittspartiet",2015-12-16,2018-08-13,1,1,971,0,971,1,0,0,0,"Solberg","C","Solberg C"
273,2336,"Harald Tom Nesvik","Nesvik","Harald",1966,NA,0,"HaraldNesvik1966",2018-08-13,2019-08-30,382,52,"Nærings- og fiskeridepartementet",57170,"Ministry of Trade and Industry","Fiskeriminister",0,0,"Fremskrittspartiet",2018-08-13,2020-01-24,1,1,529,0,529,1,0,0,0,"Solberg","C","Solberg C"
273,2336,"Harald Tom Nesvik","Nesvik","Harald",1966,NA,0,"HaraldNesvik1966",2018-08-13,2019-08-30,382,52,"Nærings- og fiskeridepartementet",57170,"Ministry of Trade and Industry","Fiskeriminister",0,0,"Fremskrittspartiet",2018-08-13,2020-01-24,1,1,529,0,529,1,0,0,0,"Solberg","D","Solberg D"
273,2336,"Harald Tom Nesvik","Nesvik","Harald",1966,NA,0,"HaraldNesvik1966",2019-08-30,2020-01-24,147,53,"Nærings- og fiskeridepartementet",57170,"Ministry of Trade and Industry","Fiskeri- og sjømatminister",0,0,"Fremskrittspartiet",2018-08-13,2020-01-24,1,1,529,0,529,1,0,0,0,"Solberg","D","Solberg D"
274,2341,"Knut Vollebæk","Vollebæk","Knut",1946,NA,0,"KnutVollebæk1946",1997-10-17,2000-03-16,881,51,"Utenriksdepartementet",4000,"Ministry of Foreign Affairs","Utenriksminister",0,0,"Kristelig Folkeparti",1997-10-17,2000-03-16,1,1,881,0,881,0,0,0,1,"Bondevik I",NA,"Bondevik I"
275,2342,"Eldbjørg Løwer","Løwer","Eldbjørg",1943,NA,1,"EldbjørgLøwer1943",1997-10-17,1999-03-14,513,54,"Planleggings- og samordningsdepartementet",29000,"Ministry of Labor","Arbeids- og administrasjonsminister",0,0,"Venstre",1997-10-17,2000-03-16,1,1,881,0,881,0,0,0,0,"Bondevik I",NA,"Bondevik I"
275,2342,"Eldbjørg Løwer","Løwer","Eldbjørg",1943,NA,1,"EldbjørgLøwer1943",1999-03-15,2000-03-16,367,56,"Forsvarsdepartementet",5000,"Ministry of Defense","Forsvarsminister",0,0,"Venstre",1997-10-17,2000-03-16,1,1,881,0,881,0,0,0,0,"Bondevik I",NA,"Bondevik I"
276,2343,"Dagfinn Høybråten","Høybråten","Dagfinn",1957,NA,0,"DagfinnHøybråten1957",1999-02-18,1999-03-14,24,42,"Justis- og politidepartementet",13000,"Ministry of Justice","Konstituert justisminister",1,1,"Kristelig Folkeparti",1997-10-17,2000-03-16,1,2,881,0,2339,0,0,1,1,"Bondevik I",NA,"Bondevik I"
276,2343,"Dagfinn Høybråten","Høybråten","Dagfinn",1957,NA,0,"DagfinnHøybråten1957",1997-10-17,2000-03-16,881,40,"Sosial- og helsedepartementet",7000,"Ministry of Health and Social Affairs","Helseminister",0,0,"Kristelig Folkeparti",1997-10-17,2000-03-16,1,2,881,0,2339,0,0,1,1,"Bondevik I",NA,"Bondevik I"
276,2343,"Dagfinn Høybråten","Høybråten","Dagfinn",1957,NA,0,"DagfinnHøybråten1957",2001-10-19,2001-12-31,73,44,"Sosial- og helsedepartementet",7000,"Ministry of Health and Social Affairs","Helseminister",0,0,"Kristelig Folkeparti",2001-10-19,2005-10-16,2,2,1458,881,2339,0,1,1,1,"Bondevik II","A","Bondevik II"
276,2343,"Dagfinn Høybråten","Høybråten","Dagfinn",1957,NA,0,"DagfinnHøybråten1957",2002-01-01,2004-06-17,898,45,"Helsedepartementet",37000,"Ministry of Health and Social Affairs","Helseminister",0,0,"Kristelig Folkeparti",2001-10-19,2005-10-16,2,2,1458,881,2339,0,1,1,1,"Bondevik II","A","Bondevik II"
276,2343,"Dagfinn Høybråten","Høybråten","Dagfinn",1957,NA,0,"DagfinnHøybråten1957",2004-06-18,2004-09-30,104,47,"Sosialdepartementet",36000,"Ministry of Labor","Arbeids- og sosialminister",0,0,"Kristelig Folkeparti",2001-10-19,2005-10-16,2,2,1458,881,2339,0,1,1,1,"Bondevik II","A","Bondevik II"
276,2343,"Dagfinn Høybråten","Høybråten","Dagfinn",1957,NA,0,"DagfinnHøybråten1957",2004-10-01,2005-10-16,380,47,"Arbeids- og sosialdepartementet",38000,"Ministry of Labor","Arbeids- og sosialminister",0,0,"Kristelig Folkeparti",2001-10-19,2005-10-16,2,2,1458,881,2339,0,1,1,1,"Bondevik II","A","Bondevik II"
277,2344,"Guro Fjellanger","Fjellanger","Guro",1964,2019,1,"GuroFjellanger1964",1997-10-17,2000-03-16,881,33,"Miljøverndepartementet",20000,"Ministry of Climate and Environment","Miljøvernminister",0,0,"Venstre",1997-10-17,2000-03-16,1,1,881,0,881,0,0,0,0,"Bondevik I",NA,"Bondevik I"
278,4028,"Olaj Johan Olsen","Olsen","Olaj",1851,1920,0,"OlajOlsen1851",1888-04-01,1888-05-31,60,37,"Finans- og tolldepartementet",1000,"Ministry of Finance","Konstituert statsråd",1,0,"Venstre",1888-04-01,1888-05-31,1,4,60,0,905,0,0,0,0,"Sverdrup","B","Sverdrup B"
278,4028,"Olaj Johan Olsen","Olsen","Olaj",1851,1920,0,"OlajOlsen1851",1888-08-28,1888-09-14,17,37,"Justis- og politidepartementet",13000,"Ministry of Justice","Justisminister",0,1,"Venstre",1888-07-13,1889-04-30,2,4,291,60,905,0,1,0,0,"Sverdrup","B","Sverdrup B"
278,4028,"Olaj Johan Olsen","Olsen","Olaj",1851,1920,0,"OlajOlsen1851",1888-07-13,1889-04-30,291,37,"Finans- og tolldepartementet",1000,"Ministry of Finance","Finansminister",0,0,"Venstre",1888-07-13,1889-04-30,2,4,291,60,905,0,1,0,0,"Sverdrup","B","Sverdrup B"
278,4028,"Olaj Johan Olsen","Olsen","Olaj",1851,1920,0,"OlajOlsen1851",1888-07-13,1889-04-30,291,37,"Finans- og tolldepartementet",1000,"Ministry of Finance","Finansminister",0,0,"Venstre",1888-07-13,1889-04-30,2,4,291,60,905,0,1,0,0,"Sverdrup","C","Sverdrup C"
278,4028,"Olaj Johan Olsen","Olsen","Olaj",1851,1920,0,"OlajOlsen1851",1889-07-08,1889-07-12,4,38,"Finans- og tolldepartementet",1000,"Ministry of Finance","Finansminister",0,0,"Venstre",1889-07-08,1889-07-12,3,4,4,351,905,0,1,0,0,"Sverdrup","C","Sverdrup C"
278,4028,"Olaj Johan Olsen","Olsen","Olaj",1851,1920,0,"OlajOlsen1851",1896-08-15,1897-07-31,350,45,"Statsrådsavdelingen i Stockholm",166,"The Norwegian Council of State Division in Stockholm","Statsråd",0,0,"Moderate Venstre",1896-08-15,1898-02-16,4,4,550,355,905,0,1,0,0,"Hagerup I","A","Hagerup I"
278,4028,"Olaj Johan Olsen","Olsen","Olaj",1851,1920,0,"OlajOlsen1851",1897-08-01,1898-02-16,199,46,"Indredepartementet",127,"Ministry of Local Government","",0,0,"Moderate Venstre",1896-08-15,1898-02-16,4,4,550,355,905,0,1,0,0,"Hagerup I","A","Hagerup I"
279,4085,"Terje Søviknes","Søviknes","Terje",1969,NA,0,"TerjeSøviknes1969",2016-12-10,2018-08-31,629,47,"Olje- og energidepartementet",31000,"Ministry of Oil and Energy","Olje- og energiminister",0,0,"Fremskrittspartiet",2016-12-10,2018-08-31,1,2,629,0,666,1,0,0,0,"Solberg","A","Solberg A"
279,4085,"Terje Søviknes","Søviknes","Terje",1969,NA,0,"TerjeSøviknes1969",2016-12-10,2018-08-31,629,47,"Olje- og energidepartementet",31000,"Ministry of Oil and Energy","Olje- og energiminister",0,0,"Fremskrittspartiet",2016-12-10,2018-08-31,1,2,629,0,666,1,0,0,0,"Solberg","B","Solberg B"
279,4085,"Terje Søviknes","Søviknes","Terje",1969,NA,0,"TerjeSøviknes1969",2016-12-10,2018-08-31,629,47,"Olje- og energidepartementet",31000,"Ministry of Oil and Energy","Olje- og energiminister",0,0,"Fremskrittspartiet",2016-12-10,2018-08-31,1,2,629,0,666,1,0,0,0,"Solberg","C","Solberg C"
279,4085,"Terje Søviknes","Søviknes","Terje",1969,NA,0,"TerjeSøviknes1969",2019-12-18,2020-01-24,37,50,"Helse- og omsorgsdepartementet",39000,"Ministry of Health and Social Affairs","Eldre- og folkehelseminister",0,0,"Fremskrittspartiet",2019-12-18,2020-01-24,2,2,37,629,666,1,1,0,0,"Solberg","D","Solberg D"
280,4091,"Robert Eriksson","Eriksson","Robert",1974,NA,0,"RobertEriksson1974",2013-10-16,2015-12-15,790,39,"Arbeidsdepartementet",41000,"Ministry of Labor","Arbeids- og sosialminister",0,0,"Fremskrittspartiet",2013-10-16,2015-12-15,1,1,790,0,790,1,0,0,0,"Solberg","A","Solberg A"
281,4101,"Siri Bjerke","Bjerke","Siri",1958,2012,1,"SiriBjerke1958",2000-03-17,2001-10-18,580,42,"Miljøverndepartementet",20000,"Ministry of Climate and Environment","Miljøvernminister",0,0,"Arbeiderpartiet",2000-03-17,2001-10-18,1,1,580,0,580,1,0,0,1,"Stoltenberg I","A","Stoltenberg I"
282,4133,"Elisabeth Vik Aspaker","Aspaker","Elisabeth",1962,NA,1,"ElisabethAspaker1962",2013-10-16,2013-12-31,76,51,"Fiskeri- og kystdepartementet",6000,"Ministry of Fisheries","Fiskeriminister",0,0,"Høyre",2013-10-16,2016-12-20,1,1,1161,0,1161,1,0,1,1,"Solberg","A","Solberg A"
282,4133,"Elisabeth Vik Aspaker","Aspaker","Elisabeth",1962,NA,1,"ElisabethAspaker1962",2014-01-01,2015-12-15,713,52,"Nærings- og fiskeridepartementet",57170,"Ministry of Trade and Industry","Fiskeriminister",0,0,"Høyre",2013-10-16,2016-12-20,1,1,1161,0,1161,1,0,1,1,"Solberg","A","Solberg A"
282,4133,"Elisabeth Vik Aspaker","Aspaker","Elisabeth",1962,NA,1,"ElisabethAspaker1962",2015-12-16,2016-12-20,370,53,"Utenriksdepartementet",4000,"Ministry of Foreign Affairs","EØS- og EU-minister",0,0,"Høyre",2013-10-16,2016-12-20,1,1,1161,0,1161,1,0,1,1,"Solberg","A","Solberg A"
283,4173,"Laila Dåvøy","Dåvøy","Laila",1948,NA,1,"LailaDåvøy1948",1999-03-15,2000-03-16,367,51,"Arbeids- og administrasjonsdepartementet",29000,"Ministry of Labor","Arbeids- og administrasjonsminister",0,0,"Kristelig Folkeparti",1999-03-15,2000-03-16,1,2,367,0,1825,0,0,1,1,"Bondevik I",NA,"Bondevik I"
283,4173,"Laila Dåvøy","Dåvøy","Laila",1948,NA,1,"LailaDåvøy1948",2001-10-19,2005-10-16,1458,53,"Barne- og familiedepartementet",18000,"Ministry of Children and Families","Barne- og familieminister",0,0,"Kristelig Folkeparti",2001-10-19,2005-10-16,2,2,1458,367,1825,0,1,1,1,"Bondevik II","A","Bondevik II"
284,4185,"Otto Gregussen","Gregussen","Otto",1956,NA,0,"OttoGregussen1956",2000-03-17,2001-10-18,580,44,"Fiskeridepartementet",6000,"Ministry of Fisheries","Fiskeriminister",0,0,"Arbeiderpartiet",2000-03-17,2001-10-18,1,1,580,0,580,0,0,1,1,"Stoltenberg I","A","Stoltenberg I"
285,4298,"Torild Skogsholm","Skogsholm","Torild",1959,NA,1,"TorildSkogsholm1959",2001-10-19,2005-10-16,1458,42,"Samferdselsdepartementet",8000,"Ministry of Transport and Infrastructure","Samferdselsminister",0,0,"Venstre",2001-10-19,2005-10-16,1,1,1458,0,1458,0,0,0,1,"Bondevik II","A","Bondevik II"
286,4299,"Åslaug Marie Haga","Haga","Åslaug",1959,NA,1,"ÅslaugHaga1959",1999-10-08,2000-03-16,160,40,"Kulturdepartementet",26000,"Ministry of Culture","Kulturminister",0,0,"Senterpartiet",1999-10-08,2000-03-16,1,2,160,0,1136,0,0,1,1,"Bondevik I",NA,"Bondevik I"
286,4299,"Åslaug Marie Haga","Haga","Åslaug",1959,NA,1,"ÅslaugHaga1959",2005-10-17,2007-09-20,703,46,"Kommunal- og regionaldepartementet",9000,"Ministry of Local Government","Kommunal- og regionalminister",0,0,"Senterpartiet",2005-10-17,2008-06-19,2,2,976,160,1136,1,1,1,1,"Stoltenberg II","A","Stoltenberg II A"
286,4299,"Åslaug Marie Haga","Haga","Åslaug",1959,NA,1,"ÅslaugHaga1959",2007-09-21,2008-06-19,272,48,"Olje- og energidepartementet",31000,"Ministry of Oil and Energy","Olje- og energiminister",0,0,"Senterpartiet",2005-10-17,2008-06-19,2,2,976,160,1136,1,1,1,1,"Stoltenberg II","A","Stoltenberg II A"
287,10028,"Sven Eivindson Aarrestad","Aarrestad","Sven",1850,1942,0,"SvenAarrestad1850",1906-11-07,1907-10-22,349,56,"Landbruksdepartementet",19000,"Ministry of Agriculture and Food","Landbruksminister",0,0,"Venstre",1906-11-07,1908-03-18,1,1,497,0,497,1,0,0,0,"Michelsen","B","Michelsen B"
287,10028,"Sven Eivindson Aarrestad","Aarrestad","Sven",1850,1942,0,"SvenAarrestad1850",1907-10-23,1908-03-18,147,57,"Revisjonsdepartementet",125,"Ministry of Auditing","",0,0,"Venstre",1906-11-07,1908-03-18,1,1,497,0,497,1,0,0,0,"Michelsen","B","Michelsen B"
287,10028,"Sven Eivindson Aarrestad","Aarrestad","Sven",1850,1942,0,"SvenAarrestad1850",1907-10-23,1908-03-18,147,57,"Revisjonsdepartementet",125,"Ministry of Auditing","",0,0,"Venstre",1906-11-07,1908-03-18,1,1,497,0,497,1,0,0,0,"Løvland",NA,"Løvland"
287,10028,"Sven Eivindson Aarrestad","Aarrestad","Sven",1850,1942,0,"SvenAarrestad1850",1907-10-23,1908-03-18,147,57,"Landbruksdepartementet",19000,"Ministry of Agriculture and Food","Landbruksminister",0,0,"Venstre",1906-11-07,1908-03-18,1,1,497,0,497,1,0,0,0,"Michelsen","B","Michelsen B"
287,10028,"Sven Eivindson Aarrestad","Aarrestad","Sven",1850,1942,0,"SvenAarrestad1850",1907-10-23,1908-03-18,147,57,"Landbruksdepartementet",19000,"Ministry of Agriculture and Food","Landbruksminister",0,0,"Venstre",1906-11-07,1908-03-18,1,1,497,0,497,1,0,0,0,"Løvland",NA,"Løvland"
288,10035,"Hans Jørgensen Aarstad","Aarstad","Hans",1878,1954,0,"HansAarstad1878",1928-02-15,1931-05-11,1181,50,"Landbruksdepartementet",19000,"Ministry of Agriculture and Food","Landbruksminister",0,0,"Venstre",1928-02-15,1931-05-11,1,1,1181,0,1181,1,0,0,0,"Mowinckel II","A","Mowinckel II A"
288,10035,"Hans Jørgensen Aarstad","Aarstad","Hans",1878,1954,0,"HansAarstad1878",1928-02-15,1931-05-11,1181,50,"Landbruksdepartementet",19000,"Ministry of Agriculture and Food","Landbruksminister",0,0,"Venstre",1928-02-15,1931-05-11,1,1,1181,0,1181,1,0,0,0,"Mowinckel II","B","Mowinckel II B"
289,10037,"Søren Tobias Årstad","Årstad","Søren",1861,1928,0,"SørenÅrstad1861",1900-11-06,1901-05-31,206,39,"Finans- og tolldepartementet",1000,"Ministry of Finance","Finansminister",0,0,"Venstre",1900-11-06,1903-10-21,1,1,1079,0,1079,1,0,0,0,"Steen II","B","Steen II B"
289,10037,"Søren Tobias Årstad","Årstad","Søren",1861,1928,0,"SørenÅrstad1861",1901-06-01,1902-04-20,323,40,"Statsrådsavdelingen i Stockholm",166,"The Norwegian Council of State Division in Stockholm","Statsråd",0,0,"Venstre",1900-11-06,1903-10-21,1,1,1079,0,1079,1,0,0,0,"Steen II","B","Steen II B"
289,10037,"Søren Tobias Årstad","Årstad","Søren",1861,1928,0,"SørenÅrstad1861",1902-04-21,1903-10-21,548,41,"Justis- og politidepartementet",13000,"Ministry of Justice","Justisminister",0,0,"Venstre",1900-11-06,1903-10-21,1,1,1079,0,1079,1,0,0,0,"Blehr I","A","Blehr I"
290,10068,"Ivar Aavatsmark","Aavatsmark","Ivar",1864,1947,0,"IvarAavatsmark1864",1919-06-17,1920-06-20,369,55,"Forsvarsdepartementet",5000,"Ministry of Defense","Forsvarsminister",0,0,"Venstre",1919-06-17,1920-06-20,1,2,369,0,990,1,0,0,0,"Knudsen II","C","Knudsen II C"
290,10068,"Ivar Aavatsmark","Aavatsmark","Ivar",1864,1947,0,"IvarAavatsmark1864",1921-06-22,1923-03-05,621,57,"Forsvarsdepartementet",5000,"Ministry of Defense","Forsvarsminister",0,0,"Venstre",1921-06-22,1923-03-05,2,2,621,369,990,1,1,0,0,"Blehr II","A","Blehr II A"
290,10068,"Ivar Aavatsmark","Aavatsmark","Ivar",1864,1947,0,"IvarAavatsmark1864",1921-06-22,1923-03-05,621,57,"Forsvarsdepartementet",5000,"Ministry of Defense","Forsvarsminister",0,0,"Venstre",1921-06-22,1923-03-05,2,2,621,369,990,1,1,0,0,"Blehr II","B","Blehr II B"
291,10072,"Lars Kristian Abrahamsen","Abrahamsen","Lars",1855,1921,0,"LarsAbrahamsen1855",1908-03-19,1910-02-01,684,53,"Handelsdepartementet",2000,"Ministry of Trade and Industry","Handel-, sjøfart og industriminister",0,0,"Venstre",1908-03-19,1910-02-01,1,3,684,0,2826,1,0,0,0,"Knudsen I","A","Knudsen I"
291,10072,"Lars Kristian Abrahamsen","Abrahamsen","Lars",1855,1921,0,"LarsAbrahamsen1855",1913-01-31,1916-07-25,1271,58,"Justis- og politidepartementet",13000,"Ministry of Justice","Justisminister",0,0,"Venstre",1913-01-31,1916-07-25,2,3,1271,684,2826,1,1,0,0,"Knudsen II","A","Knudsen II A"
291,10072,"Lars Kristian Abrahamsen","Abrahamsen","Lars",1855,1921,0,"LarsAbrahamsen1855",1913-01-31,1916-07-25,1271,58,"Justis- og politidepartementet",13000,"Ministry of Justice","Justisminister",0,0,"Venstre",1913-01-31,1916-07-25,2,3,1271,684,2826,1,1,0,0,"Knudsen II","B","Knudsen II B"
291,10072,"Lars Kristian Abrahamsen","Abrahamsen","Lars",1855,1921,0,"LarsAbrahamsen1855",1916-10-01,1919-02-19,871,61,"Sosialdepartementet",7000,"Ministry of Health and Social Affairs","Sosialminister",0,0,"Venstre",1916-10-01,1919-02-19,3,3,871,1955,2826,1,1,0,0,"Knudsen II","B","Knudsen II B"
291,10072,"Lars Kristian Abrahamsen","Abrahamsen","Lars",1855,1921,0,"LarsAbrahamsen1855",1916-10-01,1919-02-19,871,61,"Sosialdepartementet",7000,"Ministry of Health and Social Affairs","Sosialminister",0,0,"Venstre",1916-10-01,1919-02-19,3,3,871,1955,2826,1,1,0,0,"Knudsen II","C","Knudsen II C"
292,10092,"Olaf Amundsen","Amundsen","Olaf",1876,1939,0,"OlafAmundsen1876",1921-06-22,1922-08-23,427,45,"Justis- og politidepartementet",13000,"Ministry of Justice","Justisminister",0,0,"Venstre",1921-06-22,1922-08-23,1,1,427,0,427,1,0,0,0,"Blehr II","A","Blehr II A"
292,10092,"Olaf Amundsen","Amundsen","Olaf",1876,1939,0,"OlafAmundsen1876",1921-06-22,1922-08-23,427,45,"Justis- og politidepartementet",13000,"Ministry of Justice","Justisminister",0,0,"Venstre",1921-06-22,1922-08-23,1,1,427,0,427,1,0,0,0,"Blehr II","B","Blehr II B"
293,10116,"Torgeir Anderssen-Rysst","Anderssen-Rysst","Torgeir",1888,1958,0,"TorgeirAnderssen-Rysst1888",1928-02-15,1931-05-11,1181,40,"Forsvarsdepartementet",5000,"Ministry of Defense","Forsvarsminister",0,0,"Venstre",1928-02-15,1931-05-11,1,1,1181,0,1181,1,0,0,0,"Mowinckel II","A","Mowinckel II A"
293,10116,"Torgeir Anderssen-Rysst","Anderssen-Rysst","Torgeir",1888,1958,0,"TorgeirAnderssen-Rysst1888",1928-02-15,1931-05-11,1181,40,"Forsvarsdepartementet",5000,"Ministry of Defense","Forsvarsminister",0,0,"Venstre",1928-02-15,1931-05-11,1,1,1181,0,1181,1,0,0,0,"Mowinckel II","B","Mowinckel II B"
294,10145,"Sofus Anton Birger Arctander","Arctander","Sofus",1845,1924,0,"SofusArctander1845",1884-06-26,1885-07-31,400,39,"Indredepartementet",127,"Ministry of Local Government","",0,0,"Venstre",1884-06-26,1888-02-16,1,3,1330,0,2561,1,0,0,0,"Sverdrup","A","Sverdrup A"
294,10145,"Sofus Anton Birger Arctander","Arctander","Sofus",1845,1924,0,"SofusArctander1845",1885-08-01,1886-07-31,364,40,"Statsrådsavdelingen i Stockholm",166,"The Norwegian Council of State Division in Stockholm","Statsråd",0,0,"Venstre",1884-06-26,1888-02-16,1,3,1330,0,2561,1,0,0,0,"Sverdrup","A","Sverdrup A"
294,10145,"Sofus Anton Birger Arctander","Arctander","Sofus",1845,1924,0,"SofusArctander1845",1885-08-01,1886-07-31,364,40,"Statsrådsavdelingen i Stockholm",166,"The Norwegian Council of State Division in Stockholm","Statsråd",0,0,"Venstre",1884-06-26,1888-02-16,1,3,1330,0,2561,1,0,0,0,"Sverdrup","B","Sverdrup B"
294,10145,"Sofus Anton Birger Arctander","Arctander","Sofus",1845,1924,0,"SofusArctander1845",1886-08-01,1888-02-16,564,41,"Indredepartementet",127,"Ministry of Local Government","",0,0,"Venstre",1884-06-26,1888-02-16,1,3,1330,0,2561,1,0,0,0,"Sverdrup","B","Sverdrup B"
294,10145,"Sofus Anton Birger Arctander","Arctander","Sofus",1845,1924,0,"SofusArctander1845",1905-08-31,1905-09-22,22,60,"Statsministerembetet",165,"Prime Minister's Office","Fungerende statsminister",1,1,"Venstre",1905-03-11,1908-03-18,2,3,1103,1330,2561,1,1,0,0,"Michelsen","A","Michelsen A"
294,10145,"Sofus Anton Birger Arctander","Arctander","Sofus",1845,1924,0,"SofusArctander1845",1905-03-11,1907-10-22,955,60,"Handelsdepartementet",2000,"Ministry of Trade and Industry","Handel-, sjøfart og industriminister",0,0,"Venstre",1905-03-11,1908-03-18,2,3,1103,1330,2561,1,1,0,0,"Michelsen","A","Michelsen A"
294,10145,"Sofus Anton Birger Arctander","Arctander","Sofus",1845,1924,0,"SofusArctander1845",1905-03-11,1907-10-22,955,60,"Handelsdepartementet",2000,"Ministry of Trade and Industry","Handel-, sjøfart og industriminister",0,0,"Venstre",1905-03-11,1908-03-18,2,3,1103,1330,2561,1,1,0,0,"Michelsen","B","Michelsen B"
294,10145,"Sofus Anton Birger Arctander","Arctander","Sofus",1845,1924,0,"SofusArctander1845",1907-10-23,1908-03-18,147,62,"Handelsdepartementet",2000,"Ministry of Trade and Industry","Handel-, sjøfart og industriminister",0,0,"Venstre",1905-03-11,1908-03-18,2,3,1103,1330,2561,1,1,0,0,"Michelsen","B","Michelsen B"
294,10145,"Sofus Anton Birger Arctander","Arctander","Sofus",1845,1924,0,"SofusArctander1845",1907-10-23,1908-03-18,147,62,"Handelsdepartementet",2000,"Ministry of Trade and Industry","Handel-, sjøfart og industriminister",0,0,"Venstre",1905-03-11,1908-03-18,2,3,1103,1330,2561,1,1,0,0,"Løvland",NA,"Løvland"
294,10145,"Sofus Anton Birger Arctander","Arctander","Sofus",1845,1924,0,"SofusArctander1845",1910-02-02,1910-06-10,128,65,"Handelsdepartementet",2000,"Ministry of Trade and Industry","Handel-, sjøfart og industriminister",0,0,"Frisindede Venstre",1910-02-02,1910-06-10,3,3,128,2433,2561,1,1,0,0,"Konow",NA,"Konow"
295,10150,"Ulrik Frederik Christian Arneberg","Arneberg","Ulrik",1829,1911,0,"UlrikArneberg1829",1889-07-13,1890-06-30,352,60,"Statsrådsavdelingen i Stockholm",166,"The Norwegian Council of State Division in Stockholm","Statsråd",0,0,"Høyre",1889-07-13,1891-03-05,1,1,600,0,600,0,0,0,0,"Stang I",NA,"Stang I"
295,10150,"Ulrik Frederik Christian Arneberg","Arneberg","Ulrik",1829,1911,0,"UlrikArneberg1829",1890-07-01,1891-03-05,247,61,"Justis- og politidepartementet",13000,"Ministry of Justice","Justisminister",0,0,"Høyre",1889-07-13,1891-03-05,1,1,600,0,600,0,0,0,0,"Stang I",NA,"Stang I"
296,10175,"Hans Rasmus Astrup","Astrup","Hans",1831,1898,0,"HansAstrup1831",1885-09-01,1887-08-31,729,54,"Arbeidsdepartementet",126,"Ministry of Transport and Infrastructure","Arbeidsminister",0,0,"Venstre",1885-09-01,1888-02-16,1,1,898,0,898,0,0,0,0,"Sverdrup","A","Sverdrup A"
296,10175,"Hans Rasmus Astrup","Astrup","Hans",1831,1898,0,"HansAstrup1831",1885-09-01,1887-08-31,729,54,"Arbeidsdepartementet",126,"Ministry of Transport and Infrastructure","Arbeidsminister",0,0,"Venstre",1885-09-01,1888-02-16,1,1,898,0,898,0,0,0,0,"Sverdrup","B","Sverdrup B"
296,10175,"Hans Rasmus Astrup","Astrup","Hans",1831,1898,0,"HansAstrup1831",1887-09-01,1888-02-16,168,56,"Statsrådsavdelingen i Stockholm",166,"The Norwegian Council of State Division in Stockholm","Statsråd",0,0,"Venstre",1885-09-01,1888-02-16,1,1,898,0,898,0,0,0,0,"Sverdrup","B","Sverdrup B"
297,10259,"Abraham Theodor Berge","Berge","Abraham",1851,1936,0,"AbrahamBerge1851",1906-11-07,1907-10-22,349,55,"Finans- og tolldepartementet",1000,"Ministry of Finance","Finansminister",0,0,"Venstre",1906-11-07,1908-03-18,1,3,497,0,1750,1,0,0,0,"Michelsen","B","Michelsen B"
297,10259,"Abraham Theodor Berge","Berge","Abraham",1851,1936,0,"AbrahamBerge1851",1907-10-23,1908-03-18,147,56,"Kirke- og undervisningsdepartementet",21000,"Ministry of Education","Kirke- og undervisningsminister",0,0,"Venstre",1906-11-07,1908-03-18,1,3,497,0,1750,1,0,0,0,"Michelsen","B","Michelsen B"
297,10259,"Abraham Theodor Berge","Berge","Abraham",1851,1936,0,"AbrahamBerge1851",1907-10-23,1908-03-18,147,56,"Kirke- og undervisningsdepartementet",21000,"Ministry of Education","Kirke- og undervisningsminister",0,0,"Venstre",1906-11-07,1908-03-18,1,3,497,0,1750,1,0,0,0,"Løvland",NA,"Løvland"
297,10259,"Abraham Theodor Berge","Berge","Abraham",1851,1936,0,"AbrahamBerge1851",1910-02-02,1912-02-19,747,59,"Finans- og tolldepartementet",1000,"Ministry of Finance","Finansminister",0,0,"Frisindede Venstre",1910-02-02,1912-02-19,2,3,747,497,1750,1,1,0,0,"Konow",NA,"Konow"
297,10259,"Abraham Theodor Berge","Berge","Abraham",1851,1936,0,"AbrahamBerge1851",1923-03-06,1923-05-29,84,72,"Finans- og tolldepartementet",1000,"Ministry of Finance","Finansminister",0,0,"Frisindede Venstre",1923-03-06,1924-07-24,3,3,506,1244,1750,1,1,0,0,"Halvorsen II",NA,"Halvorsen II"
297,10259,"Abraham Theodor Berge","Berge","Abraham",1851,1936,0,"AbrahamBerge1851",1923-05-30,1924-07-24,421,72,"Statsministerembetet",165,"Prime Minister's Office","",0,0,"Frisindede Venstre",1923-03-06,1924-07-24,3,3,506,1244,1750,1,1,0,0,"Berge",NA,"Berge"
297,10259,"Abraham Theodor Berge","Berge","Abraham",1851,1936,0,"AbrahamBerge1851",1923-05-30,1924-07-24,421,72,"Finans- og tolldepartementet",1000,"Ministry of Finance","Finansminister",0,0,"Frisindede Venstre",1923-03-06,1924-07-24,3,3,506,1244,1750,1,1,0,0,"Berge",NA,"Berge"
298,10281,"Kornelius Olai Person Bergsvik","Bergsvik","Kornelius",1889,1975,0,"KorneliusBergsvik1889",1935-03-20,1936-11-12,603,46,"Sosialdepartementet",7000,"Ministry of Health and Social Affairs","Sosialminister",0,0,"Arbeiderpartiet",1935-03-20,1939-06-30,1,1,1563,0,1563,1,0,0,0,"Nygaardsvold","A","Nygaardsvold A"
298,10281,"Kornelius Olai Person Bergsvik","Bergsvik","Kornelius",1889,1975,0,"KorneliusBergsvik1889",1936-11-13,1939-06-30,959,47,"Finans- og tolldepartementet",1000,"Ministry of Finance","Finansminister",0,0,"Arbeiderpartiet",1935-03-20,1939-06-30,1,1,1563,0,1563,1,0,0,0,"Nygaardsvold","A","Nygaardsvold A"
298,10281,"Kornelius Olai Person Bergsvik","Bergsvik","Kornelius",1889,1975,0,"KorneliusBergsvik1889",1936-11-13,1939-06-30,959,47,"Finans- og tolldepartementet",1000,"Ministry of Finance","Finansminister",0,0,"Arbeiderpartiet",1935-03-20,1939-06-30,1,1,1563,0,1563,1,0,0,0,"Nygaardsvold","B","Nygaardsvold B"
299,10282,"Carl Christian Berner","Berner","Carl",1841,1918,0,"CarlBerner1841",1891-03-06,1892-06-30,482,50,"Statsrådsavdelingen i Stockholm",166,"The Norwegian Council of State Division in Stockholm","Statsråd",0,0,"Venstre",1891-03-06,1893-05-01,1,1,787,0,787,1,0,0,0,"Steen I","A","Steen I A"
299,10282,"Carl Christian Berner","Berner","Carl",1841,1918,0,"CarlBerner1841",1891-03-06,1892-06-30,482,50,"Statsrådsavdelingen i Stockholm",166,"The Norwegian Council of State Division in Stockholm","Statsråd",0,0,"Venstre",1891-03-06,1893-05-01,1,1,787,0,787,1,0,0,0,"Steen I","B","Steen I B"
299,10282,"Carl Christian Berner","Berner","Carl",1841,1918,0,"CarlBerner1841",1892-07-01,1893-05-01,304,51,"Kirke- og undervisningsdepartementet",21000,"Ministry of Education","Kirke- og undervisningsminister",0,0,"Venstre",1891-03-06,1893-05-01,1,1,787,0,787,1,0,0,0,"Steen I","B","Steen I B"
300,10301,"Peter Birch-Reichenwald","Birch-Reichenwald","Peter",1843,1898,0,"PeterBirch-Reichenwald1843",1889-07-13,1891-03-05,600,46,"Arbeidsdepartementet",126,"Ministry of Transport and Infrastructure","Arbeidsminister",0,0,"Høyre",1889-07-13,1891-03-05,1,2,600,0,1189,0,0,0,0,"Stang I",NA,"Stang I"
300,10301,"Peter Birch-Reichenwald","Birch-Reichenwald","Peter",1843,1898,0,"PeterBirch-Reichenwald1843",1894-03-03,1895-10-13,589,51,"Indredepartementet",127,"Ministry of Local Government","",0,0,"Høyre",1894-03-03,1895-10-13,2,2,589,600,1189,1,1,0,0,"Stang II","A","Stang II A"
300,10301,"Peter Birch-Reichenwald","Birch-Reichenwald","Peter",1843,1898,0,"PeterBirch-Reichenwald1843",1894-03-03,1895-10-13,589,51,"Indredepartementet",127,"Ministry of Local Government","",0,0,"Høyre",1894-03-03,1895-10-13,2,2,589,600,1189,1,1,0,0,"Stang II","B","Stang II B"
301,10342,"Otto Albert Blehr","Blehr","Otto",1847,1927,0,"OttoBlehr1847",1891-03-06,1893-05-01,787,44,"Statsrådsavdelingen i Stockholm",166,"The Norwegian Council of State Division in Stockholm","Statsminister",0,0,"Venstre",1891-03-06,1893-05-01,1,5,787,0,4708,1,0,0,0,"Steen I","A","Steen I A"
301,10342,"Otto Albert Blehr","Blehr","Otto",1847,1927,0,"OttoBlehr1847",1891-03-06,1893-05-01,787,44,"Statsrådsavdelingen i Stockholm",166,"The Norwegian Council of State Division in Stockholm","Statsminister",0,0,"Venstre",1891-03-06,1893-05-01,1,5,787,0,4708,1,0,0,0,"Steen I","B","Steen I B"
301,10342,"Otto Albert Blehr","Blehr","Otto",1847,1927,0,"OttoBlehr1847",1898-02-17,1902-04-20,1522,51,"Statsrådsavdelingen i Stockholm",166,"The Norwegian Council of State Division in Stockholm","Statsminister",0,0,"Venstre",1898-02-17,1903-10-21,2,5,2071,787,4708,1,1,0,0,"Steen II","A","Steen II A"
301,10342,"Otto Albert Blehr","Blehr","Otto",1847,1927,0,"OttoBlehr1847",1898-02-17,1902-04-20,1522,51,"Statsrådsavdelingen i Stockholm",166,"The Norwegian Council of State Division in Stockholm","Statsminister",0,0,"Venstre",1898-02-17,1903-10-21,2,5,2071,787,4708,1,1,0,0,"Steen II","B","Steen II B"
301,10342,"Otto Albert Blehr","Blehr","Otto",1847,1927,0,"OttoBlehr1847",1902-04-21,1902-12-31,254,55,"Indredepartementet",127,"Ministry of Local Government","Statsminister og handelsminister - også konstituert revisjonsminister fra 09.06.1903",0,1,"Venstre",1898-02-17,1903-10-21,2,5,2071,787,4708,1,1,0,0,"Blehr I","A","Blehr I"
301,10342,"Otto Albert Blehr","Blehr","Otto",1847,1927,0,"OttoBlehr1847",1902-04-21,1903-10-21,548,55,"Statsrådsavdelingen i Kristiania",165,"Prime Minister's Office","Statsminister",0,0,"Venstre",1898-02-17,1903-10-21,2,5,2071,787,4708,1,1,0,0,"Blehr I","A","Blehr I"
301,10342,"Otto Albert Blehr","Blehr","Otto",1847,1927,0,"OttoBlehr1847",1903-01-01,1903-10-21,293,56,"Handelsdepartementet",2000,"Ministry of Trade and Industry","Statsminister og handelsminister - også konstituert revisjonsminister fra 09.06.1903",0,0,"Venstre",1898-02-17,1903-10-21,2,5,2071,787,4708,1,1,0,0,"Blehr I","A","Blehr I"
301,10342,"Otto Albert Blehr","Blehr","Otto",1847,1927,0,"OttoBlehr1847",1903-06-09,1903-10-21,134,56,"Revisjonsdepartementet",125,"Ministry of Auditing","Statsminister og handelsminister - også konstituert revisjonsminister fra 09.06.1903",0,0,"Venstre",1898-02-17,1903-10-21,2,5,2071,787,4708,1,1,0,0,"Blehr I","A","Blehr I"
301,10342,"Otto Albert Blehr","Blehr","Otto",1847,1927,0,"OttoBlehr1847",1915-04-23,1915-07-15,83,68,"Finans- og tolldepartementet",1000,"Ministry of Finance","Konstituert statsråd",1,0,"Venstre",1915-04-23,1915-07-15,3,5,83,2858,4708,1,1,0,0,"Knudsen II","A","Knudsen II A"
301,10342,"Otto Albert Blehr","Blehr","Otto",1847,1927,0,"OttoBlehr1847",1917-05-01,1920-06-20,1146,70,"Justis- og politidepartementet",13000,"Ministry of Justice","Statsminister og handelsminister - også konstituert revisjonsminister fra 09.06.1903",0,0,"Venstre",1917-05-01,1920-06-20,4,5,1146,2941,4708,1,1,0,0,"Knudsen II","B","Knudsen II B"
301,10342,"Otto Albert Blehr","Blehr","Otto",1847,1927,0,"OttoBlehr1847",1917-05-01,1920-06-20,1146,70,"Justis- og politidepartementet",13000,"Ministry of Justice","Statsminister og handelsminister - også konstituert revisjonsminister fra 09.06.1903",0,0,"Venstre",1917-05-01,1920-06-20,4,5,1146,2941,4708,1,1,0,0,"Knudsen II","C","Knudsen II C"
301,10342,"Otto Albert Blehr","Blehr","Otto",1847,1927,0,"OttoBlehr1847",1921-06-22,1923-03-05,621,74,"Statsministerembetet",165,"Prime Minister's Office","Statsminister og handelsminister - også konstituert revisjonsminister fra 09.06.1903",0,0,"Venstre",1921-06-22,1923-03-05,5,5,621,4087,4708,1,1,0,0,"Blehr II","A","Blehr II A"
301,10342,"Otto Albert Blehr","Blehr","Otto",1847,1927,0,"OttoBlehr1847",1921-06-22,1923-03-05,621,74,"Statsministerembetet",165,"Prime Minister's Office","Statsminister og handelsminister - også konstituert revisjonsminister fra 09.06.1903",0,0,"Venstre",1921-06-22,1923-03-05,5,5,621,4087,4708,1,1,0,0,"Blehr II","B","Blehr II B"
301,10342,"Otto Albert Blehr","Blehr","Otto",1847,1927,0,"OttoBlehr1847",1921-06-22,1923-03-05,621,74,"Finans- og tolldepartementet",1000,"Ministry of Finance","Statsminister og handelsminister - også konstituert revisjonsminister fra 09.06.1903",0,0,"Venstre",1921-06-22,1923-03-05,5,5,621,4087,4708,1,1,0,0,"Blehr II","A","Blehr II A"
301,10342,"Otto Albert Blehr","Blehr","Otto",1847,1927,0,"OttoBlehr1847",1921-06-22,1923-03-05,621,74,"Finans- og tolldepartementet",1000,"Ministry of Finance","Statsminister og handelsminister - også konstituert revisjonsminister fra 09.06.1903",0,0,"Venstre",1921-06-22,1923-03-05,5,5,621,4087,4708,1,1,0,0,"Blehr II","B","Blehr II B"
302,10374,"Jakob Aall Bonnevie","Bonnevie","Jakob",1838,1904,0,"JakobBonnevie1838",1889-07-13,1891-03-05,600,51,"Kirke- og undervisningsdepartementet",21000,"Ministry of Education","Kirke- og undervisningsminister",0,0,"Høyre",1889-07-13,1891-03-05,1,1,600,0,600,1,0,0,0,"Stang I",NA,"Stang I"
303,10392,"Harald Bothner","Bothner","Harald",1850,1924,0,"HaraldBothner1850",1905-03-11,1905-06-06,87,55,"Statsrådsavdelingen i Stockholm",166,"The Norwegian Council of State Division in Stockholm","Statsråd",0,0,"Venstre",1905-03-11,1907-10-22,1,1,955,0,955,1,0,0,0,"Michelsen","A","Michelsen A"
303,10392,"Harald Bothner","Bothner","Harald",1850,1924,0,"HaraldBothner1850",1905-06-07,1905-11-26,172,55,"Revisjonsdepartementet",125,"Ministry of Auditing","",0,0,"Venstre",1905-03-11,1907-10-22,1,1,955,0,955,1,0,0,0,"Michelsen","A","Michelsen A"
303,10392,"Harald Bothner","Bothner","Harald",1850,1924,0,"HaraldBothner1850",1905-11-27,1907-10-22,694,55,"Justis- og politidepartementet",13000,"Ministry of Justice","Justisminister",0,0,"Venstre",1905-03-11,1907-10-22,1,1,955,0,955,1,0,0,0,"Michelsen","A","Michelsen A"
303,10392,"Harald Bothner","Bothner","Harald",1850,1924,0,"HaraldBothner1850",1905-11-27,1907-10-22,694,55,"Justis- og politidepartementet",13000,"Ministry of Justice","Justisminister",0,0,"Venstre",1905-03-11,1907-10-22,1,1,955,0,955,1,0,0,0,"Michelsen","B","Michelsen B"
304,10399,"Birger Braadland","Braadland","Birger",1879,1966,0,"BirgerBraadland1879",1932-02-01,1932-02-28,27,53,"Statsministerembetet",165,"Prime Minister's Office","Fungerende statsminister",1,1,"Senterpartiet",1931-05-12,1933-03-02,1,1,660,0,660,0,0,0,0,"Kolstad",NA,"Kolstad"
304,10399,"Birger Braadland","Braadland","Birger",1879,1966,0,"BirgerBraadland1879",1931-05-12,1932-03-13,306,52,"Utenriksdepartementet",4000,"Ministry of Foreign Affairs","Utenriksminister",0,0,"Senterpartiet",1931-05-12,1933-03-02,1,1,660,0,660,0,0,0,0,"Kolstad",NA,"Kolstad"
304,10399,"Birger Braadland","Braadland","Birger",1879,1966,0,"BirgerBraadland1879",1932-03-10,1932-03-13,3,53,"Statsministerembetet",165,"Prime Minister's Office","Fungerende statsminister",1,0,"Senterpartiet",1931-05-12,1933-03-02,1,1,660,0,660,0,0,0,0,"Kolstad",NA,"Kolstad"
304,10399,"Birger Braadland","Braadland","Birger",1879,1966,0,"BirgerBraadland1879",1932-03-14,1933-03-02,353,53,"Utenriksdepartementet",4000,"Ministry of Foreign Affairs","Utenriksminister",0,0,"Senterpartiet",1931-05-12,1933-03-02,1,1,660,0,660,0,0,0,0,"Hundseid",NA,"Hundseid"
305,10412,"Jens Kristian Meinich Bratlie","Bratlie","Jens",1856,1939,0,"JensBratlie1856",1912-02-20,1913-01-30,345,56,"Forsvarsdepartementet",5000,"Ministry of Defense","Forsvarsminister",0,0,"Høyre",1912-02-20,1913-01-30,1,1,345,0,345,1,0,0,0,"Bratlie","A","Bratlie"
305,10412,"Jens Kristian Meinich Bratlie","Bratlie","Jens",1856,1939,0,"JensBratlie1856",1912-02-20,1913-01-30,345,56,"Revisjonsdepartementet",125,"Ministry of Auditing","",0,0,"Høyre",1912-02-20,1913-01-30,1,1,345,0,345,1,0,0,0,"Bratlie","A","Bratlie"
305,10412,"Jens Kristian Meinich Bratlie","Bratlie","Jens",1856,1939,0,"JensBratlie1856",1912-02-20,1913-01-30,345,56,"Statsministerembetet",165,"Prime Minister's Office","",0,0,"Høyre",1912-02-20,1913-01-30,1,1,345,0,345,1,0,0,0,"Bratlie","A","Bratlie"
306,10416,"Johan Olaf Bredal","Bredal","Johan",1862,1948,0,"JohanBredal1862",1907-10-23,1908-03-18,147,45,"Justis- og politidepartementet",13000,"Ministry of Justice","Justisminister",0,0,"Ingen partitilknytning",1907-10-23,1908-03-18,1,1,147,0,147,0,0,0,0,"Michelsen","B","Michelsen B"
306,10416,"Johan Olaf Bredal","Bredal","Johan",1862,1948,0,"JohanBredal1862",1907-10-23,1908-03-18,147,45,"Justis- og politidepartementet",13000,"Ministry of Justice","Justisminister",0,0,"Ingen partitilknytning",1907-10-23,1908-03-18,1,1,147,0,147,0,0,0,0,"Løvland",NA,"Løvland"
307,10445,"Jørgen Brunchorst","Brunchorst","Jørgen",1862,1917,0,"JørgenBrunchorst1862",1907-09-28,1907-10-22,24,45,"Arbeidsdepartementet",126,"Ministry of Transport and Infrastructure","Arbeidsminister",0,0,"Ingen partitilknytning",1907-09-28,1908-03-18,1,1,172,0,172,1,0,0,0,"Michelsen","B","Michelsen B"
307,10445,"Jørgen Brunchorst","Brunchorst","Jørgen",1862,1917,0,"JørgenBrunchorst1862",1907-10-23,1908-03-18,147,45,"Arbeidsdepartementet",126,"Ministry of Transport and Infrastructure","Arbeidsminister",0,0,"Ingen partitilknytning",1907-09-28,1908-03-18,1,1,172,0,172,1,0,0,0,"Michelsen","B","Michelsen B"
307,10445,"Jørgen Brunchorst","Brunchorst","Jørgen",1862,1917,0,"JørgenBrunchorst1862",1907-10-23,1908-03-18,147,45,"Arbeidsdepartementet",126,"Ministry of Transport and Infrastructure","Arbeidsminister",0,0,"Ingen partitilknytning",1907-09-28,1908-03-18,1,1,172,0,172,1,0,0,0,"Løvland",NA,"Løvland"
308,10451,"Aasulv Olsen Bryggesaa","Bryggesaa","Aasulv",1856,1922,0,"AasulvBryggesaa1856",1913-01-31,1915-10-25,997,57,"Kirke- og undervisningsdepartementet",21000,"Ministry of Education","Kirke- og undervisningsminister",0,0,"Venstre",1913-01-31,1915-10-25,1,1,997,0,997,1,0,0,0,"Knudsen II","A","Knudsen II A"
309,10457,"Bernhard Cornelius Brænne","Brænne","Bernhard",1854,1927,0,"BernhardBrænne1854",1910-02-02,1910-06-10,128,56,"Arbeidsdepartementet",126,"Ministry of Transport and Infrastructure","Arbeidsminister",0,0,"Høyre",1910-02-02,1912-08-22,1,1,932,0,932,1,0,0,0,"Konow",NA,"Konow"
309,10457,"Bernhard Cornelius Brænne","Brænne","Bernhard",1854,1927,0,"BernhardBrænne1854",1910-06-11,1912-02-19,618,56,"Handelsdepartementet",2000,"Ministry of Trade and Industry","Handel-, sjøfart og industriminister",0,0,"Høyre",1910-02-02,1912-08-22,1,1,932,0,932,1,0,0,0,"Konow",NA,"Konow"
309,10457,"Bernhard Cornelius Brænne","Brænne","Bernhard",1854,1927,0,"BernhardBrænne1854",1912-02-20,1912-08-22,184,58,"Arbeidsdepartementet",126,"Ministry of Transport and Infrastructure","Arbeidsminister",0,0,"Høyre",1910-02-02,1912-08-22,1,1,932,0,932,1,0,0,0,"Bratlie","A","Bratlie"
310,10477,"Edvard Hagerup Bull","Bull","Edvard",1855,1938,0,"EdvardBull1855",1889-06-06,1889-07-07,31,34,"Finans- og tolldepartementet",1000,"Ministry of Finance","Konstituert statsråd",1,0,"Venstre",1889-06-06,1889-07-07,1,3,31,0,1001,0,0,0,0,"Sverdrup","C","Sverdrup C"
310,10477,"Edvard Hagerup Bull","Bull","Edvard",1855,1938,0,"EdvardBull1855",1905-03-11,1905-06-06,87,50,"Statsrådsavdelingen i Stockholm",166,"The Norwegian Council of State Division in Stockholm","Statsråd",0,0,"Venstre",1905-03-11,1906-11-06,2,3,605,31,1001,1,1,0,0,"Michelsen","A","Michelsen A"
310,10477,"Edvard Hagerup Bull","Bull","Edvard",1855,1938,0,"EdvardBull1855",1905-06-07,1905-11-26,172,50,"Justis- og politidepartementet",13000,"Ministry of Justice","Justisminister",0,0,"Høyre",1905-03-11,1906-11-06,2,3,605,31,1001,1,1,0,0,"Michelsen","A","Michelsen A"
310,10477,"Edvard Hagerup Bull","Bull","Edvard",1855,1938,0,"EdvardBull1855",1905-11-27,1906-11-06,344,50,"Finans- og tolldepartementet",1000,"Ministry of Finance","Finansminister",0,0,"Høyre",1905-03-11,1906-11-06,2,3,605,31,1001,1,1,0,0,"Michelsen","A","Michelsen A"
310,10477,"Edvard Hagerup Bull","Bull","Edvard",1855,1938,0,"EdvardBull1855",1905-11-27,1906-11-06,344,50,"Finans- og tolldepartementet",1000,"Ministry of Finance","Finansminister",0,0,"Høyre",1905-03-11,1906-11-06,2,3,605,31,1001,1,1,0,0,"Michelsen","B","Michelsen B"
310,10477,"Edvard Hagerup Bull","Bull","Edvard",1855,1938,0,"EdvardBull1855",1920-06-21,1921-06-21,365,65,"Finans- og tolldepartementet",1000,"Ministry of Finance","Finansminister",0,0,"Høyre",1920-06-21,1921-06-21,3,3,365,636,1001,1,1,0,0,"Halvorsen I",NA,"Halvorsen I"
311,10496,"Ole Ludvig Bærøe","Bærøe","Ole",1877,1943,0,"OleBærøe1877",1926-03-05,1928-01-27,693,49,"Landbruksdepartementet",19000,"Ministry of Agriculture and Food","Landbruksminister",0,0,"Høyre",1926-03-05,1928-01-27,1,1,693,0,693,0,0,0,0,"Lykke","A","Lykke"
311,10496,"Ole Ludvig Bærøe","Bærøe","Ole",1877,1943,0,"OleBærøe1877",1927-12-25,1928-01-27,33,50,"Kirke- og undervisningsdepartementet",21000,"Ministry of Education","Kirke- og undervisningsminister",0,0,"Høyre",1926-03-05,1928-01-27,1,1,693,0,693,0,0,0,0,"Lykke","A","Lykke"
312,10532,"Johan Castberg","Castberg","Johan",1862,1926,0,"JohanCastberg1862",1908-03-19,1910-02-01,684,46,"Justis- og politidepartementet",13000,"Ministry of Justice","Justisminister",0,0,"Arbeiderdemokratene",1908-03-19,1910-02-01,1,2,684,0,1128,1,0,0,0,"Knudsen I","A","Knudsen I"
312,10532,"Johan Castberg","Castberg","Johan",1862,1926,0,"JohanCastberg1862",1913-01-31,1913-07-01,151,51,"Handelsdepartementet",2000,"Ministry of Trade and Industry","Handel-, sjøfart og industriminister",0,0,"Arbeiderdemokratene",1913-01-31,1914-04-20,2,2,444,684,1128,1,1,0,0,"Knudsen II","A","Knudsen II A"
312,10532,"Johan Castberg","Castberg","Johan",1862,1926,0,"JohanCastberg1862",1913-07-01,1914-04-20,293,51,"Sosialdepartementet",7000,"Ministry of Health and Social Affairs","Sosialminister",0,0,"Arbeiderdemokratene",1913-01-31,1914-04-20,2,2,444,684,1128,1,1,0,0,"Knudsen II","A","Knudsen II A"
313,10538,"Ingolf Elster Christensen","Christensen","Ingolf",1872,1943,0,"IngolfChristensen1872",1926-03-05,1927-07-25,507,54,"Justis- og politidepartementet",13000,"Ministry of Justice","Justisminister",0,0,"Høyre",1926-03-05,1928-01-27,1,1,693,0,693,1,0,0,0,"Lykke","A","Lykke"
313,10538,"Ingolf Elster Christensen","Christensen","Ingolf",1872,1943,0,"IngolfChristensen1872",1926-07-26,1928-01-27,550,54,"Forsvarsdepartementet",5000,"Ministry of Defense","Forsvarsminister",0,0,"Høyre",1926-03-05,1928-01-27,1,1,693,0,693,1,0,0,0,"Lykke","A","Lykke"
314,10566,"Ludvig Daae","Daae","Ludvig",1829,1893,0,"LudvigDaae1829",1884-06-26,1885-04-29,307,55,"Armedepartementet",121,"Ministry of Defense","Forsvarsminister",0,0,"Venstre",1884-06-26,1885-04-29,1,1,307,0,307,1,0,0,0,"Sverdrup","A","Sverdrup A"
315,10583,"Walter Scott Dahl","Dahl","Walter",1839,1906,0,"WalterDahl1839",1888-03-05,1888-07-31,148,49,"Indredepartementet",127,"Ministry of Local Government","",0,0,"Venstre",1888-03-05,1888-07-31,1,2,148,0,448,1,0,0,0,"Sverdrup","B","Sverdrup B"
315,10583,"Walter Scott Dahl","Dahl","Walter",1839,1906,0,"WalterDahl1839",1888-06-28,1888-07-31,33,49,"Justis- og politidepartementet",13000,"Ministry of Justice","Justisminister",0,0,"Venstre",1888-03-05,1888-07-31,1,2,148,0,448,1,0,0,0,"Sverdrup","B","Sverdrup B"
315,10583,"Walter Scott Dahl","Dahl","Walter",1839,1906,0,"WalterDahl1839",1888-09-15,1889-07-12,300,49,"Justis- og politidepartementet",13000,"Ministry of Justice","Justisminister",0,0,"Venstre",1888-09-15,1889-07-12,2,2,300,148,448,1,1,0,0,"Sverdrup","B","Sverdrup B"
315,10583,"Walter Scott Dahl","Dahl","Walter",1839,1906,0,"WalterDahl1839",1888-09-15,1889-07-12,300,49,"Justis- og politidepartementet",13000,"Ministry of Justice","Justisminister",0,0,"Venstre",1888-09-15,1889-07-12,2,2,300,148,448,1,1,0,0,"Sverdrup","C","Sverdrup C"
316,10597,"Worm Hirsch Darre-Jenssen","Darre-Jenssen","Worm",1870,1945,0,"WormDarre-Jenssen1870",1926-07-26,1928-01-27,550,56,"Arbeidsdepartementet",126,"Ministry of Transport and Infrastructure","Arbeidsminister",0,0,"Høyre",1926-07-26,1928-01-27,1,1,550,0,550,1,0,0,0,"Lykke","A","Lykke"
317,10694,"Erik Mathiassen Enge","Enge","Erik",1852,1933,0,"ErikEnge1852",1912-02-20,1913-01-30,345,60,"Landbruksdepartementet",19000,"Ministry of Agriculture and Food","Landbruksminister",0,0,"Frisindede Venstre",1912-02-20,1913-01-30,1,1,345,0,345,1,0,0,0,"Bratlie","A","Bratlie"
318,10699,"Thomas von Westen Engelhart","Engelhart","Thomas",1850,1905,0,"ThomasEngelhart1850",1891-11-28,1892-06-29,214,41,"Revisjonsdepartementet",125,"Ministry of Auditing","",0,0,"Venstre",1891-11-28,1892-06-29,1,3,214,0,1374,1,0,0,0,"Steen I","A","Steen I A"
318,10699,"Thomas von Westen Engelhart","Engelhart","Thomas",1850,1905,0,"ThomasEngelhart1850",1891-11-28,1892-06-29,214,41,"Revisjonsdepartementet",125,"Ministry of Auditing","",0,0,"Venstre",1891-11-28,1892-06-29,1,3,214,0,1374,1,0,0,0,"Steen I","B","Steen I B"
318,10699,"Thomas von Westen Engelhart","Engelhart","Thomas",1850,1905,0,"ThomasEngelhart1850",1892-07-01,1893-05-01,304,42,"Statsrådsavdelingen i Stockholm",166,"The Norwegian Council of State Division in Stockholm","Statsråd",0,0,"Venstre",1892-07-01,1893-05-01,2,3,304,214,1374,1,1,0,0,"Steen I","B","Steen I B"
318,10699,"Thomas von Westen Engelhart","Engelhart","Thomas",1850,1905,0,"ThomasEngelhart1850",1895-10-14,1897-07-31,656,45,"Indredepartementet",127,"Ministry of Local Government","",0,0,"Venstre",1895-10-14,1898-02-16,3,3,856,518,1374,1,1,0,0,"Hagerup I","A","Hagerup I"
318,10699,"Thomas von Westen Engelhart","Engelhart","Thomas",1850,1905,0,"ThomasEngelhart1850",1897-08-01,1898-02-16,199,47,"Statsrådsavdelingen i Stockholm",166,"The Norwegian Council of State Division in Stockholm","Statsråd",0,0,"Venstre",1895-10-14,1898-02-16,3,3,856,518,1374,1,1,0,0,"Hagerup I","A","Hagerup I"
319,10785,"Haakon Martin Five","Five","Haakon",1880,1944,0,"HaakonFive1880",1919-02-20,1920-06-20,486,39,"Provianteringsdepartementet",128,"Temporary ministries related to world wars","",0,0,"Venstre",1919-02-20,1920-06-20,1,4,486,0,2406,0,0,0,0,"Knudsen II","C","Knudsen II C"
319,10785,"Haakon Martin Five","Five","Haakon",1880,1944,0,"HaakonFive1880",1919-12-12,1920-06-20,191,39,"Landbruksdepartementet",19000,"Ministry of Agriculture and Food","Landbruksminister",0,0,"Venstre",1919-02-20,1920-06-20,1,4,486,0,2406,0,0,0,0,"Knudsen II","C","Knudsen II C"
319,10785,"Haakon Martin Five","Five","Haakon",1880,1944,0,"HaakonFive1880",1921-07-26,1923-03-05,587,41,"Landbruksdepartementet",19000,"Ministry of Agriculture and Food","Landbruksminister",0,0,"Venstre",1921-07-26,1923-03-05,2,4,587,486,2406,0,1,0,0,"Blehr II","A","Blehr II A"
319,10785,"Haakon Martin Five","Five","Haakon",1880,1944,0,"HaakonFive1880",1921-07-26,1923-03-05,587,41,"Landbruksdepartementet",19000,"Ministry of Agriculture and Food","Landbruksminister",0,0,"Venstre",1921-07-26,1923-03-05,2,4,587,486,2406,0,1,0,0,"Blehr II","B","Blehr II B"
319,10785,"Haakon Martin Five","Five","Haakon",1880,1944,0,"HaakonFive1880",1924-07-25,1926-03-04,587,44,"Landbruksdepartementet",19000,"Ministry of Agriculture and Food","Landbruksminister",0,0,"Venstre",1924-07-25,1926-03-04,3,4,587,1073,2406,1,1,0,0,"Mowinckel I","A","Mowinckel I A"
319,10785,"Haakon Martin Five","Five","Haakon",1880,1944,0,"HaakonFive1880",1924-07-25,1926-03-04,587,44,"Landbruksdepartementet",19000,"Ministry of Agriculture and Food","Landbruksminister",0,0,"Venstre",1924-07-25,1926-03-04,3,4,587,1073,2406,1,1,0,0,"Mowinckel I","B","Mowinckel I B"
319,10785,"Haakon Martin Five","Five","Haakon",1880,1944,0,"HaakonFive1880",1933-03-03,1935-03-19,746,53,"Landbruksdepartementet",19000,"Ministry of Agriculture and Food","Landbruksminister",0,0,"Venstre",1933-03-03,1935-03-19,4,4,746,1660,2406,1,1,0,0,"Mowinckel III","A","Mowinckel III A"
319,10785,"Haakon Martin Five","Five","Haakon",1880,1944,0,"HaakonFive1880",1933-03-03,1935-03-19,746,53,"Landbruksdepartementet",19000,"Ministry of Agriculture and Food","Landbruksminister",0,0,"Venstre",1933-03-03,1935-03-19,4,4,746,1660,2406,1,1,0,0,"Mowinckel III","B","Mowinckel III B"
320,10822,"Hans Konrad Henriksen Foosnæs","Foosnæs","Hans",1846,1917,0,"HansFoosnæs1846",1908-03-19,1910-02-01,684,62,"Landbruksdepartementet",19000,"Ministry of Agriculture and Food","Landbruksminister",0,0,"Venstre",1908-03-19,1910-02-01,1,1,684,0,684,1,0,0,0,"Knudsen I","A","Knudsen I"
321,10858,"Kristian Friis Petersen","Petersen","Kristian",1867,1932,0,"KristianPetersen1867",1914-04-21,1916-09-30,893,47,"Sosialdepartementet",7000,"Ministry of Health and Social Affairs","Sosialminister",0,0,"Venstre",1914-04-21,1919-02-19,1,1,1765,0,1765,1,0,0,0,"Knudsen II","A","Knudsen II A"
321,10858,"Kristian Friis Petersen","Petersen","Kristian",1867,1932,0,"KristianPetersen1867",1914-04-21,1916-09-30,893,47,"Sosialdepartementet",7000,"Ministry of Health and Social Affairs","Sosialminister",0,0,"Venstre",1914-04-21,1919-02-19,1,1,1765,0,1765,1,0,0,0,"Knudsen II","B","Knudsen II B"
321,10858,"Kristian Friis Petersen","Petersen","Kristian",1867,1932,0,"KristianPetersen1867",1916-10-01,1919-02-19,871,49,"Handelsdepartementet",2000,"Ministry of Trade and Industry","Handel-, sjøfart og industriminister",0,0,"Venstre",1914-04-21,1919-02-19,1,1,1765,0,1765,1,0,0,0,"Knudsen II","B","Knudsen II B"
321,10858,"Kristian Friis Petersen","Petersen","Kristian",1867,1932,0,"KristianPetersen1867",1916-10-01,1919-02-19,871,49,"Handelsdepartementet",2000,"Ministry of Trade and Industry","Handel-, sjøfart og industriminister",0,0,"Venstre",1914-04-21,1919-02-19,1,1,1765,0,1765,1,0,0,0,"Knudsen II","C","Knudsen II C"
322,10874,"Ole Andreas Furu","Furu","Ole",1841,1925,0,"OleFuru1841",1889-07-13,1890-06-30,352,48,"Statsrådsavdelingen i Stockholm",166,"The Norwegian Council of State Division in Stockholm","Statsråd",0,0,"Høyre",1889-07-13,1891-03-05,1,3,600,0,1483,1,0,0,0,"Stang I",NA,"Stang I"
322,10874,"Ole Andreas Furu","Furu","Ole",1841,1925,0,"OleFuru1841",1890-07-01,1891-03-05,247,49,"Indredepartementet",127,"Ministry of Local Government","",0,0,"Høyre",1889-07-13,1891-03-05,1,3,600,0,1483,1,0,0,0,"Stang I",NA,"Stang I"
322,10874,"Ole Andreas Furu","Furu","Ole",1841,1925,0,"OleFuru1841",1894-09-01,1895-03-31,211,53,"Revisjonsdepartementet",125,"Ministry of Auditing","",0,1,"Høyre",1893-05-02,1895-07-30,2,3,819,600,1483,1,1,0,0,"Stang II","A","Stang II A"
322,10874,"Ole Andreas Furu","Furu","Ole",1841,1925,0,"OleFuru1841",1894-09-01,1895-03-31,211,53,"Revisjonsdepartementet",125,"Ministry of Auditing","",0,1,"Høyre",1893-05-02,1895-07-30,2,3,819,600,1483,1,1,0,0,"Stang II","B","Stang II B"
322,10874,"Ole Andreas Furu","Furu","Ole",1841,1925,0,"OleFuru1841",1893-05-02,1895-07-30,819,52,"Finans- og tolldepartementet",1000,"Ministry of Finance","Finansminister",0,0,"Høyre",1893-05-02,1895-07-30,2,3,819,600,1483,1,1,0,0,"Stang II","A","Stang II A"
322,10874,"Ole Andreas Furu","Furu","Ole",1841,1925,0,"OleFuru1841",1893-05-02,1895-07-30,819,52,"Finans- og tolldepartementet",1000,"Ministry of Finance","Finansminister",0,0,"Høyre",1893-05-02,1895-07-30,2,3,819,600,1483,1,1,0,0,"Stang II","B","Stang II B"
322,10874,"Ole Andreas Furu","Furu","Ole",1841,1925,0,"OleFuru1841",1895-08-10,1895-10-13,64,54,"Statsrådsavdelingen i Stockholm",166,"The Norwegian Council of State Division in Stockholm","Statsråd",0,0,"Høyre",1895-08-10,1895-10-13,3,3,64,1419,1483,1,1,0,0,"Stang II","B","Stang II B"
323,11059,"George Francis Hagerup","Hagerup","George",1853,1921,0,"GeorgeHagerup1853",1893-05-02,1894-06-30,424,40,"Justis- og politidepartementet",13000,"Ministry of Justice","Justisminister",0,0,"Høyre",1893-05-02,1898-02-16,1,2,1751,0,2256,0,0,0,0,"Stang II","A","Stang II A"
323,11059,"George Francis Hagerup","Hagerup","George",1853,1921,0,"GeorgeHagerup1853",1894-07-01,1895-07-31,395,41,"Statsrådsavdelingen i Stockholm",166,"The Norwegian Council of State Division in Stockholm","Statsråd",0,0,"Høyre",1893-05-02,1898-02-16,1,2,1751,0,2256,0,0,0,0,"Stang II","A","Stang II A"
323,11059,"George Francis Hagerup","Hagerup","George",1853,1921,0,"GeorgeHagerup1853",1894-07-01,1895-07-31,395,41,"Statsrådsavdelingen i Stockholm",166,"The Norwegian Council of State Division in Stockholm","Statsråd",0,0,"Høyre",1893-05-02,1898-02-16,1,2,1751,0,2256,0,0,0,0,"Stang II","B","Stang II B"
323,11059,"George Francis Hagerup","Hagerup","George",1853,1921,0,"GeorgeHagerup1853",1895-07-31,1895-10-13,74,42,"Finans- og tolldepartementet",1000,"Ministry of Finance","Finansminister",0,0,"Høyre",1893-05-02,1898-02-16,1,2,1751,0,2256,0,0,0,0,"Stang II","B","Stang II B"
323,11059,"George Francis Hagerup","Hagerup","George",1853,1921,0,"GeorgeHagerup1853",1895-10-14,1897-07-31,656,42,"Justis- og politidepartementet",13000,"Ministry of Justice","Justisminister",0,1,"Høyre",1893-05-02,1898-02-16,1,2,1751,0,2256,0,0,0,0,"Hagerup I","A","Hagerup I"
323,11059,"George Francis Hagerup","Hagerup","George",1853,1921,0,"GeorgeHagerup1853",1895-10-14,1898-02-16,856,42,"Statsrådsavdelingen i Kristiania",165,"Prime Minister's Office","Statsminister",0,0,"Høyre",1893-05-02,1898-02-16,1,2,1751,0,2256,0,0,0,0,"Hagerup I","A","Hagerup I"
323,11059,"George Francis Hagerup","Hagerup","George",1853,1921,0,"GeorgeHagerup1853",1897-08-01,1898-02-16,199,44,"Revisjonsdepartementet",125,"Ministry of Auditing","Statsminister og revisjonsminister",0,0,"Høyre",1893-05-02,1898-02-16,1,2,1751,0,2256,0,0,0,0,"Hagerup I","A","Hagerup I"
323,11059,"George Francis Hagerup","Hagerup","George",1853,1921,0,"GeorgeHagerup1853",1903-10-22,1905-03-10,505,50,"Statsrådsavdelingen i Kristiania",165,"Prime Minister's Office","Statsminister",0,0,"Høyre",1903-10-22,1905-03-10,2,2,505,1751,2256,1,1,0,0,"Hagerup II",NA,"Hagerup II"
323,11059,"George Francis Hagerup","Hagerup","George",1853,1921,0,"GeorgeHagerup1853",1903-10-22,1905-03-10,505,50,"Justis- og politidepartementet",13000,"Ministry of Justice","Justisminister",0,0,"Høyre",1903-10-22,1905-03-10,2,2,505,1751,2256,1,1,0,0,"Hagerup II",NA,"Hagerup II"
324,11068,"Johan Magnus Halvorsen","Halvorsen","Johan",1853,1922,0,"JohanHalvorsen1853",1907-10-23,1908-03-18,147,54,"Finans- og tolldepartementet",1000,"Ministry of Finance","Finansminister",0,0,"Ingen partitilknytning",1907-10-23,1908-03-18,1,1,147,0,147,1,0,0,0,"Michelsen","B","Michelsen B"
324,11068,"Johan Magnus Halvorsen","Halvorsen","Johan",1853,1922,0,"JohanHalvorsen1853",1907-10-23,1908-03-18,147,54,"Finans- og tolldepartementet",1000,"Ministry of Finance","Finansminister",0,0,"Ingen partitilknytning",1907-10-23,1908-03-18,1,1,147,0,147,1,0,0,0,"Løvland",NA,"Løvland"
325,11070,"Otto Bahr Halvorsen","Halvorsen","Otto",1872,1923,0,"OttoHalvorsen1872",1920-06-21,1921-06-21,365,48,"Statsministerembetet",165,"Prime Minister's Office","",0,0,"Høyre",1920-06-21,1921-06-21,1,2,365,0,442,1,0,0,0,"Halvorsen I",NA,"Halvorsen I"
325,11070,"Otto Bahr Halvorsen","Halvorsen","Otto",1872,1923,0,"OttoHalvorsen1872",1920-06-21,1921-06-21,365,48,"Justis- og politidepartementet",13000,"Ministry of Justice","Justisminister",0,0,"Høyre",1920-06-21,1921-06-21,1,2,365,0,442,1,0,0,0,"Halvorsen I",NA,"Halvorsen I"
325,11070,"Otto Bahr Halvorsen","Halvorsen","Otto",1872,1923,0,"OttoHalvorsen1872",1923-03-06,1923-05-22,77,51,"Statsministerembetet",165,"Prime Minister's Office","",0,0,"Høyre",1923-03-06,1923-05-22,2,2,77,365,442,1,1,0,0,"Halvorsen II",NA,"Halvorsen II"
325,11070,"Otto Bahr Halvorsen","Halvorsen","Otto",1872,1923,0,"OttoHalvorsen1872",1923-03-06,1923-05-22,77,51,"Justis- og politidepartementet",13000,"Ministry of Justice","Justisminister",0,0,"Høyre",1923-03-06,1923-05-22,2,2,77,365,442,1,1,0,0,"Halvorsen II",NA,"Halvorsen II"
326,11095,"Hans Christian Albert Hansen","Hansen","Hans",1847,1925,0,"HansHansen1847",1903-10-22,1905-03-10,505,56,"Arbeidsdepartementet",126,"Ministry of Transport and Infrastructure","Arbeidsminister",0,0,"Høyre",1903-10-22,1905-03-10,1,1,505,0,505,1,0,0,0,"Hagerup II",NA,"Hagerup II"
327,11130,"Johannes Winding Harbitz","Harbitz","Johannes",1831,1917,0,"JohannesHarbitz1831",1893-05-02,1894-06-30,424,62,"Statsrådsavdelingen i Stockholm",166,"The Norwegian Council of State Division in Stockholm","Statsråd",0,0,"Høyre",1893-05-02,1895-10-13,1,1,894,0,894,1,0,0,0,"Stang II","A","Stang II A"
327,11130,"Johannes Winding Harbitz","Harbitz","Johannes",1831,1917,0,"JohannesHarbitz1831",1894-07-01,1895-03-31,273,63,"Forsvarsdepartementet",5000,"Ministry of Defense","Forsvarsminister",0,0,"Høyre",1893-05-02,1895-10-13,1,1,894,0,894,1,0,0,0,"Stang II","A","Stang II A"
327,11130,"Johannes Winding Harbitz","Harbitz","Johannes",1831,1917,0,"JohannesHarbitz1831",1894-07-01,1895-03-31,273,63,"Forsvarsdepartementet",5000,"Ministry of Defense","Forsvarsminister",0,0,"Høyre",1893-05-02,1895-10-13,1,1,894,0,894,1,0,0,0,"Stang II","B","Stang II B"
327,11130,"Johannes Winding Harbitz","Harbitz","Johannes",1831,1917,0,"JohannesHarbitz1831",1895-04-01,1895-10-13,195,64,"Revisjonsdepartementet",125,"Ministry of Auditing","",0,0,"Høyre",1893-05-02,1895-10-13,1,1,894,0,894,1,0,0,0,"Stang II","B","Stang II B"
328,11146,"Hans Nilsen Hauge","Hauge","Hans",1853,1931,0,"HansHauge1853",1903-10-22,1905-03-10,505,50,"Kirke- og undervisningsdepartementet",21000,"Ministry of Education","Kirke- og undervisningsminister",0,0,"Høyre",1903-10-22,1905-03-10,1,1,505,0,505,1,0,0,0,"Hagerup II",NA,"Hagerup II"
329,11152,"Baard Madsen Haugland","Haugland","Baard",1835,1896,0,"BaardHaugland1835",1884-06-26,1888-07-31,1496,49,"Finans- og tolldepartementet",1000,"Ministry of Finance","Finansminister",0,0,"Venstre",1884-06-26,1889-07-12,1,2,1842,0,2047,1,0,0,0,"Sverdrup","A","Sverdrup A"
329,11152,"Baard Madsen Haugland","Haugland","Baard",1835,1896,0,"BaardHaugland1835",1884-06-26,1888-07-31,1496,49,"Finans- og tolldepartementet",1000,"Ministry of Finance","Finansminister",0,0,"Venstre",1884-06-26,1889-07-12,1,2,1842,0,2047,1,0,0,0,"Sverdrup","B","Sverdrup B"
329,11152,"Baard Madsen Haugland","Haugland","Baard",1835,1896,0,"BaardHaugland1835",1888-08-01,1889-07-12,345,53,"Statsrådsavdelingen i Stockholm",166,"The Norwegian Council of State Division in Stockholm","Statsråd",0,0,"Venstre",1884-06-26,1889-07-12,1,2,1842,0,2047,1,0,0,0,"Sverdrup","B","Sverdrup B"
329,11152,"Baard Madsen Haugland","Haugland","Baard",1835,1896,0,"BaardHaugland1835",1888-08-01,1889-07-12,345,53,"Statsrådsavdelingen i Stockholm",166,"The Norwegian Council of State Division in Stockholm","Statsråd",0,0,"Venstre",1884-06-26,1889-07-12,1,2,1842,0,2047,1,0,0,0,"Sverdrup","C","Sverdrup C"
329,11152,"Baard Madsen Haugland","Haugland","Baard",1835,1896,0,"BaardHaugland1835",1895-10-14,1896-05-06,205,60,"Statsrådsavdelingen i Stockholm",166,"The Norwegian Council of State Division in Stockholm","Statsråd",0,0,"Moderate Venstre",1895-10-14,1896-05-06,2,2,205,1842,2047,1,1,0,0,"Hagerup I","A","Hagerup I"
330,11254,"Nils Hjelmtveit","Hjelmtveit","Nils",1892,1985,0,"NilsHjelmtveit1892",1935-03-20,1945-06-24,3749,43,"Kirke- og undervisningsdepartementet",21000,"Ministry of Education","Kirke- og undervisningsminister",0,0,"Arbeiderpartiet",1935-03-20,1945-06-24,1,1,3749,0,3749,1,0,0,0,"Nygaardsvold","A","Nygaardsvold A"
330,11254,"Nils Hjelmtveit","Hjelmtveit","Nils",1892,1985,0,"NilsHjelmtveit1892",1935-03-20,1945-06-24,3749,43,"Kirke- og undervisningsdepartementet",21000,"Ministry of Education","Kirke- og undervisningsminister",0,0,"Arbeiderpartiet",1935-03-20,1945-06-24,1,1,3749,0,3749,1,0,0,0,"Nygaardsvold","B","Nygaardsvold B"
330,11254,"Nils Hjelmtveit","Hjelmtveit","Nils",1892,1985,0,"NilsHjelmtveit1892",1935-03-20,1945-06-24,3749,43,"Kirke- og undervisningsdepartementet",21000,"Ministry of Education","Kirke- og undervisningsminister",0,0,"Arbeiderpartiet",1935-03-20,1945-06-24,1,1,3749,0,3749,1,0,0,0,"Nygaardsvold","C","Nygaardsvold C"
331,11297,"Arnold Holmboe","Holmboe","Arnold",1873,1956,0,"ArnoldHolmboe1873",1922-08-24,1923-03-05,193,49,"Justis- og politidepartementet",13000,"Ministry of Justice","Justisminister",0,0,"Venstre",1922-08-24,1923-03-05,1,2,193,0,780,1,0,0,0,"Blehr II","B","Blehr II B"
331,11297,"Arnold Holmboe","Holmboe","Arnold",1873,1956,0,"ArnoldHolmboe1873",1924-07-25,1926-03-04,587,51,"Finans- og tolldepartementet",1000,"Ministry of Finance","Finansminister",0,0,"Venstre",1924-07-25,1926-03-04,2,2,587,193,780,1,1,0,0,"Mowinckel I","A","Mowinckel I A"
331,11297,"Arnold Holmboe","Holmboe","Arnold",1873,1956,0,"ArnoldHolmboe1873",1924-07-25,1926-03-04,587,51,"Finans- og tolldepartementet",1000,"Ministry of Finance","Finansminister",0,0,"Venstre",1924-07-25,1926-03-04,2,2,587,193,780,1,1,0,0,"Mowinckel I","B","Mowinckel I B"
332,11301,"Johan Henrik Rye Holmboe","Holmboe","Johan",1863,1933,0,"JohanHolmboe1863",1920-06-21,1921-06-21,365,57,"Provianteringsdepartementet",128,"Temporary ministries related to world wars","",0,0,"Frisindede Venstre",1920-06-21,1921-06-21,1,2,365,0,871,1,0,0,0,"Halvorsen I",NA,"Halvorsen I"
332,11301,"Johan Henrik Rye Holmboe","Holmboe","Johan",1863,1933,0,"JohanHolmboe1863",1923-03-06,1923-05-29,84,60,"Handelsdepartementet",2000,"Ministry of Trade and Industry","Handel-, sjøfart og industriminister",0,0,"Frisindede Venstre",1923-03-06,1924-07-24,2,2,506,365,871,1,1,0,0,"Halvorsen II",NA,"Halvorsen II"
332,11301,"Johan Henrik Rye Holmboe","Holmboe","Johan",1863,1933,0,"JohanHolmboe1863",1923-05-30,1924-07-24,421,60,"Handelsdepartementet",2000,"Ministry of Trade and Industry","Handel-, sjøfart og industriminister",0,0,"Frisindede Venstre",1923-03-06,1924-07-24,2,2,506,365,871,1,1,0,0,"Berge",NA,"Berge"
333,11322,"Peter Theodor Holst","Holst","Peter",1843,1908,0,"PeterHolst1843",1891-03-06,1893-05-01,787,48,"Forsvarsdepartementet",5000,"Ministry of Defense","Forsvarsminister",0,0,"Venstre",1891-03-06,1893-05-01,1,2,787,0,1778,1,0,0,0,"Steen I","A","Steen I A"
333,11322,"Peter Theodor Holst","Holst","Peter",1843,1908,0,"PeterHolst1843",1891-03-06,1893-05-01,787,48,"Forsvarsdepartementet",5000,"Ministry of Defense","Forsvarsminister",0,0,"Venstre",1891-03-06,1893-05-01,1,2,787,0,1778,1,0,0,0,"Steen I","B","Steen I B"
333,11322,"Peter Theodor Holst","Holst","Peter",1843,1908,0,"PeterHolst1843",1898-02-17,1900-11-05,991,55,"Forsvarsdepartementet",5000,"Ministry of Defense","Forsvarsminister",0,0,"Venstre",1898-02-17,1900-11-05,2,2,991,787,1778,1,1,0,0,"Steen II","A","Steen II A"
333,11322,"Peter Theodor Holst","Holst","Peter",1843,1908,0,"PeterHolst1843",1898-02-17,1900-11-05,991,55,"Forsvarsdepartementet",5000,"Ministry of Defense","Forsvarsminister",0,0,"Venstre",1898-02-17,1900-11-05,2,2,991,787,1778,1,1,0,0,"Steen II","B","Steen II B"
334,11332,"Bernt Holtsmark","Holtsmark","Bernt",1859,1941,0,"BerntHoltsmark1859",1910-03-01,1912-02-19,720,51,"Landbruksdepartementet",19000,"Ministry of Agriculture and Food","Landbruksminister",0,0,"Frisindede Venstre",1910-03-01,1912-02-19,1,1,720,0,720,1,0,0,0,"Konow",NA,"Konow"
335,11350,"Christopher Andersen Hornsrud","Hornsrud","Christopher",1859,1960,0,"ChristopherHornsrud1859",1928-01-28,1928-02-14,17,69,"Statsministerembetet",165,"Prime Minister's Office","",0,0,"Arbeiderpartiet",1928-01-28,1928-02-14,1,1,17,0,17,1,0,0,0,"Hornsrud",NA,"Hornsrud"
335,11350,"Christopher Andersen Hornsrud","Hornsrud","Christopher",1859,1960,0,"ChristopherHornsrud1859",1928-01-28,1928-02-14,17,69,"Finans- og tolldepartementet",1000,"Ministry of Finance","Finansminister",0,0,"Arbeiderpartiet",1928-01-28,1928-02-14,1,1,17,0,17,1,0,0,0,"Hornsrud",NA,"Hornsrud"
336,11354,"Knut Johannes Hougen","Hougen","Knut",1854,1954,0,"KnutHougen1854",1909-07-08,1909-09-17,71,55,"Kirke- og undervisningsdepartementet",21000,"Ministry of Education","Konstituert statsråd",1,0,"Venstre",1909-07-08,1910-02-01,1,1,208,0,208,1,0,0,0,"Knudsen I","A","Knudsen I"
336,11354,"Knut Johannes Hougen","Hougen","Knut",1854,1954,0,"KnutHougen1854",1909-09-18,1910-02-01,136,55,"Kirke- og undervisningsdepartementet",21000,"Ministry of Education","Kirke- og undervisningsminister",0,0,"Venstre",1909-07-08,1910-02-01,1,1,208,0,208,1,0,0,0,"Knudsen I","A","Knudsen I"
337,11369,"Jens Falentinsen Hundseid","Hundseid","Jens",1883,1965,0,"JensHundseid1883",1932-03-14,1933-03-02,353,49,"Statsministerembetet",165,"Prime Minister's Office","",0,0,"Senterpartiet",1932-03-14,1933-03-02,1,1,353,0,353,1,0,0,0,"Hundseid",NA,"Hundseid"
337,11369,"Jens Falentinsen Hundseid","Hundseid","Jens",1883,1965,0,"JensHundseid1883",1932-03-14,1933-03-02,353,49,"Landbruksdepartementet",19000,"Ministry of Agriculture and Food","Landbruksminister",0,0,"Senterpartiet",1932-03-14,1933-03-02,1,1,353,0,353,1,0,0,0,"Hundseid",NA,"Hundseid"
338,11408,"Nils Claus Ihlen","Ihlen","Nils",1855,1925,0,"NilsIhlen1855",1908-03-19,1910-02-01,684,53,"Arbeidsdepartementet",126,"Ministry of Transport and Infrastructure","Arbeidsminister",0,0,"Venstre",1908-03-19,1910-02-01,1,2,684,0,3381,1,0,0,0,"Knudsen I","A","Knudsen I"
338,11408,"Nils Claus Ihlen","Ihlen","Nils",1855,1925,0,"NilsIhlen1855",1918-07-05,1918-07-11,6,63,"Industriforsyningsdepartementet",129,"Temporary ministries related to world wars","",0,1,"Venstre",1913-01-31,1920-06-20,2,2,2697,684,3381,1,1,0,0,"Knudsen II","B","Knudsen II B"
338,11408,"Nils Claus Ihlen","Ihlen","Nils",1855,1925,0,"NilsIhlen1855",1913-01-31,1920-06-20,2697,58,"Utenriksdepartementet",4000,"Ministry of Foreign Affairs","Utenriksminister",0,0,"Venstre",1913-01-31,1920-06-20,2,2,2697,684,3381,1,1,0,0,"Knudsen II","A","Knudsen II A"
338,11408,"Nils Claus Ihlen","Ihlen","Nils",1855,1925,0,"NilsIhlen1855",1913-01-31,1920-06-20,2697,58,"Utenriksdepartementet",4000,"Ministry of Foreign Affairs","Utenriksminister",0,0,"Venstre",1913-01-31,1920-06-20,2,2,2697,684,3381,1,1,0,0,"Knudsen II","B","Knudsen II B"
338,11408,"Nils Claus Ihlen","Ihlen","Nils",1855,1925,0,"NilsIhlen1855",1913-01-31,1920-06-20,2697,58,"Utenriksdepartementet",4000,"Ministry of Foreign Affairs","Utenriksminister",0,0,"Venstre",1913-01-31,1920-06-20,2,2,2697,684,3381,1,1,0,0,"Knudsen II","C","Knudsen II C"
339,11453,"Rolf Jacobsen","Jacobsen","Rolf",1865,1942,0,"RolfJacobsen1865",1924-07-25,1926-03-04,587,59,"Forsvarsdepartementet",5000,"Ministry of Defense","Forsvarsminister",0,0,"Venstre",1924-07-25,1926-03-04,1,1,587,0,587,1,0,0,0,"Mowinckel I","A","Mowinckel I A"
339,11453,"Rolf Jacobsen","Jacobsen","Rolf",1865,1942,0,"RolfJacobsen1865",1924-07-25,1926-03-04,587,59,"Forsvarsdepartementet",5000,"Ministry of Defense","Forsvarsminister",0,0,"Venstre",1924-07-25,1926-03-04,1,1,587,0,587,1,0,0,0,"Mowinckel I","B","Mowinckel I B"
340,11457,"Gunder Anton Johannesen Jahren","Jahren","Gunder",1858,1933,0,"GunderJahren1858",1920-06-21,1921-06-21,365,62,"Landbruksdepartementet",19000,"Ministry of Agriculture and Food","Landbruksminister",0,0,"Høyre",1920-06-21,1921-06-21,1,1,365,0,365,1,0,0,0,"Halvorsen I",NA,"Halvorsen I"
341,11582,"Birger Kildal","Kildal","Birger",1849,1913,0,"BirgerKildal1849",1885-05-01,1885-09-30,152,36,"Postdepartementet",167,"Ministry of Trade and Industry","",0,1,"Venstre",1884-07-16,1886-07-30,1,4,744,0,2651,0,0,0,0,"Sverdrup","A","Sverdrup A"
341,11582,"Birger Kildal","Kildal","Birger",1849,1913,0,"BirgerKildal1849",1884-07-16,1886-07-30,744,35,"Revisjonsdepartementet",125,"Ministry of Auditing","",0,0,"Venstre",1884-07-16,1886-07-30,1,4,744,0,2651,0,0,0,0,"Sverdrup","A","Sverdrup A"
341,11582,"Birger Kildal","Kildal","Birger",1849,1913,0,"BirgerKildal1849",1884-07-16,1886-07-30,744,35,"Revisjonsdepartementet",125,"Ministry of Auditing","",0,0,"Venstre",1884-07-16,1886-07-30,1,4,744,0,2651,0,0,0,0,"Sverdrup","B","Sverdrup B"
341,11582,"Birger Kildal","Kildal","Birger",1849,1913,0,"BirgerKildal1849",1886-08-01,1887-08-31,395,37,"Statsrådsavdelingen i Stockholm",166,"The Norwegian Council of State Division in Stockholm","Statsråd",0,0,"Venstre",1886-08-01,1888-02-16,2,4,564,744,2651,0,1,0,0,"Sverdrup","B","Sverdrup B"
341,11582,"Birger Kildal","Kildal","Birger",1849,1913,0,"BirgerKildal1849",1887-09-01,1887-10-31,60,38,"Justis- og politidepartementet",13000,"Ministry of Justice","Justisminister",0,1,"Venstre",1886-08-01,1888-02-16,2,4,564,744,2651,0,1,0,0,"Sverdrup","B","Sverdrup B"
341,11582,"Birger Kildal","Kildal","Birger",1849,1913,0,"BirgerKildal1849",1887-09-01,1888-02-16,168,38,"Arbeidsdepartementet",126,"Ministry of Transport and Infrastructure","",0,0,"Venstre",1886-08-01,1888-02-16,2,4,564,744,2651,0,1,0,0,"Sverdrup","B","Sverdrup B"
341,11582,"Birger Kildal","Kildal","Birger",1849,1913,0,"BirgerKildal1849",1895-11-01,1898-02-16,838,46,"Finans- og tolldepartementet",1000,"Ministry of Finance","Finansminister",0,0,"Venstre",1895-11-01,1898-02-16,3,4,838,1308,2651,0,1,0,0,"Hagerup I","A","Hagerup I"
341,11582,"Birger Kildal","Kildal","Birger",1849,1913,0,"BirgerKildal1849",1903-10-22,1904-08-31,314,54,"Revisjonsdepartementet",125,"Ministry of Auditing","",0,0,"Venstre",1903-10-22,1905-03-10,4,4,505,2146,2651,1,1,0,0,"Hagerup II",NA,"Hagerup II"
341,11582,"Birger Kildal","Kildal","Birger",1849,1913,0,"BirgerKildal1849",1903-10-22,1904-08-31,314,54,"Finans- og tolldepartementet",1000,"Ministry of Finance","Finansminister",0,0,"Venstre",1903-10-22,1905-03-10,4,4,505,2146,2651,1,1,0,0,"Hagerup II",NA,"Hagerup II"
341,11582,"Birger Kildal","Kildal","Birger",1849,1913,0,"BirgerKildal1849",1904-09-01,1905-03-10,190,55,"Statsrådsavdelingen i Stockholm",166,"The Norwegian Council of State Division in Stockholm","Statsråd",0,0,"Venstre",1903-10-22,1905-03-10,4,4,505,2146,2651,1,1,0,0,"Hagerup II",NA,"Hagerup II"
342,11593,"Ivar Larsen Kirkeby-Garstad","Kirkeby-Garstad","Ivar",1877,1951,0,"IvarKirkeby-Garstad1877",1932-02-25,1932-03-13,17,55,"Landbruksdepartementet",19000,"Ministry of Agriculture and Food","Landbruksminister",0,0,"Senterpartiet",1932-02-25,1933-03-02,1,1,371,0,371,1,0,0,0,"Kolstad",NA,"Kolstad"
342,11593,"Ivar Larsen Kirkeby-Garstad","Kirkeby-Garstad","Ivar",1877,1951,0,"IvarKirkeby-Garstad1877",1932-03-14,1933-03-02,353,55,"Handelsdepartementet",2000,"Ministry of Trade and Industry","Handel-, sjøfart og industriminister",0,0,"Senterpartiet",1932-02-25,1933-03-02,1,1,371,0,371,1,0,0,0,"Hundseid",NA,"Hundseid"
343,11619,"Odd Sverressøn Klingenberg","Klingenberg","Odd",1871,1944,0,"OddKlingenberg1871",1920-06-21,1921-06-21,365,49,"Sosialdepartementet",7000,"Ministry of Health and Social Affairs","Sosialminister",0,0,"Høyre",1920-06-21,1921-06-21,1,2,365,0,449,1,0,0,0,"Halvorsen I",NA,"Halvorsen I"
343,11619,"Odd Sverressøn Klingenberg","Klingenberg","Odd",1871,1944,0,"OddKlingenberg1871",1923-03-06,1923-05-29,84,52,"Sosialdepartementet",7000,"Ministry of Health and Social Affairs","Sosialminister",0,0,"Høyre",1923-03-06,1923-05-29,2,2,84,365,449,1,1,0,0,"Halvorsen II",NA,"Halvorsen II"
343,11619,"Odd Sverressøn Klingenberg","Klingenberg","Odd",1871,1944,0,"OddKlingenberg1871",1923-03-24,1923-05-29,66,52,"Justis- og politidepartementet",13000,"Ministry of Justice","Fungerende statsråd",1,0,"Høyre",1923-03-06,1923-05-29,2,2,84,365,449,1,1,0,0,"Halvorsen II",NA,"Halvorsen II"
344,11632,"Gunnar (Aanon Gunerius) Knudsen","Knudsen","Gunnar",1848,1928,0,"GunnarKnudsen1848",1901-12-24,1902-04-20,117,53,"Statsrådsavdelingen i Stockholm",166,"The Norwegian Council of State Division in Stockholm","Statsråd",0,0,"Venstre",1901-12-24,1903-03-31,1,5,462,0,4218,1,0,0,0,"Steen II","B","Steen II B"
344,11632,"Gunnar (Aanon Gunerius) Knudsen","Knudsen","Gunnar",1848,1928,0,"GunnarKnudsen1848",1902-04-21,1903-02-28,313,54,"Statsrådsavdelingen i Stockholm",166,"The Norwegian Council of State Division in Stockholm","Statsråd",0,0,"Venstre",1901-12-24,1903-03-31,1,5,462,0,4218,1,0,0,0,"Blehr I","A","Blehr I"
344,11632,"Gunnar (Aanon Gunerius) Knudsen","Knudsen","Gunnar",1848,1928,0,"GunnarKnudsen1848",1903-03-01,1903-03-31,30,55,"Revisjonsdepartementet",125,"Ministry of Auditing","",0,0,"Venstre",1901-12-24,1903-03-31,1,5,462,0,4218,1,0,0,0,"Blehr I","A","Blehr I"
344,11632,"Gunnar (Aanon Gunerius) Knudsen","Knudsen","Gunnar",1848,1928,0,"GunnarKnudsen1848",1903-06-01,1903-10-21,142,55,"Finans- og tolldepartementet",1000,"Ministry of Finance","Finansminister",0,0,"Venstre",1903-06-01,1903-10-21,2,5,142,462,4218,1,1,0,0,"Blehr I","A","Blehr I"
344,11632,"Gunnar (Aanon Gunerius) Knudsen","Knudsen","Gunnar",1848,1928,0,"GunnarKnudsen1848",1903-06-09,1903-10-21,134,55,"Landbruksdepartementet",19000,"Ministry of Agriculture and Food","Landbruksminister",0,0,"Venstre",1903-06-01,1903-10-21,2,5,142,462,4218,1,1,0,0,"Blehr I","A","Blehr I"
344,11632,"Gunnar (Aanon Gunerius) Knudsen","Knudsen","Gunnar",1848,1928,0,"GunnarKnudsen1848",1905-03-11,1905-07-06,117,57,"Revisjonsdepartementet",125,"Ministry of Auditing","",0,1,"Venstre",1905-03-11,1905-10-30,3,5,233,604,4218,1,1,0,0,"Michelsen","A","Michelsen A"
344,11632,"Gunnar (Aanon Gunerius) Knudsen","Knudsen","Gunnar",1848,1928,0,"GunnarKnudsen1848",1905-03-11,1905-10-30,233,57,"Finans- og tolldepartementet",1000,"Ministry of Finance","Finansminister",0,0,"Venstre",1905-03-11,1905-10-30,3,5,233,604,4218,1,1,0,0,"Michelsen","A","Michelsen A"
344,11632,"Gunnar (Aanon Gunerius) Knudsen","Knudsen","Gunnar",1848,1928,0,"GunnarKnudsen1848",1908-03-19,1910-02-01,684,60,"Revisjonsdepartementet",125,"Ministry of Auditing","",0,0,"Venstre",1908-03-19,1910-02-01,4,5,684,837,4218,1,1,0,0,"Knudsen I","A","Knudsen I"
344,11632,"Gunnar (Aanon Gunerius) Knudsen","Knudsen","Gunnar",1848,1928,0,"GunnarKnudsen1848",1908-03-19,1910-02-01,684,60,"Statsministerembetet",165,"Prime Minister's Office","",0,0,"Venstre",1908-03-19,1910-02-01,4,5,684,837,4218,1,1,0,0,"Knudsen I","A","Knudsen I"
344,11632,"Gunnar (Aanon Gunerius) Knudsen","Knudsen","Gunnar",1848,1928,0,"GunnarKnudsen1848",1908-03-19,1910-02-01,684,60,"Finans- og tolldepartementet",1000,"Ministry of Finance","Finansminister",0,0,"Venstre",1908-03-19,1910-02-01,4,5,684,837,4218,1,1,0,0,"Knudsen I","A","Knudsen I"
344,11632,"Gunnar (Aanon Gunerius) Knudsen","Knudsen","Gunnar",1848,1928,0,"GunnarKnudsen1848",1913-01-31,1918-06-30,1976,65,"Revisjonsdepartementet",125,"Ministry of Auditing","",0,1,"Venstre",1913-01-31,1920-06-20,5,5,2697,1521,4218,1,1,0,0,"Knudsen II","A","Knudsen II A"
344,11632,"Gunnar (Aanon Gunerius) Knudsen","Knudsen","Gunnar",1848,1928,0,"GunnarKnudsen1848",1913-01-31,1918-06-30,1976,65,"Revisjonsdepartementet",125,"Ministry of Auditing","",0,1,"Venstre",1913-01-31,1920-06-20,5,5,2697,1521,4218,1,1,0,0,"Knudsen II","B","Knudsen II B"
344,11632,"Gunnar (Aanon Gunerius) Knudsen","Knudsen","Gunnar",1848,1928,0,"GunnarKnudsen1848",1913-01-31,1919-12-11,2505,65,"Landbruksdepartementet",19000,"Ministry of Agriculture and Food","Landbruksminister",0,1,"Venstre",1913-01-31,1920-06-20,5,5,2697,1521,4218,1,1,0,0,"Knudsen II","A","Knudsen II A"
344,11632,"Gunnar (Aanon Gunerius) Knudsen","Knudsen","Gunnar",1848,1928,0,"GunnarKnudsen1848",1913-01-31,1919-12-11,2505,65,"Landbruksdepartementet",19000,"Ministry of Agriculture and Food","Landbruksminister",0,1,"Venstre",1913-01-31,1920-06-20,5,5,2697,1521,4218,1,1,0,0,"Knudsen II","B","Knudsen II B"
344,11632,"Gunnar (Aanon Gunerius) Knudsen","Knudsen","Gunnar",1848,1928,0,"GunnarKnudsen1848",1913-01-31,1919-12-11,2505,65,"Landbruksdepartementet",19000,"Ministry of Agriculture and Food","Landbruksminister",0,1,"Venstre",1913-01-31,1920-06-20,5,5,2697,1521,4218,1,1,0,0,"Knudsen II","C","Knudsen II C"
344,11632,"Gunnar (Aanon Gunerius) Knudsen","Knudsen","Gunnar",1848,1928,0,"GunnarKnudsen1848",1913-01-31,1920-06-20,2697,65,"Statsministerembetet",165,"Prime Minister's Office","",0,0,"Venstre",1913-01-31,1920-06-20,5,5,2697,1521,4218,1,1,0,0,"Knudsen II","A","Knudsen II A"
344,11632,"Gunnar (Aanon Gunerius) Knudsen","Knudsen","Gunnar",1848,1928,0,"GunnarKnudsen1848",1913-01-31,1920-06-20,2697,65,"Statsministerembetet",165,"Prime Minister's Office","",0,0,"Venstre",1913-01-31,1920-06-20,5,5,2697,1521,4218,1,1,0,0,"Knudsen II","B","Knudsen II B"
344,11632,"Gunnar (Aanon Gunerius) Knudsen","Knudsen","Gunnar",1848,1928,0,"GunnarKnudsen1848",1913-01-31,1920-06-20,2697,65,"Statsministerembetet",165,"Prime Minister's Office","",0,0,"Venstre",1913-01-31,1920-06-20,5,5,2697,1521,4218,1,1,0,0,"Knudsen II","C","Knudsen II C"
344,11632,"Gunnar (Aanon Gunerius) Knudsen","Knudsen","Gunnar",1848,1928,0,"GunnarKnudsen1848",1919-12-12,1920-06-20,191,71,"Finans- og tolldepartementet",1000,"Ministry of Finance","Konstituert statsråd",1,0,"Venstre",1913-01-31,1920-06-20,5,5,2697,1521,4218,1,1,0,0,"Knudsen II","C","Knudsen II C"
345,11633,"Christopher Knudsen","Knudsen","Christopher",1843,1915,0,"ChristopherKnudsen1843",1905-03-11,1906-01-26,321,62,"Kirke- og undervisningsdepartementet",21000,"Ministry of Education","Kirke- og undervisningsminister",0,0,"Høyre",1905-03-11,1906-01-26,1,1,321,0,321,1,0,0,0,"Michelsen","A","Michelsen A"
346,11658,"Jens Isak de Lange Kobro","Kobro","Jens",1882,1967,0,"JensKobro1882",1933-03-03,1935-03-19,746,51,"Forsvarsdepartementet",5000,"Ministry of Defense","Forsvarsminister",0,0,"Venstre",1933-03-03,1935-03-19,1,1,746,0,746,1,0,0,0,"Mowinckel III","A","Mowinckel III A"
346,11658,"Jens Isak de Lange Kobro","Kobro","Jens",1882,1967,0,"JensKobro1882",1933-03-03,1935-03-19,746,51,"Forsvarsdepartementet",5000,"Ministry of Defense","Forsvarsminister",0,0,"Venstre",1933-03-03,1935-03-19,1,1,746,0,746,1,0,0,0,"Mowinckel III","B","Mowinckel III B"
347,11671,"Peder Ludvik Kolstad","Kolstad","Peder",1878,1932,0,"PederKolstad1878",1931-05-12,1932-02-24,288,53,"Finans- og tolldepartementet",1000,"Ministry of Finance","Finansminister",0,1,"Senterpartiet",1931-05-12,1932-03-04,1,1,297,0,297,1,0,0,0,"Kolstad",NA,"Kolstad"
347,11671,"Peder Ludvik Kolstad","Kolstad","Peder",1878,1932,0,"PederKolstad1878",1931-05-12,1932-03-04,297,53,"Statsministerembetet",165,"Prime Minister's Office","",0,0,"Senterpartiet",1931-05-12,1932-03-04,1,1,297,0,297,1,0,0,0,"Kolstad",NA,"Kolstad"
348,11677,"Fredrik Ludvig Konow","Konow","Fredrik",1864,1953,0,"FredrikKonow1864",1912-02-20,1913-01-30,345,48,"Finans- og tolldepartementet",1000,"Ministry of Finance","Finansminister",0,0,"Frisindede Venstre",1912-02-20,1913-01-30,1,2,345,0,1038,1,0,0,0,"Bratlie","A","Bratlie"
348,11677,"Fredrik Ludvig Konow","Konow","Fredrik",1864,1953,0,"FredrikKonow1864",1926-03-05,1928-01-27,693,62,"Finans- og tolldepartementet",1000,"Ministry of Finance","Finansminister",0,0,"Frisindede Venstre",1926-03-05,1928-01-27,2,2,693,345,1038,1,1,0,0,"Lykke","A","Lykke"
349,11679,"Wollert Konow (Hedemarken)","Konow","Wollert",1847,1932,0,"WollertKonow1847",1891-03-06,1893-05-01,787,44,"Indredepartementet",127,"Ministry of Local Government","",0,0,"Venstre",1891-03-06,1893-05-01,1,2,787,0,1731,1,0,0,0,"Steen I","A","Steen I A"
349,11679,"Wollert Konow (Hedemarken)","Konow","Wollert",1847,1932,0,"WollertKonow1847",1891-03-06,1893-05-01,787,44,"Indredepartementet",127,"Ministry of Local Government","",0,0,"Venstre",1891-03-06,1893-05-01,1,2,787,0,1731,1,0,0,0,"Steen I","B","Steen I B"
349,11679,"Wollert Konow (Hedemarken)","Konow","Wollert",1847,1932,0,"WollertKonow1847",1900-11-06,1902-04-20,530,53,"Landbruksdepartementet",19000,"Ministry of Agriculture and Food","Landbruksminister",0,0,"Venstre",1900-11-06,1903-06-08,2,2,944,787,1731,1,1,0,0,"Steen II","B","Steen II B"
349,11679,"Wollert Konow (Hedemarken)","Konow","Wollert",1847,1932,0,"WollertKonow1847",1902-04-21,1903-06-08,413,55,"Revisjonsdepartementet",125,"Ministry of Auditing","",0,0,"Venstre",1900-11-06,1903-06-08,2,2,944,787,1731,1,1,0,0,"Blehr I","A","Blehr I"
349,11679,"Wollert Konow (Hedemarken)","Konow","Wollert",1847,1932,0,"WollertKonow1847",1902-04-21,1903-06-08,413,55,"Landbruksdepartementet",19000,"Ministry of Agriculture and Food","Landbruksminister",0,0,"Venstre",1900-11-06,1903-06-08,2,2,944,787,1731,1,1,0,0,"Blehr I","A","Blehr I"
350,11682,"Wollert Konow (Søndre Bergenhus)","Konow","Wollert",1845,1924,0,"WollertKonow1845",1910-02-02,1910-02-28,26,65,"Landbruksdepartementet",19000,"Ministry of Agriculture and Food","Landbruksminister",0,1,"Frisindede Venstre",1910-02-02,1912-02-19,1,1,747,0,747,1,0,0,0,"Konow",NA,"Konow"
350,11682,"Wollert Konow (Søndre Bergenhus)","Konow","Wollert",1845,1924,0,"WollertKonow1845",1910-02-02,1912-02-19,747,65,"Revisjonsdepartementet",125,"Ministry of Auditing","",0,0,"Frisindede Venstre",1910-02-02,1912-02-19,1,1,747,0,747,1,0,0,0,"Konow",NA,"Konow"
350,11682,"Wollert Konow (Søndre Bergenhus)","Konow","Wollert",1845,1924,0,"WollertKonow1845",1910-02-02,1912-02-19,747,65,"Statsministerembetet",165,"Prime Minister's Office","",0,0,"Frisindede Venstre",1910-02-02,1912-02-19,1,1,747,0,747,1,0,0,0,"Konow",NA,"Konow"
351,11763,"Jacob Otto Lange","Lange","Jacob",1833,1902,0,"JacobLange1833",1891-03-06,1892-06-30,482,58,"Statsrådsavdelingen i Stockholm",166,"The Norwegian Council of State Division in Stockholm","Statsråd",0,0,"Venstre",1891-03-06,1893-05-01,1,1,787,0,787,1,0,0,0,"Steen I","A","Steen I A"
351,11763,"Jacob Otto Lange","Lange","Jacob",1833,1902,0,"JacobLange1833",1891-03-06,1892-06-30,482,58,"Statsrådsavdelingen i Stockholm",166,"The Norwegian Council of State Division in Stockholm","Statsråd",0,0,"Venstre",1891-03-06,1893-05-01,1,1,787,0,787,1,0,0,0,"Steen I","B","Steen I B"
351,11763,"Jacob Otto Lange","Lange","Jacob",1833,1902,0,"JacobLange1833",1892-06-30,1893-05-01,305,59,"Revisjonsdepartementet",125,"Ministry of Auditing","",0,0,"Venstre",1891-03-06,1893-05-01,1,1,787,0,787,1,0,0,0,"Steen I","B","Steen I B"
352,11770,"Rasmus Olsen Langeland","Langeland","Rasmus",1873,1954,0,"RasmusLangeland1873",1931-05-12,1932-03-13,306,58,"Arbeidsdepartementet",126,"Ministry of Transport and Infrastructure","Arbeidsminister",0,0,"Senterpartiet",1931-05-12,1933-03-02,1,1,660,0,660,1,0,0,0,"Kolstad",NA,"Kolstad"
352,11770,"Rasmus Olsen Langeland","Langeland","Rasmus",1873,1954,0,"RasmusLangeland1873",1932-03-14,1933-03-02,353,59,"Arbeidsdepartementet",126,"Ministry of Transport and Infrastructure","Arbeidsminister",0,0,"Senterpartiet",1931-05-12,1933-03-02,1,1,660,0,660,1,0,0,0,"Hundseid",NA,"Hundseid"
353,11808,"Kristofer Didrik Lehmkuhl","Lehmkuhl","Kristofer",1855,1949,0,"KristoferLehmkuhl1855",1905-03-11,1907-09-27,930,50,"Arbeidsdepartementet",126,"Ministry of Transport and Infrastructure","Arbeidsminister",0,0,"Samlingspartiet",1905-03-11,1907-09-27,1,1,930,0,930,1,0,0,0,"Michelsen","A","Michelsen A"
353,11808,"Kristofer Didrik Lehmkuhl","Lehmkuhl","Kristofer",1855,1949,0,"KristoferLehmkuhl1855",1905-03-11,1907-09-27,930,50,"Arbeidsdepartementet",126,"Ministry of Transport and Infrastructure","Arbeidsminister",0,0,"Samlingspartiet",1905-03-11,1907-09-27,1,1,930,0,930,1,0,0,0,"Michelsen","B","Michelsen B"
354,11836,"Lars Knutson Liestøl","Liestøl","Lars",1839,1912,0,"LarsLiestøl1839",1888-10-01,1888-12-28,88,49,"Indredepartementet",127,"Ministry of Local Government","",0,1,"Venstre",1888-03-05,1889-02-22,1,1,354,0,354,1,0,0,0,"Sverdrup","B","Sverdrup B"
354,11836,"Lars Knutson Liestøl","Liestøl","Lars",1839,1912,0,"LarsLiestøl1839",1888-03-05,1889-02-22,354,49,"Revisjonsdepartementet",125,"Ministry of Auditing","",0,0,"Venstre",1888-03-05,1889-02-22,1,1,354,0,354,1,0,0,0,"Sverdrup","B","Sverdrup B"
354,11836,"Lars Knutson Liestøl","Liestøl","Lars",1839,1912,0,"LarsLiestøl1839",1888-03-05,1889-02-22,354,49,"Revisjonsdepartementet",125,"Ministry of Auditing","",0,0,"Venstre",1888-03-05,1889-02-22,1,1,354,0,354,1,0,0,0,"Sverdrup","C","Sverdrup C"
355,11837,"Edvard Apolloniussen Liljedahl","Liljedahl","Edvard",1845,1924,0,"EdvardLiljedahl1845",1889-03-06,1889-07-12,128,44,"Statsrådsavdelingen i Stockholm",166,"The Norwegian Council of State Division in Stockholm","Statsråd",0,0,"Moderate Venstre",1889-03-06,1889-07-12,1,2,128,0,473,1,0,0,0,"Sverdrup","C","Sverdrup C"
355,11837,"Edvard Apolloniussen Liljedahl","Liljedahl","Edvard",1845,1924,0,"EdvardLiljedahl1845",1912-02-20,1913-01-30,345,67,"Kirke- og undervisningsdepartementet",21000,"Ministry of Education","Kirke- og undervisningsminister",0,0,"Frisindede Venstre",1912-02-20,1913-01-30,2,2,345,128,473,1,1,0,0,"Bratlie","A","Bratlie"
356,11854,"Ambortius Olsen Lindvig","Lindvig","Ambortius",1855,1946,0,"AmbortiusLindvig1855",1912-02-20,1913-01-30,345,57,"Handelsdepartementet",2000,"Ministry of Trade and Industry","Handel-, sjøfart og industriminister",0,0,"Frisindede Venstre",1912-02-20,1913-01-30,1,1,345,0,345,1,0,0,0,"Bratlie","A","Bratlie"
357,11904,"Ivar Lykke","Lykke","Ivar",1872,1949,0,"IvarLykke1872",1926-03-05,1928-01-27,693,54,"Statsministerembetet",165,"Prime Minister's Office","",0,0,"Høyre",1926-03-05,1928-01-27,1,1,693,0,693,1,0,0,0,"Lykke","A","Lykke"
357,11904,"Ivar Lykke","Lykke","Ivar",1872,1949,0,"IvarLykke1872",1926-03-05,1928-01-27,693,54,"Utenriksdepartementet",4000,"Ministry of Foreign Affairs","Utenriksminister",0,0,"Høyre",1926-03-05,1928-01-27,1,1,693,0,693,1,0,0,0,"Lykke","A","Lykke"
358,11942,"Jørgen Gunnarson Løvland","Løvland","Jørgen",1848,1922,0,"JørgenLøvland1848",1898-02-17,1899-02-28,376,50,"Arbeidsdepartementet",126,"Ministry of Transport and Infrastructure","Arbeidsminister",0,0,"Venstre",1898-02-17,1899-02-28,1,4,376,0,4841,1,0,0,0,"Steen II","A","Steen II A"
358,11942,"Jørgen Gunnarson Løvland","Løvland","Jørgen",1848,1922,0,"JørgenLøvland1848",1899-04-01,1900-05-31,425,51,"Statsrådsavdelingen i Stockholm",166,"The Norwegian Council of State Division in Stockholm","Statsråd",0,0,"Venstre",1899-04-01,1903-10-21,2,4,1663,376,4841,1,1,0,0,"Steen II","A","Steen II A"
358,11942,"Jørgen Gunnarson Løvland","Løvland","Jørgen",1848,1922,0,"JørgenLøvland1848",1900-06-01,1902-04-20,688,52,"Arbeidsdepartementet",126,"Ministry of Transport and Infrastructure","Arbeidsminister",0,0,"Venstre",1899-04-01,1903-10-21,2,4,1663,376,4841,1,1,0,0,"Steen II","A","Steen II A"
358,11942,"Jørgen Gunnarson Løvland","Løvland","Jørgen",1848,1922,0,"JørgenLøvland1848",1900-06-01,1902-04-20,688,52,"Arbeidsdepartementet",126,"Ministry of Transport and Infrastructure","Arbeidsminister",0,0,"Venstre",1899-04-01,1903-10-21,2,4,1663,376,4841,1,1,0,0,"Steen II","B","Steen II B"
358,11942,"Jørgen Gunnarson Løvland","Løvland","Jørgen",1848,1922,0,"JørgenLøvland1848",1902-04-21,1903-10-21,548,54,"Arbeidsdepartementet",126,"Ministry of Transport and Infrastructure","Arbeidsminister",0,0,"Venstre",1899-04-01,1903-10-21,2,4,1663,376,4841,1,1,0,0,"Blehr I","A","Blehr I"
358,11942,"Jørgen Gunnarson Løvland","Løvland","Jørgen",1848,1922,0,"JørgenLøvland1848",1905-03-11,1905-06-06,87,57,"Statsrådsavdelingen i Stockholm",166,"The Norwegian Council of State Division in Stockholm","Statsminister",0,0,"Venstre",1905-03-11,1908-03-18,3,4,1103,2039,4841,1,1,0,0,"Michelsen","A","Michelsen A"
358,11942,"Jørgen Gunnarson Løvland","Løvland","Jørgen",1848,1922,0,"JørgenLøvland1848",1905-06-07,1905-11-30,176,57,"Handelsdepartementet",2000,"Ministry of Trade and Industry","Utenriksminister",0,0,"Venstre",1905-03-11,1908-03-18,3,4,1103,2039,4841,1,1,0,0,"Michelsen","A","Michelsen A"
358,11942,"Jørgen Gunnarson Løvland","Løvland","Jørgen",1848,1922,0,"JørgenLøvland1848",1905-12-01,1907-10-22,690,57,"Utenriksdepartementet",4000,"Ministry of Foreign Affairs","Utenriksminister",0,0,"Venstre",1905-03-11,1908-03-18,3,4,1103,2039,4841,1,1,0,0,"Michelsen","A","Michelsen A"
358,11942,"Jørgen Gunnarson Løvland","Løvland","Jørgen",1848,1922,0,"JørgenLøvland1848",1905-12-01,1907-10-22,690,57,"Utenriksdepartementet",4000,"Ministry of Foreign Affairs","Utenriksminister",0,0,"Venstre",1905-03-11,1908-03-18,3,4,1103,2039,4841,1,1,0,0,"Michelsen","B","Michelsen B"
358,11942,"Jørgen Gunnarson Løvland","Løvland","Jørgen",1848,1922,0,"JørgenLøvland1848",1907-10-23,1908-03-18,147,59,"Statsministerembetet",165,"Prime Minister's Office","",0,0,"Venstre",1905-03-11,1908-03-18,3,4,1103,2039,4841,1,1,0,0,"Michelsen","B","Michelsen B"
358,11942,"Jørgen Gunnarson Løvland","Løvland","Jørgen",1848,1922,0,"JørgenLøvland1848",1907-10-23,1908-03-18,147,59,"Statsministerembetet",165,"Prime Minister's Office","",0,0,"Venstre",1905-03-11,1908-03-18,3,4,1103,2039,4841,1,1,0,0,"Løvland",NA,"Løvland"
358,11942,"Jørgen Gunnarson Løvland","Løvland","Jørgen",1848,1922,0,"JørgenLøvland1848",1907-10-23,1908-03-18,147,59,"Utenriksdepartementet",4000,"Ministry of Foreign Affairs","Utenriksminister",0,0,"Venstre",1905-03-11,1908-03-18,3,4,1103,2039,4841,1,1,0,0,"Michelsen","B","Michelsen B"
358,11942,"Jørgen Gunnarson Løvland","Løvland","Jørgen",1848,1922,0,"JørgenLøvland1848",1907-10-23,1908-03-18,147,59,"Utenriksdepartementet",4000,"Ministry of Foreign Affairs","Utenriksminister",0,0,"Venstre",1905-03-11,1908-03-18,3,4,1103,2039,4841,1,1,0,0,"Løvland",NA,"Løvland"
358,11942,"Jørgen Gunnarson Løvland","Løvland","Jørgen",1848,1922,0,"JørgenLøvland1848",1915-10-26,1920-06-20,1699,67,"Kirke- og undervisningsdepartementet",21000,"Ministry of Education","Kirke- og undervisningsminister",0,0,"Venstre",1915-10-26,1920-06-20,4,4,1699,3142,4841,1,1,0,0,"Knudsen II","A","Knudsen II A"
358,11942,"Jørgen Gunnarson Løvland","Løvland","Jørgen",1848,1922,0,"JørgenLøvland1848",1915-10-26,1920-06-20,1699,67,"Kirke- og undervisningsdepartementet",21000,"Ministry of Education","Kirke- og undervisningsminister",0,0,"Venstre",1915-10-26,1920-06-20,4,4,1699,3142,4841,1,1,0,0,"Knudsen II","B","Knudsen II B"
358,11942,"Jørgen Gunnarson Løvland","Løvland","Jørgen",1848,1922,0,"JørgenLøvland1848",1915-10-26,1920-06-20,1699,67,"Kirke- og undervisningsdepartementet",21000,"Ministry of Education","Kirke- og undervisningsminister",0,0,"Venstre",1915-10-26,1920-06-20,4,4,1699,3142,4841,1,1,0,0,"Knudsen II","C","Knudsen II C"
359,11951,"Alfred Martin Madsen","Madsen","Alfred",1888,1962,0,"AlfredMadsen1888",1928-01-28,1928-02-14,17,40,"Sosialdepartementet",7000,"Ministry of Health and Social Affairs","Sosialminister",0,0,"Arbeiderpartiet",1928-01-28,1928-02-14,1,2,17,0,1580,1,0,0,0,"Hornsrud",NA,"Hornsrud"
359,11951,"Alfred Martin Madsen","Madsen","Alfred",1888,1962,0,"AlfredMadsen1888",1935-03-20,1939-06-30,1563,47,"Handelsdepartementet",2000,"Ministry of Trade and Industry","Handel-, sjøfart og industriminister",0,0,"Arbeiderpartiet",1935-03-20,1939-06-30,2,2,1563,17,1580,1,1,0,0,"Nygaardsvold","A","Nygaardsvold A"
359,11951,"Alfred Martin Madsen","Madsen","Alfred",1888,1962,0,"AlfredMadsen1888",1935-03-20,1939-06-30,1563,47,"Handelsdepartementet",2000,"Ministry of Trade and Industry","Handel-, sjøfart og industriminister",0,0,"Arbeiderpartiet",1935-03-20,1939-06-30,2,2,1563,17,1580,1,1,0,0,"Nygaardsvold","B","Nygaardsvold B"
360,11976,"Christian Pierre Mathiesen","Mathiesen","Christian",1870,1953,0,"ChristianMathiesen1870",1903-10-22,1904-09-25,339,33,"Landbruksdepartementet",19000,"Ministry of Agriculture and Food","Landbruksminister",0,0,"Høyre",1903-10-22,1904-09-25,1,1,339,0,339,1,0,0,0,"Hagerup II",NA,"Hagerup II"
361,11995,"Lars Olai Meling","Meling","Lars",1876,1951,0,"LarsMeling1876",1924-07-25,1926-03-04,587,48,"Handelsdepartementet",2000,"Ministry of Trade and Industry","Handel-, sjøfart og industriminister",0,0,"Venstre",1924-07-25,1926-03-04,1,2,587,0,1333,1,0,0,0,"Mowinckel I","A","Mowinckel I A"
361,11995,"Lars Olai Meling","Meling","Lars",1876,1951,0,"LarsMeling1876",1924-07-25,1926-03-04,587,48,"Handelsdepartementet",2000,"Ministry of Trade and Industry","Handel-, sjøfart og industriminister",0,0,"Venstre",1924-07-25,1926-03-04,1,2,587,0,1333,1,0,0,0,"Mowinckel I","B","Mowinckel I B"
361,11995,"Lars Olai Meling","Meling","Lars",1876,1951,0,"LarsMeling1876",1933-03-03,1935-03-19,746,57,"Handelsdepartementet",2000,"Ministry of Trade and Industry","Handel-, sjøfart og industriminister",0,0,"Venstre",1933-03-03,1935-03-19,2,2,746,587,1333,1,1,0,0,"Mowinckel III","A","Mowinckel III A"
361,11995,"Lars Olai Meling","Meling","Lars",1876,1951,0,"LarsMeling1876",1933-03-03,1935-03-19,746,57,"Handelsdepartementet",2000,"Ministry of Trade and Industry","Handel-, sjøfart og industriminister",0,0,"Venstre",1933-03-03,1935-03-19,2,2,746,587,1333,1,1,0,0,"Mowinckel III","B","Mowinckel III B"
362,11996,"Johan Egeberg Mellbye","Mellbye","Johan",1866,1954,0,"JohanMellbye1866",1904-09-26,1905-03-10,165,38,"Landbruksdepartementet",19000,"Ministry of Agriculture and Food","Landbruksminister",0,0,"Høyre",1904-09-26,1905-03-10,1,1,165,0,165,0,0,0,0,"Hagerup II",NA,"Hagerup II"
363,12008,"Gerdt Henrik Meyer Bruun","Bruun","Gerdt",1873,1945,0,"GerdtBruun1873",1920-06-21,1921-06-21,365,47,"Handelsdepartementet",2000,"Ministry of Trade and Industry","Handel-, sjøfart og industriminister",0,0,"Høyre",1920-06-21,1921-06-21,1,1,365,0,365,1,0,0,0,"Halvorsen I",NA,"Halvorsen I"
364,12010,"Christian Fredrik Michelet","Michelet","Christian",1863,1927,0,"ChristianMichelet1863",1920-06-21,1921-06-21,365,57,"Utenriksdepartementet",4000,"Ministry of Foreign Affairs","Utenriksminister",0,0,"Høyre",1920-06-21,1921-06-21,1,2,365,0,871,1,0,0,0,"Halvorsen I",NA,"Halvorsen I"
364,12010,"Christian Fredrik Michelet","Michelet","Christian",1863,1927,0,"ChristianMichelet1863",1923-03-06,1923-05-29,84,60,"Utenriksdepartementet",4000,"Ministry of Foreign Affairs","Utenriksminister",0,0,"Høyre",1923-03-06,1924-07-24,2,2,506,365,871,1,1,0,0,"Halvorsen II",NA,"Halvorsen II"
364,12010,"Christian Fredrik Michelet","Michelet","Christian",1863,1927,0,"ChristianMichelet1863",1923-03-24,1923-05-29,66,60,"Statsministerembetet",165,"Prime Minister's Office","Fungerende statsminister",1,0,"Høyre",1923-03-06,1924-07-24,2,2,506,365,871,1,1,0,0,"Halvorsen II",NA,"Halvorsen II"
364,12010,"Christian Fredrik Michelet","Michelet","Christian",1863,1927,0,"ChristianMichelet1863",1923-05-30,1924-07-24,421,60,"Utenriksdepartementet",4000,"Ministry of Foreign Affairs","Utenriksminister",0,0,"Høyre",1923-03-06,1924-07-24,2,2,506,365,871,1,1,0,0,"Berge",NA,"Berge"
365,12017,"Peter Christian Hersleb Kjerschow Michelsen","Michelsen","Peter",1857,1925,0,"PeterMichelsen1857",1903-10-22,1904-08-31,314,46,"Statsrådsavdelingen i Stockholm",166,"The Norwegian Council of State Division in Stockholm","Nærings- og energiminister",0,0,"Venstre",1903-10-22,1907-10-22,1,1,1461,0,1461,1,0,0,0,"Hagerup II",NA,"Hagerup II"
365,12017,"Peter Christian Hersleb Kjerschow Michelsen","Michelsen","Peter",1857,1925,0,"PeterMichelsen1857",1904-09-01,1905-03-10,190,47,"Finans- og tolldepartementet",1000,"Ministry of Finance","Nærings- og energiminister",0,0,"Venstre",1903-10-22,1907-10-22,1,1,1461,0,1461,1,0,0,0,"Hagerup II",NA,"Hagerup II"
365,12017,"Peter Christian Hersleb Kjerschow Michelsen","Michelsen","Peter",1857,1925,0,"PeterMichelsen1857",1905-03-11,1905-06-06,87,48,"Statsrådsavdelingen i Kristiania",165,"Prime Minister's Office","Statsminister",0,0,"Venstre",1903-10-22,1907-10-22,1,1,1461,0,1461,1,0,0,0,"Michelsen","A","Michelsen A"
365,12017,"Peter Christian Hersleb Kjerschow Michelsen","Michelsen","Peter",1857,1925,0,"PeterMichelsen1857",1905-03-11,1905-06-06,87,48,"Justis- og politidepartementet",13000,"Ministry of Justice","Nærings- og energiminister",0,0,"Venstre",1903-10-22,1907-10-22,1,1,1461,0,1461,1,0,0,0,"Michelsen","A","Michelsen A"
365,12017,"Peter Christian Hersleb Kjerschow Michelsen","Michelsen","Peter",1857,1925,0,"PeterMichelsen1857",1905-10-31,1905-11-26,26,48,"Finans- og tolldepartementet",1000,"Ministry of Finance","Nærings- og energiminister",0,1,"Venstre",1903-10-22,1907-10-22,1,1,1461,0,1461,1,0,0,0,"Michelsen","A","Michelsen A"
365,12017,"Peter Christian Hersleb Kjerschow Michelsen","Michelsen","Peter",1857,1925,0,"PeterMichelsen1857",1905-06-07,1907-10-22,867,48,"Statsministerembetet",165,"Prime Minister's Office","Nærings- og energiminister",0,0,"Venstre",1903-10-22,1907-10-22,1,1,1461,0,1461,1,0,0,0,"Michelsen","A","Michelsen A"
365,12017,"Peter Christian Hersleb Kjerschow Michelsen","Michelsen","Peter",1857,1925,0,"PeterMichelsen1857",1905-06-07,1907-10-22,867,48,"Statsministerembetet",165,"Prime Minister's Office","Nærings- og energiminister",0,0,"Venstre",1903-10-22,1907-10-22,1,1,1461,0,1461,1,0,0,0,"Michelsen","B","Michelsen B"
365,12017,"Peter Christian Hersleb Kjerschow Michelsen","Michelsen","Peter",1857,1925,0,"PeterMichelsen1857",1905-11-27,1907-10-22,694,48,"Revisjonsdepartementet",125,"Ministry of Auditing","Nærings- og energiminister",0,0,"Venstre",1903-10-22,1907-10-22,1,1,1461,0,1461,1,0,0,0,"Michelsen","A","Michelsen A"
365,12017,"Peter Christian Hersleb Kjerschow Michelsen","Michelsen","Peter",1857,1925,0,"PeterMichelsen1857",1905-11-27,1907-10-22,694,48,"Revisjonsdepartementet",125,"Ministry of Auditing","Nærings- og energiminister",0,0,"Venstre",1903-10-22,1907-10-22,1,1,1461,0,1461,1,0,0,0,"Michelsen","B","Michelsen B"
365,12017,"Peter Christian Hersleb Kjerschow Michelsen","Michelsen","Peter",1857,1925,0,"PeterMichelsen1857",1907-05-25,1907-10-22,150,50,"Forsvarsdepartementet",5000,"Ministry of Defense","Nærings- og energiminister",0,0,"Venstre",1903-10-22,1907-10-22,1,1,1461,0,1461,1,0,0,0,"Michelsen","B","Michelsen B"
366,12018,"Cornelius Middelthon","Middelthon","Cornelius",1869,1934,0,"CorneliusMiddelthon1869",1920-06-21,1921-06-21,365,51,"Arbeidsdepartementet",126,"Ministry of Transport and Infrastructure","Arbeidsminister",0,0,"Høyre",1920-06-21,1921-06-21,1,2,365,0,871,1,0,0,0,"Halvorsen I",NA,"Halvorsen I"
366,12018,"Cornelius Middelthon","Middelthon","Cornelius",1869,1934,0,"CorneliusMiddelthon1869",1923-03-06,1923-05-29,84,54,"Arbeidsdepartementet",126,"Ministry of Transport and Infrastructure","Arbeidsminister",0,0,"Høyre",1923-03-06,1924-07-24,2,2,506,365,871,1,1,0,0,"Halvorsen II",NA,"Halvorsen II"
366,12018,"Cornelius Middelthon","Middelthon","Cornelius",1869,1934,0,"CorneliusMiddelthon1869",1923-05-30,1924-07-24,421,54,"Arbeidsdepartementet",126,"Ministry of Transport and Infrastructure","Arbeidsminister",0,0,"Høyre",1923-03-06,1924-07-24,2,2,506,365,871,1,1,0,0,"Berge",NA,"Berge"
367,12025,"Ole Monsen Mjelde","Mjelde","Ole",1865,1942,0,"OleMjelde1865",1920-05-10,1920-06-20,41,55,"Arbeidsdepartementet",126,"Ministry of Transport and Infrastructure","Arbeidsminister",0,0,"Venstre",1920-05-10,1920-06-20,1,5,41,0,3176,1,0,0,0,"Knudsen II","C","Knudsen II C"
367,12025,"Ole Monsen Mjelde","Mjelde","Ole",1865,1942,0,"OleMjelde1865",1921-06-22,1921-07-22,30,56,"Provianteringsdepartementet",128,"Temporary ministries related to world wars","",0,1,"Venstre",1921-06-22,1923-03-05,2,5,621,41,3176,1,1,0,0,"Blehr II","A","Blehr II A"
367,12025,"Ole Monsen Mjelde","Mjelde","Ole",1865,1942,0,"OleMjelde1865",1921-06-22,1923-03-05,621,56,"Arbeidsdepartementet",126,"Ministry of Transport and Infrastructure","",0,0,"Venstre",1921-06-22,1923-03-05,2,5,621,41,3176,1,1,0,0,"Blehr II","A","Blehr II A"
367,12025,"Ole Monsen Mjelde","Mjelde","Ole",1865,1942,0,"OleMjelde1865",1921-06-22,1923-03-05,621,56,"Arbeidsdepartementet",126,"Ministry of Transport and Infrastructure","",0,0,"Venstre",1921-06-22,1923-03-05,2,5,621,41,3176,1,1,0,0,"Blehr II","B","Blehr II B"
367,12025,"Ole Monsen Mjelde","Mjelde","Ole",1865,1942,0,"OleMjelde1865",1924-07-25,1926-03-04,587,59,"Arbeidsdepartementet",126,"Ministry of Transport and Infrastructure","Arbeidsminister",0,0,"Venstre",1924-07-25,1926-03-04,3,5,587,662,3176,1,1,0,0,"Mowinckel I","A","Mowinckel I A"
367,12025,"Ole Monsen Mjelde","Mjelde","Ole",1865,1942,0,"OleMjelde1865",1924-07-25,1926-03-04,587,59,"Arbeidsdepartementet",126,"Ministry of Transport and Infrastructure","Arbeidsminister",0,0,"Venstre",1924-07-25,1926-03-04,3,5,587,662,3176,1,1,0,0,"Mowinckel I","B","Mowinckel I B"
367,12025,"Ole Monsen Mjelde","Mjelde","Ole",1865,1942,0,"OleMjelde1865",1928-02-15,1931-05-11,1181,63,"Arbeidsdepartementet",126,"Ministry of Transport and Infrastructure","Arbeidsminister",0,0,"Venstre",1928-02-15,1931-05-11,4,5,1181,1249,3176,1,1,0,0,"Mowinckel II","A","Mowinckel II A"
367,12025,"Ole Monsen Mjelde","Mjelde","Ole",1865,1942,0,"OleMjelde1865",1928-02-15,1931-05-11,1181,63,"Arbeidsdepartementet",126,"Ministry of Transport and Infrastructure","Arbeidsminister",0,0,"Venstre",1928-02-15,1931-05-11,4,5,1181,1249,3176,1,1,0,0,"Mowinckel II","B","Mowinckel II B"
367,12025,"Ole Monsen Mjelde","Mjelde","Ole",1865,1942,0,"OleMjelde1865",1933-03-03,1935-03-19,746,68,"Arbeidsdepartementet",126,"Ministry of Transport and Infrastructure","Arbeidsminister",0,0,"Venstre",1933-03-03,1935-03-19,5,5,746,2430,3176,1,1,0,0,"Mowinckel III","A","Mowinckel III A"
367,12025,"Ole Monsen Mjelde","Mjelde","Ole",1865,1942,0,"OleMjelde1865",1933-03-03,1935-03-19,746,68,"Arbeidsdepartementet",126,"Ministry of Transport and Infrastructure","Arbeidsminister",0,0,"Venstre",1933-03-03,1935-03-19,5,5,746,2430,3176,1,1,0,0,"Mowinckel III","B","Mowinckel III B"
368,12058,"Peter Andreas Amundsen Morell","Morell","Peter",1868,1948,0,"PeterMorell1868",1926-03-05,1928-01-27,693,58,"Sosialdepartementet",7000,"Ministry of Health and Social Affairs","Sosialminister",0,0,"Høyre",1926-03-05,1928-01-27,1,1,693,0,693,1,0,0,0,"Lykke","A","Lykke"
369,12080,"Johan Ludwig Mowinckel","Mowinckel","Johan",1870,1943,0,"JohanMowinckel1870",1921-06-22,1922-10-19,484,51,"Handelsdepartementet",2000,"Ministry of Trade and Industry","Utenriksminister - også konstituert handelsminister til 20.10.1922",0,0,"Venstre",1921-06-22,1923-03-05,1,5,621,0,3908,1,0,0,0,"Blehr II","A","Blehr II A"
369,12080,"Johan Ludwig Mowinckel","Mowinckel","Johan",1870,1943,0,"JohanMowinckel1870",1921-06-22,1922-10-19,484,51,"Handelsdepartementet",2000,"Ministry of Trade and Industry","Utenriksminister - også konstituert handelsminister til 20.10.1922",0,0,"Venstre",1921-06-22,1923-03-05,1,5,621,0,3908,1,0,0,0,"Blehr II","B","Blehr II B"
369,12080,"Johan Ludwig Mowinckel","Mowinckel","Johan",1870,1943,0,"JohanMowinckel1870",1922-05-31,1923-03-05,278,52,"Utenriksdepartementet",4000,"Ministry of Foreign Affairs","Handelsminister - også konstituert utenriksminister fra 31.05.1922",0,0,"Venstre",1921-06-22,1923-03-05,1,5,621,0,3908,1,0,0,0,"Blehr II","B","Blehr II B"
369,12080,"Johan Ludwig Mowinckel","Mowinckel","Johan",1870,1943,0,"JohanMowinckel1870",1924-07-25,1926-03-04,587,54,"Utenriksdepartementet",4000,"Ministry of Foreign Affairs","Utenriksminister",0,0,"Venstre",1924-07-25,1926-03-04,2,5,587,621,3908,1,1,0,0,"Mowinckel I","A","Mowinckel I A"
369,12080,"Johan Ludwig Mowinckel","Mowinckel","Johan",1870,1943,0,"JohanMowinckel1870",1924-07-25,1926-03-04,587,54,"Utenriksdepartementet",4000,"Ministry of Foreign Affairs","Utenriksminister",0,0,"Venstre",1924-07-25,1926-03-04,2,5,587,621,3908,1,1,0,0,"Mowinckel I","B","Mowinckel I B"
369,12080,"Johan Ludwig Mowinckel","Mowinckel","Johan",1870,1943,0,"JohanMowinckel1870",1928-02-15,1931-05-11,1181,58,"Utenriksdepartementet",4000,"Ministry of Foreign Affairs","Utenriksminister",0,0,"Venstre",1928-02-15,1931-05-11,3,5,1181,1208,3908,1,1,0,0,"Mowinckel II","A","Mowinckel II A"
369,12080,"Johan Ludwig Mowinckel","Mowinckel","Johan",1870,1943,0,"JohanMowinckel1870",1928-02-15,1931-05-11,1181,58,"Utenriksdepartementet",4000,"Ministry of Foreign Affairs","Utenriksminister",0,0,"Venstre",1928-02-15,1931-05-11,3,5,1181,1208,3908,1,1,0,0,"Mowinckel II","B","Mowinckel II B"
369,12080,"Johan Ludwig Mowinckel","Mowinckel","Johan",1870,1943,0,"JohanMowinckel1870",1933-03-03,1935-03-19,746,63,"Utenriksdepartementet",4000,"Ministry of Foreign Affairs","Utenriksminister",0,0,"Venstre",1933-03-03,1935-03-19,4,5,746,2389,3908,1,1,0,0,"Mowinckel III","A","Mowinckel III A"
369,12080,"Johan Ludwig Mowinckel","Mowinckel","Johan",1870,1943,0,"JohanMowinckel1870",1933-03-03,1935-03-19,746,63,"Utenriksdepartementet",4000,"Ministry of Foreign Affairs","Utenriksminister",0,0,"Venstre",1933-03-03,1935-03-19,4,5,746,2389,3908,1,1,0,0,"Mowinckel III","B","Mowinckel III B"
369,12080,"Johan Ludwig Mowinckel","Mowinckel","Johan",1870,1943,0,"JohanMowinckel1870",1940-04-22,1942-06-04,773,70,"Statsråd uten portefølje",99999,"Minister Without Portfolio","Konsultativ statsråd",0,0,"Venstre",1940-04-22,1942-06-04,5,5,773,3135,3908,1,1,0,0,"Nygaardsvold","B","Nygaardsvold B"
369,12080,"Johan Ludwig Mowinckel","Mowinckel","Johan",1870,1943,0,"JohanMowinckel1870",1940-04-22,1942-06-04,773,70,"Statsråd uten portefølje",99999,"Minister Without Portfolio","Konsultativ statsråd",0,0,"Venstre",1940-04-22,1942-06-04,5,5,773,3135,3908,1,1,0,0,"Nygaardsvold","C","Nygaardsvold C"
370,12174,"Peder Nilsen","Nilsen","Peder",1846,1921,0,"PederNilsen1846",1893-05-02,1895-10-13,894,47,"Arbeidsdepartementet",126,"Ministry of Transport and Infrastructure","Arbeidsminister",0,0,"Høyre",1893-05-02,1897-09-30,1,1,1612,0,1612,1,0,0,0,"Stang II","A","Stang II A"
370,12174,"Peder Nilsen","Nilsen","Peder",1846,1921,0,"PederNilsen1846",1893-05-02,1895-10-13,894,47,"Arbeidsdepartementet",126,"Ministry of Transport and Infrastructure","Arbeidsminister",0,0,"Høyre",1893-05-02,1897-09-30,1,1,1612,0,1612,1,0,0,0,"Stang II","B","Stang II B"
370,12174,"Peder Nilsen","Nilsen","Peder",1846,1921,0,"PederNilsen1846",1895-10-14,1897-07-31,656,49,"Arbeidsdepartementet",126,"Ministry of Transport and Infrastructure","Arbeidsminister",0,0,"Høyre",1893-05-02,1897-09-30,1,1,1612,0,1612,1,0,0,0,"Hagerup I","A","Hagerup I"
370,12174,"Peder Nilsen","Nilsen","Peder",1846,1921,0,"PederNilsen1846",1897-08-01,1897-09-30,60,51,"Statsrådsavdelingen i Stockholm",166,"The Norwegian Council of State Division in Stockholm","Statsråd",0,0,"Høyre",1893-05-02,1897-09-30,1,1,1612,0,1612,1,0,0,0,"Hagerup I","A","Hagerup I"
371,12178,"Magnus Nilssen","Nilssen","Magnus",1871,1947,0,"MagnusNilssen1871",1928-01-28,1928-02-14,17,57,"Arbeidsdepartementet",126,"Ministry of Transport and Infrastructure","",0,0,"Arbeiderpartiet",1928-01-28,1928-02-14,1,1,17,0,17,1,0,0,0,"Hornsrud",NA,"Hornsrud"
372,12224,"Hans Hein Theodor Nysom","Nysom","Hans",1845,1903,0,"HansNysom1845",1891-03-06,1891-11-27,266,46,"Revisjonsdepartementet",125,"Ministry of Auditing","",0,1,"Venstre",1891-03-06,1893-05-01,1,2,787,0,1778,0,0,0,0,"Steen I","A","Steen I A"
372,12224,"Hans Hein Theodor Nysom","Nysom","Hans",1845,1903,0,"HansNysom1845",1891-03-06,1893-05-01,787,46,"Arbeidsdepartementet",126,"Ministry of Transport and Infrastructure","",0,0,"Venstre",1891-03-06,1893-05-01,1,2,787,0,1778,0,0,0,0,"Steen I","A","Steen I A"
372,12224,"Hans Hein Theodor Nysom","Nysom","Hans",1845,1903,0,"HansNysom1845",1891-03-06,1893-05-01,787,46,"Arbeidsdepartementet",126,"Ministry of Transport and Infrastructure","",0,0,"Venstre",1891-03-06,1893-05-01,1,2,787,0,1778,0,0,0,0,"Steen I","B","Steen I B"
372,12224,"Hans Hein Theodor Nysom","Nysom","Hans",1845,1903,0,"HansNysom1845",1898-02-17,1899-02-28,376,53,"Statsrådsavdelingen i Stockholm",166,"The Norwegian Council of State Division in Stockholm","Statsråd",0,0,"Venstre",1898-02-17,1900-11-05,2,2,991,787,1778,1,1,0,0,"Steen II","A","Steen II A"
372,12224,"Hans Hein Theodor Nysom","Nysom","Hans",1845,1903,0,"HansNysom1845",1899-03-01,1900-05-31,456,54,"Arbeidsdepartementet",126,"Ministry of Transport and Infrastructure","Arbeidsminister",0,0,"Venstre",1898-02-17,1900-11-05,2,2,991,787,1778,1,1,0,0,"Steen II","A","Steen II A"
372,12224,"Hans Hein Theodor Nysom","Nysom","Hans",1845,1903,0,"HansNysom1845",1900-06-01,1900-11-05,157,55,"Statsrådsavdelingen i Stockholm",166,"The Norwegian Council of State Division in Stockholm","Statsråd",0,0,"Venstre",1898-02-17,1900-11-05,2,2,991,787,1778,1,1,0,0,"Steen II","A","Steen II A"
372,12224,"Hans Hein Theodor Nysom","Nysom","Hans",1845,1903,0,"HansNysom1845",1900-06-01,1900-11-05,157,55,"Statsrådsavdelingen i Stockholm",166,"The Norwegian Council of State Division in Stockholm","Statsråd",0,0,"Venstre",1898-02-17,1900-11-05,2,2,991,787,1778,1,1,0,0,"Steen II","B","Steen II B"
373,12248,"Lars Oftedal","Oftedal","Lars",1877,1932,0,"LarsOftedal1877",1921-06-22,1922-10-19,484,44,"Sosialdepartementet",7000,"Ministry of Health and Social Affairs","Sosialminister",0,0,"Venstre",1921-06-22,1923-03-05,1,3,621,0,2389,1,0,0,0,"Blehr II","A","Blehr II A"
373,12248,"Lars Oftedal","Oftedal","Lars",1877,1932,0,"LarsOftedal1877",1921-06-22,1922-10-19,484,44,"Sosialdepartementet",7000,"Ministry of Health and Social Affairs","Sosialminister",0,0,"Venstre",1921-06-22,1923-03-05,1,3,621,0,2389,1,0,0,0,"Blehr II","B","Blehr II B"
373,12248,"Lars Oftedal","Oftedal","Lars",1877,1932,0,"LarsOftedal1877",1922-10-20,1923-03-05,136,45,"Handelsdepartementet",2000,"Ministry of Trade and Industry","Handel-, sjøfart og industriminister",0,0,"Venstre",1921-06-22,1923-03-05,1,3,621,0,2389,1,0,0,0,"Blehr II","B","Blehr II B"
373,12248,"Lars Oftedal","Oftedal","Lars",1877,1932,0,"LarsOftedal1877",1924-07-25,1926-03-04,587,47,"Sosialdepartementet",7000,"Ministry of Health and Social Affairs","Sosialminister",0,0,"Venstre",1924-07-25,1926-03-04,2,3,587,621,2389,1,1,0,0,"Mowinckel I","A","Mowinckel I A"
373,12248,"Lars Oftedal","Oftedal","Lars",1877,1932,0,"LarsOftedal1877",1924-07-25,1926-03-04,587,47,"Sosialdepartementet",7000,"Ministry of Health and Social Affairs","Sosialminister",0,0,"Venstre",1924-07-25,1926-03-04,2,3,587,621,2389,1,1,0,0,"Mowinckel I","B","Mowinckel I B"
373,12248,"Lars Oftedal","Oftedal","Lars",1877,1932,0,"LarsOftedal1877",1928-02-15,1931-05-11,1181,51,"Handelsdepartementet",2000,"Ministry of Trade and Industry","Handel-, sjøfart og industriminister",0,0,"Venstre",1928-02-15,1931-05-11,3,3,1181,1208,2389,1,1,0,0,"Mowinckel II","A","Mowinckel II A"
373,12248,"Lars Oftedal","Oftedal","Lars",1877,1932,0,"LarsOftedal1877",1928-02-15,1931-05-11,1181,51,"Handelsdepartementet",2000,"Ministry of Trade and Industry","Handel-, sjøfart og industriminister",0,0,"Venstre",1928-02-15,1931-05-11,3,3,1181,1208,2389,1,1,0,0,"Mowinckel II","B","Mowinckel II B"
374,12288,"Fredrik Anton Martin Olsen Nalum","Nalum","Fredrik",1854,1935,0,"FredrikNalum1854",1916-07-26,1920-05-06,1380,62,"Arbeidsdepartementet",126,"Ministry of Transport and Infrastructure","Arbeidsminister",0,0,"Venstre",1916-07-26,1920-05-06,1,2,1380,0,2001,1,0,0,0,"Knudsen II","B","Knudsen II B"
374,12288,"Fredrik Anton Martin Olsen Nalum","Nalum","Fredrik",1854,1935,0,"FredrikNalum1854",1916-07-26,1920-05-06,1380,62,"Arbeidsdepartementet",126,"Ministry of Transport and Infrastructure","Arbeidsminister",0,0,"Venstre",1916-07-26,1920-05-06,1,2,1380,0,2001,1,0,0,0,"Knudsen II","C","Knudsen II C"
374,12288,"Fredrik Anton Martin Olsen Nalum","Nalum","Fredrik",1854,1935,0,"FredrikNalum1854",1921-06-22,1921-07-25,33,67,"Landbruksdepartementet",19000,"Ministry of Agriculture and Food","Landbruksminister",0,1,"Venstre",1921-06-22,1923-03-05,2,2,621,1380,2001,1,1,0,0,"Blehr II","A","Blehr II A"
374,12288,"Fredrik Anton Martin Olsen Nalum","Nalum","Fredrik",1854,1935,0,"FredrikNalum1854",1921-06-22,1923-03-05,621,67,"Kirke- og undervisningsdepartementet",21000,"Ministry of Education","Statsminister",0,0,"Venstre",1921-06-22,1923-03-05,2,2,621,1380,2001,1,1,0,0,"Blehr II","A","Blehr II A"
374,12288,"Fredrik Anton Martin Olsen Nalum","Nalum","Fredrik",1854,1935,0,"FredrikNalum1854",1921-06-22,1923-03-05,621,67,"Kirke- og undervisningsdepartementet",21000,"Ministry of Education","Statsminister",0,0,"Venstre",1921-06-22,1923-03-05,2,2,621,1380,2001,1,1,0,0,"Blehr II","B","Blehr II B"
375,12340,"Rudolf Elias Peersen","Peersen","Rudolf",1868,1949,0,"RudolfPeersen1868",1919-02-20,1919-06-16,116,51,"Forsvarsdepartementet",5000,"Ministry of Defense","Forsvarsminister",0,0,"Venstre",1919-02-20,1919-06-16,1,1,116,0,116,1,0,0,0,"Knudsen II","C","Knudsen II C"
376,12381,"Ole Anton Qvam","Qvam","Ole",1834,1904,0,"OleQvam1834",1891-03-06,1893-05-01,787,57,"Justis- og politidepartementet",13000,"Ministry of Justice","Justisminister",0,0,"Venstre",1891-03-06,1893-05-01,1,2,787,0,2858,1,0,0,0,"Steen I","A","Steen I A"
376,12381,"Ole Anton Qvam","Qvam","Ole",1834,1904,0,"OleQvam1834",1891-03-06,1893-05-01,787,57,"Justis- og politidepartementet",13000,"Ministry of Justice","Justisminister",0,0,"Venstre",1891-03-06,1893-05-01,1,2,787,0,2858,1,0,0,0,"Steen I","B","Steen I B"
376,12381,"Ole Anton Qvam","Qvam","Ole",1834,1904,0,"OleQvam1834",1898-02-17,1899-03-31,407,64,"Justis- og politidepartementet",13000,"Ministry of Justice","Justisminister",0,0,"Venstre",1898-02-17,1903-10-21,2,2,2071,787,2858,1,1,0,0,"Steen II","A","Steen II A"
376,12381,"Ole Anton Qvam","Qvam","Ole",1834,1904,0,"OleQvam1834",1899-04-01,1900-02-28,333,65,"Indredepartementet",127,"Ministry of Local Government","",0,0,"Venstre",1898-02-17,1903-10-21,2,2,2071,787,2858,1,1,0,0,"Steen II","A","Steen II A"
376,12381,"Ole Anton Qvam","Qvam","Ole",1834,1904,0,"OleQvam1834",1900-02-01,1900-10-31,272,66,"Revisjonsdepartementet",125,"Ministry of Auditing","",0,0,"Venstre",1898-02-17,1903-10-21,2,2,2071,787,2858,1,1,0,0,"Steen II","A","Steen II A"
376,12381,"Ole Anton Qvam","Qvam","Ole",1834,1904,0,"OleQvam1834",1900-02-01,1900-10-31,272,66,"Revisjonsdepartementet",125,"Ministry of Auditing","",0,0,"Venstre",1898-02-17,1903-10-21,2,2,2071,787,2858,1,1,0,0,"Steen II","B","Steen II B"
376,12381,"Ole Anton Qvam","Qvam","Ole",1834,1904,0,"OleQvam1834",1900-04-01,1900-11-05,218,66,"Landbruksdepartementet",19000,"Ministry of Agriculture and Food","Landbruksminister",0,0,"Venstre",1898-02-17,1903-10-21,2,2,2071,787,2858,1,1,0,0,"Steen II","A","Steen II A"
376,12381,"Ole Anton Qvam","Qvam","Ole",1834,1904,0,"OleQvam1834",1900-04-01,1900-11-05,218,66,"Landbruksdepartementet",19000,"Ministry of Agriculture and Food","Landbruksminister",0,0,"Venstre",1898-02-17,1903-10-21,2,2,2071,787,2858,1,1,0,0,"Steen II","B","Steen II B"
376,12381,"Ole Anton Qvam","Qvam","Ole",1834,1904,0,"OleQvam1834",1900-11-06,1902-04-20,530,66,"Justis- og politidepartementet",13000,"Ministry of Justice","Justisminister",0,0,"Venstre",1898-02-17,1903-10-21,2,2,2071,787,2858,1,1,0,0,"Steen II","B","Steen II B"
376,12381,"Ole Anton Qvam","Qvam","Ole",1834,1904,0,"OleQvam1834",1902-04-21,1903-10-21,548,68,"Statsrådsavdelingen i Stockholm",166,"The Norwegian Council of State Division in Stockholm","Statsminister",0,0,"Venstre",1898-02-17,1903-10-21,2,2,2071,787,2858,1,1,0,0,"Blehr I","A","Blehr I"
377,12432,"Ole Jørgensen Richter","Richter","Ole",1829,1888,0,"OleRichter1829",1884-06-26,1888-06-05,1440,55,"Statsrådsavdelingen i Stockholm",166,"The Norwegian Council of State Division in Stockholm","Statsminister",0,0,"Ingen partitilknytning",1884-06-26,1888-06-05,1,1,1440,0,1440,1,0,0,0,"Sverdrup","A","Sverdrup A"
377,12432,"Ole Jørgensen Richter","Richter","Ole",1829,1888,0,"OleRichter1829",1884-06-26,1888-06-05,1440,55,"Statsrådsavdelingen i Stockholm",166,"The Norwegian Council of State Division in Stockholm","Statsminister",0,0,"Ingen partitilknytning",1884-06-26,1888-06-05,1,1,1440,0,1440,1,0,0,0,"Sverdrup","B","Sverdrup B"
378,12434,"Nils Riddervold-Jensen","Riddervold-Jensen","Nils",1863,1938,0,"NilsRiddervold-Jensen1863",1920-06-21,1921-06-21,365,57,"Kirke- og undervisningsdepartementet",21000,"Ministry of Education","Kirke- og undervisningsminister",0,0,"Høyre",1920-06-21,1921-06-21,1,1,365,0,365,1,0,0,0,"Halvorsen I",NA,"Halvorsen I"
379,12456,"Christian Lange Rolfsen","Rolfsen","Christian",1864,1934,0,"ChristianRolfsen1864",1923-05-30,1924-07-24,421,59,"Justis- og politidepartementet",13000,"Ministry of Justice","Justisminister",0,0,"Høyre",1923-05-30,1924-07-24,1,1,421,0,421,1,0,0,0,"Berge",NA,"Berge"
380,12460,"Ferdinand Nicolai Roll","Roll","Ferdinand",1831,1921,0,"FerdinandRoll1831",1889-07-13,1890-06-30,352,58,"Justis- og politidepartementet",13000,"Ministry of Justice","Justisminister",0,0,"Høyre",1889-07-13,1891-03-05,1,1,600,0,600,1,0,0,0,"Stang I",NA,"Stang I"
380,12460,"Ferdinand Nicolai Roll","Roll","Ferdinand",1831,1921,0,"FerdinandRoll1831",1890-07-01,1891-03-05,247,59,"Statsrådsavdelingen i Stockholm",166,"The Norwegian Council of State Division in Stockholm","Statsråd",0,0,"Høyre",1889-07-13,1891-03-05,1,1,600,0,600,1,0,0,0,"Stang I",NA,"Stang I"
381,12492,"Evald Rygh","Rygh","Evald",1842,1913,0,"EvaldRygh1842",1889-07-13,1891-03-05,600,47,"Finans- og tolldepartementet",1000,"Ministry of Finance","Finansminister",0,0,"Høyre",1889-07-13,1891-03-05,1,1,600,0,600,0,0,0,0,"Stang I",NA,"Stang I"
382,12548,"Karl Sanne","Sanne","Karl",1869,1945,0,"KarlSanne1869",1923-12-12,1924-07-24,225,54,"Kirke- og undervisningsdepartementet",21000,"Ministry of Education","Kirke- og undervisningsminister",0,0,"Høyre",1923-12-12,1924-07-24,1,1,225,0,225,1,0,0,0,"Berge",NA,"Berge"
383,12606,"Jakob Marius Schøning","Schøning","Jakob",1856,1934,0,"JakobSchøning1856",1903-10-22,1904-08-31,314,47,"Handelsdepartementet",2000,"Ministry of Trade and Industry","Handel-, sjøfart og industriminister",0,0,"Venstre",1903-10-22,1905-03-10,1,1,505,0,505,1,0,0,0,"Hagerup II",NA,"Hagerup II"
383,12606,"Jakob Marius Schøning","Schøning","Jakob",1856,1934,0,"JakobSchøning1856",1904-09-01,1905-03-10,190,48,"Statsrådsavdelingen i Stockholm",166,"The Norwegian Council of State Division in Stockholm","Statsråd",0,0,"Venstre",1903-10-22,1905-03-10,1,1,505,0,505,1,0,0,0,"Hagerup II",NA,"Hagerup II"
384,12731,"Christian Sparre","Sparre","Christian",1859,1940,0,"ChristianSparre1859",1900-11-06,1901-12-22,411,41,"Statsrådsavdelingen i Stockholm",166,"The Norwegian Council of State Division in Stockholm","Statsråd",0,0,"Venstre",1900-11-06,1901-12-22,1,1,411,0,411,0,0,0,0,"Steen II","B","Steen II B"
385,12738,"August Geelmuyden Spørck","Spørck","August",1851,1928,0,"AugustSpørck1851",1909-08-20,1910-02-01,165,58,"Forsvarsdepartementet",5000,"Ministry of Defense","Forsvarsminister",0,0,"Venstre",1909-08-20,1910-02-01,1,1,165,0,165,1,0,0,0,"Knudsen I","A","Knudsen I"
386,12748,"Emil Stang","Stang","Emil",1834,1912,0,"EmilStang1834",1889-07-13,1891-03-05,600,55,"Revisjonsdepartementet",125,"Ministry of Auditing","Statsminister og revisjonsminister",0,0,"Høyre",1889-07-13,1891-03-05,1,2,600,0,1494,1,0,0,0,"Stang I",NA,"Stang I"
386,12748,"Emil Stang","Stang","Emil",1834,1912,0,"EmilStang1834",1889-07-13,1891-03-05,600,55,"Statsrådsavdelingen i Kristiania",165,"Prime Minister's Office","Statsminister",0,0,"Høyre",1889-07-13,1891-03-05,1,2,600,0,1494,1,0,0,0,"Stang I",NA,"Stang I"
386,12748,"Emil Stang","Stang","Emil",1834,1912,0,"EmilStang1834",1893-05-02,1894-08-31,486,59,"Revisjonsdepartementet",125,"Ministry of Auditing","Statsminister og revisjonsminister",0,1,"Høyre",1893-05-02,1895-10-13,2,2,894,600,1494,1,1,0,0,"Stang II","A","Stang II A"
386,12748,"Emil Stang","Stang","Emil",1834,1912,0,"EmilStang1834",1893-05-02,1895-10-13,894,59,"Statsrådsavdelingen i Kristiania",165,"Prime Minister's Office","Statsminister",0,0,"Høyre",1893-05-02,1895-10-13,2,2,894,600,1494,1,1,0,0,"Stang II","A","Stang II A"
386,12748,"Emil Stang","Stang","Emil",1834,1912,0,"EmilStang1834",1893-05-02,1895-10-13,894,59,"Statsrådsavdelingen i Kristiania",165,"Prime Minister's Office","Statsminister",0,0,"Høyre",1893-05-02,1895-10-13,2,2,894,600,1494,1,1,0,0,"Stang II","B","Stang II B"
386,12748,"Emil Stang","Stang","Emil",1834,1912,0,"EmilStang1834",1895-04-01,1895-10-13,195,61,"Kirke- og undervisningsdepartementet",21000,"Ministry of Education","Kirke- og undervisningsminister",0,0,"Høyre",1893-05-02,1895-10-13,2,2,894,600,1494,1,1,0,0,"Stang II","B","Stang II B"
387,12750,"Fredrik Stang","Stang","Fredrik",1867,1941,0,"FredrikStang1867",1912-02-20,1913-01-30,345,45,"Justis- og politidepartementet",13000,"Ministry of Justice","Justisminister",0,0,"Høyre",1912-02-20,1913-01-30,1,1,345,0,345,1,0,0,0,"Bratlie","A","Bratlie"
388,12751,"Hans Georg Jacob Stang","Stang","Hans",1830,1907,0,"HansStang1830",1884-06-26,1885-07-31,400,54,"Statsrådsavdelingen i Stockholm",166,"The Norwegian Council of State Division in Stockholm","Statsråd",0,0,"Venstre",1884-06-26,1887-09-30,1,2,1191,0,1810,0,0,0,0,"Sverdrup","A","Sverdrup A"
388,12751,"Hans Georg Jacob Stang","Stang","Hans",1830,1907,0,"HansStang1830",1885-08-01,1886-07-31,364,55,"Indredepartementet",127,"Ministry of Local Government","",0,0,"Venstre",1884-06-26,1887-09-30,1,2,1191,0,1810,0,0,0,0,"Sverdrup","A","Sverdrup A"
388,12751,"Hans Georg Jacob Stang","Stang","Hans",1830,1907,0,"HansStang1830",1885-08-01,1886-07-31,364,55,"Indredepartementet",127,"Ministry of Local Government","",0,0,"Venstre",1884-06-26,1887-09-30,1,2,1191,0,1810,0,0,0,0,"Sverdrup","B","Sverdrup B"
388,12751,"Hans Georg Jacob Stang","Stang","Hans",1830,1907,0,"HansStang1830",1886-08-01,1887-08-31,395,56,"Statsrådsavdelingen i Stockholm",166,"The Norwegian Council of State Division in Stockholm","Statsråd",0,0,"Venstre",1884-06-26,1887-09-30,1,2,1191,0,1810,0,0,0,0,"Sverdrup","B","Sverdrup B"
388,12751,"Hans Georg Jacob Stang","Stang","Hans",1830,1907,0,"HansStang1830",1887-09-01,1887-09-30,29,57,"Statsråd uten portefølje",99999,"Minister Without Portfolio","Statsråd",0,0,"Venstre",1884-06-26,1887-09-30,1,2,1191,0,1810,0,0,0,0,"Sverdrup","B","Sverdrup B"
388,12751,"Hans Georg Jacob Stang","Stang","Hans",1830,1907,0,"HansStang1830",1888-06-06,1888-06-14,8,58,"Statsrådsavdelingen i Stockholm",166,"The Norwegian Council of State Division in Stockholm","Konstituert statsminister",1,1,"Venstre",1887-11-01,1889-07-12,2,2,619,1191,1810,0,1,0,0,"Sverdrup","B","Sverdrup B"
388,12751,"Hans Georg Jacob Stang","Stang","Hans",1830,1907,0,"HansStang1830",1887-11-01,1888-06-27,239,57,"Justis- og politidepartementet",13000,"Ministry of Justice","Justisminister",0,0,"Venstre",1887-11-01,1889-07-12,2,2,619,1191,1810,0,1,0,0,"Sverdrup","B","Sverdrup B"
388,12751,"Hans Georg Jacob Stang","Stang","Hans",1830,1907,0,"HansStang1830",1888-08-01,1888-08-27,26,58,"Justis- og politidepartementet",13000,"Ministry of Justice","Justisminister",0,1,"Venstre",1887-11-01,1889-07-12,2,2,619,1191,1810,0,1,0,0,"Sverdrup","B","Sverdrup B"
388,12751,"Hans Georg Jacob Stang","Stang","Hans",1830,1907,0,"HansStang1830",1888-06-15,1889-07-12,392,58,"Statsrådsavdelingen i Stockholm",166,"The Norwegian Council of State Division in Stockholm","Statsminister",0,0,"Venstre",1887-11-01,1889-07-12,2,2,619,1191,1810,0,1,0,0,"Sverdrup","B","Sverdrup B"
388,12751,"Hans Georg Jacob Stang","Stang","Hans",1830,1907,0,"HansStang1830",1888-06-15,1889-07-12,392,58,"Statsrådsavdelingen i Stockholm",166,"The Norwegian Council of State Division in Stockholm","Statsminister",0,0,"Venstre",1887-11-01,1889-07-12,2,2,619,1191,1810,0,1,0,0,"Sverdrup","C","Sverdrup C"
389,12764,"Johannes Wilhelm Christian Steen","Steen","Johannes",1827,1906,0,"JohannesSteen1827",1891-03-06,1893-05-01,787,64,"Statsrådsavdelingen i Kristiania",165,"Prime Minister's Office","Statsminister",0,0,"Venstre",1891-03-06,1893-05-01,1,2,787,0,2309,1,0,0,0,"Steen I","A","Steen I A"
389,12764,"Johannes Wilhelm Christian Steen","Steen","Johannes",1827,1906,0,"JohannesSteen1827",1891-03-06,1893-05-01,787,64,"Statsrådsavdelingen i Kristiania",165,"Prime Minister's Office","Statsminister",0,0,"Venstre",1891-03-06,1893-05-01,1,2,787,0,2309,1,0,0,0,"Steen I","B","Steen I B"
389,12764,"Johannes Wilhelm Christian Steen","Steen","Johannes",1827,1906,0,"JohannesSteen1827",1891-03-06,1893-05-01,787,64,"Finans- og tolldepartementet",1000,"Ministry of Finance","Finansminister",0,0,"Venstre",1891-03-06,1893-05-01,1,2,787,0,2309,1,0,0,0,"Steen I","A","Steen I A"
389,12764,"Johannes Wilhelm Christian Steen","Steen","Johannes",1827,1906,0,"JohannesSteen1827",1891-03-06,1893-05-01,787,64,"Finans- og tolldepartementet",1000,"Ministry of Finance","Finansminister",0,0,"Venstre",1891-03-06,1893-05-01,1,2,787,0,2309,1,0,0,0,"Steen I","B","Steen I B"
389,12764,"Johannes Wilhelm Christian Steen","Steen","Johannes",1827,1906,0,"JohannesSteen1827",1898-02-17,1900-01-31,713,71,"Revisjonsdepartementet",125,"Ministry of Auditing","Statsminister og revisjonsminister",0,1,"Venstre",1898-02-17,1902-04-20,2,2,1522,787,2309,1,1,0,0,"Steen II","A","Steen II A"
389,12764,"Johannes Wilhelm Christian Steen","Steen","Johannes",1827,1906,0,"JohannesSteen1827",1898-02-17,1902-04-20,1522,71,"Statsrådsavdelingen i Kristiania",165,"Prime Minister's Office","Statsminister",0,0,"Venstre",1898-02-17,1902-04-20,2,2,1522,787,2309,1,1,0,0,"Steen II","A","Steen II A"
389,12764,"Johannes Wilhelm Christian Steen","Steen","Johannes",1827,1906,0,"JohannesSteen1827",1898-02-17,1902-04-20,1522,71,"Statsrådsavdelingen i Kristiania",165,"Prime Minister's Office","Statsminister",0,0,"Venstre",1898-02-17,1902-04-20,2,2,1522,787,2309,1,1,0,0,"Steen II","B","Steen II B"
389,12764,"Johannes Wilhelm Christian Steen","Steen","Johannes",1827,1906,0,"JohannesSteen1827",1900-03-01,1902-04-20,780,73,"Indredepartementet",127,"Ministry of Local Government","",0,0,"Venstre",1898-02-17,1902-04-20,2,2,1522,787,2309,1,1,0,0,"Steen II","A","Steen II A"
389,12764,"Johannes Wilhelm Christian Steen","Steen","Johannes",1827,1906,0,"JohannesSteen1827",1900-03-01,1902-04-20,780,73,"Indredepartementet",127,"Ministry of Local Government","",0,0,"Venstre",1898-02-17,1902-04-20,2,2,1522,787,2309,1,1,0,0,"Steen II","B","Steen II B"
390,12776,"Olav Martinius Knutsen Steinnes","Steinnes","Olav",1886,1961,0,"OlavSteinnes1886",1928-01-28,1928-02-14,17,42,"Kirke- og undervisningsdepartementet",21000,"Ministry of Education","Kirke- og undervisningsminister",0,0,"Arbeiderpartiet",1928-01-28,1928-02-14,1,1,17,0,17,1,0,0,0,"Hornsrud",NA,"Hornsrud"
391,12813,"Johan Strand Johansen","Johansen","Johan",1903,1970,0,"JohanJohansen1903",1945-06-25,1945-11-04,132,42,"Arbeidsdepartementet",126,"Ministry of Transport and Infrastructure","Arbeidsminister",0,0,"Norges Kommunistiske Parti",1945-06-25,1945-11-04,1,1,132,0,132,0,0,0,0,"Gerhardsen I","A","Gerhardsen I A"
392,12826,"Ole Nikolai Ingebrigtson Strømme","Strømme","Ole",1876,1936,0,"OleStrømme1876",1933-03-03,1933-10-27,238,57,"Sosialdepartementet",7000,"Ministry of Health and Social Affairs","Sosialminister",0,0,"Venstre",1933-03-03,1933-10-27,1,1,238,0,238,1,0,0,0,"Mowinckel III","A","Mowinckel III A"
393,12830,"Birger Stuevold-Hansen","Stuevold-Hansen","Birger",1870,1933,0,"BirgerStuevold-Hansen1870",1917-11-28,1919-02-19,448,47,"Provianteringsdepartementet",128,"Temporary ministries related to world wars","",0,0,"Venstre",1917-11-28,1920-06-20,1,1,935,0,935,1,0,0,0,"Knudsen II","B","Knudsen II B"
393,12830,"Birger Stuevold-Hansen","Stuevold-Hansen","Birger",1870,1933,0,"BirgerStuevold-Hansen1870",1917-11-28,1919-02-19,448,47,"Provianteringsdepartementet",128,"Temporary ministries related to world wars","",0,0,"Venstre",1917-11-28,1920-06-20,1,1,935,0,935,1,0,0,0,"Knudsen II","C","Knudsen II C"
393,12830,"Birger Stuevold-Hansen","Stuevold-Hansen","Birger",1870,1933,0,"BirgerStuevold-Hansen1870",1919-02-20,1920-06-20,486,49,"Handelsdepartementet",2000,"Ministry of Trade and Industry","Handel-, sjøfart og industriminister",0,0,"Venstre",1917-11-28,1920-06-20,1,1,935,0,935,1,0,0,0,"Knudsen II","C","Knudsen II C"
394,12837,"Jon Sundby","Sundby","Jon",1883,1972,0,"JonSundby1883",1931-05-12,1932-02-24,288,48,"Landbruksdepartementet",19000,"Ministry of Agriculture and Food","Landbruksminister",0,0,"Senterpartiet",1931-05-12,1933-03-02,1,1,660,0,660,1,0,0,0,"Kolstad",NA,"Kolstad"
394,12837,"Jon Sundby","Sundby","Jon",1883,1972,0,"JonSundby1883",1932-02-01,1932-03-13,41,49,"Finans- og tolldepartementet",1000,"Ministry of Finance","Finansminister",0,0,"Senterpartiet",1931-05-12,1933-03-02,1,1,660,0,660,1,0,0,0,"Kolstad",NA,"Kolstad"
394,12837,"Jon Sundby","Sundby","Jon",1883,1972,0,"JonSundby1883",1932-03-14,1933-03-02,353,49,"Finans- og tolldepartementet",1000,"Ministry of Finance","Finansminister",0,0,"Senterpartiet",1931-05-12,1933-03-02,1,1,660,0,660,1,0,0,0,"Hundseid",NA,"Hundseid"
395,12841,"Elias Sunde","Sunde","Elias",1851,1910,0,"EliasSunde1851",1898-02-17,1900-04-30,802,47,"Finans- og tolldepartementet",1000,"Ministry of Finance","Finansminister",0,0,"Venstre",1898-02-17,1900-05-31,1,2,833,0,1705,1,0,0,0,"Steen II","A","Steen II A"
395,12841,"Elias Sunde","Sunde","Elias",1851,1910,0,"EliasSunde1851",1900-05-01,1900-05-31,30,49,"Statsrådsavdelingen i Stockholm",166,"The Norwegian Council of State Division in Stockholm","Statsråd",0,0,"Venstre",1898-02-17,1900-05-31,1,2,833,0,1705,1,0,0,0,"Steen II","A","Steen II A"
395,12841,"Elias Sunde","Sunde","Elias",1851,1910,0,"EliasSunde1851",1901-06-01,1902-04-20,323,50,"Finans- og tolldepartementet",1000,"Ministry of Finance","Finansminister",0,0,"Venstre",1901-06-01,1903-10-21,2,2,872,833,1705,1,1,0,0,"Steen II","B","Steen II B"
395,12841,"Elias Sunde","Sunde","Elias",1851,1910,0,"EliasSunde1851",1902-04-21,1903-05-31,405,51,"Finans- og tolldepartementet",1000,"Ministry of Finance","Finansminister",0,0,"Venstre",1901-06-01,1903-10-21,2,2,872,833,1705,1,1,0,0,"Blehr I","A","Blehr I"
395,12841,"Elias Sunde","Sunde","Elias",1851,1910,0,"EliasSunde1851",1903-06-01,1903-10-21,142,52,"Statsrådsavdelingen i Stockholm",166,"The Norwegian Council of State Division in Stockholm","Statsråd",0,0,"Venstre",1901-06-01,1903-10-21,2,2,872,833,1705,1,1,0,0,"Blehr I","A","Blehr I"
396,12878,"Johan Sverdrup","Sverdrup","Johan",1816,1892,0,"JohanSverdrup1816",1884-06-26,1884-07-15,19,68,"Revisjonsdepartementet",125,"Ministry of Auditing","Statsminister og revisjonsminister",0,1,"Venstre",1884-06-26,1889-07-12,1,1,1842,0,1842,1,0,0,0,"Sverdrup","A","Sverdrup A"
396,12878,"Johan Sverdrup","Sverdrup","Johan",1816,1892,0,"JohanSverdrup1816",1884-06-26,1885-08-31,431,68,"Marine- og postdepartementet",124,"Ministry of Defense","",0,0,"Venstre",1884-06-26,1889-07-12,1,1,1842,0,1842,1,0,0,0,"Sverdrup","A","Sverdrup A"
396,12878,"Johan Sverdrup","Sverdrup","Johan",1816,1892,0,"JohanSverdrup1816",1885-04-30,1885-08-31,123,69,"Armedepartementet",121,"Ministry of Defense","Forsvarsminister",0,1,"Venstre",1884-06-26,1889-07-12,1,1,1842,0,1842,1,0,0,0,"Sverdrup","A","Sverdrup A"
396,12878,"Johan Sverdrup","Sverdrup","Johan",1816,1892,0,"JohanSverdrup1816",1884-06-26,1889-07-12,1842,68,"Statsrådsavdelingen i Kristiania",165,"Prime Minister's Office","Statsminister",0,0,"Venstre",1884-06-26,1889-07-12,1,1,1842,0,1842,1,0,0,0,"Sverdrup","A","Sverdrup A"
396,12878,"Johan Sverdrup","Sverdrup","Johan",1816,1892,0,"JohanSverdrup1816",1884-06-26,1889-07-12,1842,68,"Statsrådsavdelingen i Kristiania",165,"Prime Minister's Office","Statsminister",0,0,"Venstre",1884-06-26,1889-07-12,1,1,1842,0,1842,1,0,0,0,"Sverdrup","B","Sverdrup B"
396,12878,"Johan Sverdrup","Sverdrup","Johan",1816,1892,0,"JohanSverdrup1816",1884-06-26,1889-07-12,1842,68,"Statsrådsavdelingen i Kristiania",165,"Prime Minister's Office","Statsminister",0,0,"Venstre",1884-06-26,1889-07-12,1,1,1842,0,1842,1,0,0,0,"Sverdrup","C","Sverdrup C"
396,12878,"Johan Sverdrup","Sverdrup","Johan",1816,1892,0,"JohanSverdrup1816",1885-09-01,1889-07-12,1410,69,"Forsvarsdepartementet",5000,"Ministry of Defense","Forsvarsminister",0,0,"Venstre",1884-06-26,1889-07-12,1,1,1842,0,1842,1,0,0,0,"Sverdrup","A","Sverdrup A"
396,12878,"Johan Sverdrup","Sverdrup","Johan",1816,1892,0,"JohanSverdrup1816",1885-09-01,1889-07-12,1410,69,"Forsvarsdepartementet",5000,"Ministry of Defense","Forsvarsminister",0,0,"Venstre",1884-06-26,1889-07-12,1,1,1842,0,1842,1,0,0,0,"Sverdrup","B","Sverdrup B"
396,12878,"Johan Sverdrup","Sverdrup","Johan",1816,1892,0,"JohanSverdrup1816",1885-09-01,1889-07-12,1410,69,"Forsvarsdepartementet",5000,"Ministry of Defense","Forsvarsminister",0,0,"Venstre",1884-06-26,1889-07-12,1,1,1842,0,1842,1,0,0,0,"Sverdrup","C","Sverdrup C"
397,12879,"Jakob Liv Rosted Sverdrup","Sverdrup","Jakob",1845,1899,0,"JakobSverdrup1845",1884-06-26,1885-07-31,400,39,"Statsrådsavdelingen i Stockholm",166,"The Norwegian Council of State Division in Stockholm","Statsråd",0,0,"Venstre",1884-06-26,1889-07-12,1,2,1842,0,2698,1,0,0,0,"Sverdrup","A","Sverdrup A"
397,12879,"Jakob Liv Rosted Sverdrup","Sverdrup","Jakob",1845,1899,0,"JakobSverdrup1845",1885-08-01,1886-07-31,364,40,"Kirke- og undervisningsdepartementet",21000,"Ministry of Education","Kirke- og undervisningsminister",0,0,"Venstre",1884-06-26,1889-07-12,1,2,1842,0,2698,1,0,0,0,"Sverdrup","A","Sverdrup A"
397,12879,"Jakob Liv Rosted Sverdrup","Sverdrup","Jakob",1845,1899,0,"JakobSverdrup1845",1885-08-01,1886-07-31,364,40,"Kirke- og undervisningsdepartementet",21000,"Ministry of Education","Kirke- og undervisningsminister",0,0,"Venstre",1884-06-26,1889-07-12,1,2,1842,0,2698,1,0,0,0,"Sverdrup","B","Sverdrup B"
397,12879,"Jakob Liv Rosted Sverdrup","Sverdrup","Jakob",1845,1899,0,"JakobSverdrup1845",1886-07-31,1888-03-04,582,41,"Revisjonsdepartementet",125,"Ministry of Auditing","",0,0,"Venstre",1884-06-26,1889-07-12,1,2,1842,0,2698,1,0,0,0,"Sverdrup","B","Sverdrup B"
397,12879,"Jakob Liv Rosted Sverdrup","Sverdrup","Jakob",1845,1899,0,"JakobSverdrup1845",1888-02-24,1889-07-12,504,43,"Kirke- og undervisningsdepartementet",21000,"Ministry of Education","Kirke- og undervisningsminister",0,0,"Venstre",1884-06-26,1889-07-12,1,2,1842,0,2698,1,0,0,0,"Sverdrup","B","Sverdrup B"
397,12879,"Jakob Liv Rosted Sverdrup","Sverdrup","Jakob",1845,1899,0,"JakobSverdrup1845",1888-02-24,1889-07-12,504,43,"Kirke- og undervisningsdepartementet",21000,"Ministry of Education","Kirke- og undervisningsminister",0,0,"Venstre",1884-06-26,1889-07-12,1,2,1842,0,2698,1,0,0,0,"Sverdrup","C","Sverdrup C"
397,12879,"Jakob Liv Rosted Sverdrup","Sverdrup","Jakob",1845,1899,0,"JakobSverdrup1845",1895-10-14,1898-02-16,856,50,"Kirke- og undervisningsdepartementet",21000,"Ministry of Education","Kirke- og undervisningsminister",0,0,"Moderate Venstre",1895-10-14,1898-02-16,2,2,856,1842,2698,1,1,0,0,"Hagerup I","A","Hagerup I"
398,12896,"Ivar Bergesen Sælen","Sælen","Ivar",1855,1923,0,"IvarSælen1855",1923-03-06,1923-05-29,84,68,"Kirke- og undervisningsdepartementet",21000,"Ministry of Education","Kirke- og undervisningsminister",0,0,"Høyre",1923-03-06,1923-11-23,1,1,262,0,262,1,0,0,0,"Halvorsen II",NA,"Halvorsen II"
398,12896,"Ivar Bergesen Sælen","Sælen","Ivar",1855,1923,0,"IvarSælen1855",1923-05-30,1923-11-23,177,68,"Kirke- og undervisningsdepartementet",21000,"Ministry of Education","Kirke- og undervisningsminister",0,0,"Høyre",1923-03-06,1923-11-23,1,1,262,0,262,1,0,0,0,"Berge",NA,"Berge"
399,12914,"Aimar August Sørenssen","Sørenssen","Aimar",1823,1908,0,"AimarSørenssen1823",1884-06-26,1887-08-31,1161,61,"Justis- og politidepartementet",13000,"Ministry of Justice","Justisminister",0,0,"Ingen partitilknytning",1884-06-26,1888-07-31,1,1,1496,0,1496,1,0,0,0,"Sverdrup","A","Sverdrup A"
399,12914,"Aimar August Sørenssen","Sørenssen","Aimar",1823,1908,0,"AimarSørenssen1823",1884-06-26,1887-08-31,1161,61,"Justis- og politidepartementet",13000,"Ministry of Justice","Justisminister",0,0,"Ingen partitilknytning",1884-06-26,1888-07-31,1,1,1496,0,1496,1,0,0,0,"Sverdrup","B","Sverdrup B"
399,12914,"Aimar August Sørenssen","Sørenssen","Aimar",1823,1908,0,"AimarSørenssen1823",1888-02-17,1888-03-04,16,65,"Arbeidsdepartementet",126,"Ministry of Transport and Infrastructure","",0,1,"Ingen partitilknytning",1884-06-26,1888-07-31,1,1,1496,0,1496,1,0,0,0,"Sverdrup","B","Sverdrup B"
399,12914,"Aimar August Sørenssen","Sørenssen","Aimar",1823,1908,0,"AimarSørenssen1823",1887-09-01,1888-07-31,334,64,"Statsrådsavdelingen i Stockholm",166,"The Norwegian Council of State Division in Stockholm","Statsråd",0,0,"Ingen partitilknytning",1884-06-26,1888-07-31,1,1,1496,0,1496,1,0,0,0,"Sverdrup","B","Sverdrup B"
400,12956,"Johan Henrik Paasche Thorne","Thorne","Johan",1843,1920,0,"JohanThorne1843",1889-07-13,1890-06-30,352,46,"Indredepartementet",127,"Ministry of Local Government","",0,0,"Høyre",1889-07-13,1891-03-05,1,2,600,0,904,1,0,0,0,"Stang I",NA,"Stang I"
400,12956,"Johan Henrik Paasche Thorne","Thorne","Johan",1843,1920,0,"JohanThorne1843",1890-07-01,1891-03-05,247,47,"Statsrådsavdelingen i Stockholm",166,"The Norwegian Council of State Division in Stockholm","Statsråd",0,0,"Høyre",1889-07-13,1891-03-05,1,2,600,0,904,1,0,0,0,"Stang I",NA,"Stang I"
400,12956,"Johan Henrik Paasche Thorne","Thorne","Johan",1843,1920,0,"JohanThorne1843",1893-05-02,1894-03-02,304,50,"Indredepartementet",127,"Ministry of Local Government","",0,0,"Høyre",1893-05-02,1894-03-02,2,2,304,600,904,1,1,0,0,"Stang II","A","Stang II A"
401,13026,"Ivar Petterson Tveiten","Tveiten","Ivar",1850,1934,0,"IvarTveiten1850",1924-07-25,1926-03-04,587,74,"Kirke- og undervisningsdepartementet",21000,"Ministry of Education","Kirke- og undervisningsminister",0,0,"Venstre",1924-07-25,1926-03-04,1,1,587,0,587,1,0,0,0,"Mowinckel I","A","Mowinckel I A"
401,13026,"Ivar Petterson Tveiten","Tveiten","Ivar",1850,1934,0,"IvarTveiten1850",1924-07-25,1926-03-04,587,74,"Kirke- og undervisningsdepartementet",21000,"Ministry of Education","Kirke- og undervisningsminister",0,0,"Venstre",1924-07-25,1926-03-04,1,1,587,0,587,1,0,0,0,"Mowinckel I","B","Mowinckel I B"
402,13100,"Anders Venger","Venger","Anders",1872,1935,0,"AndersVenger1872",1923-03-06,1923-05-29,84,51,"Landbruksdepartementet",19000,"Ministry of Agriculture and Food","Landbruksminister",0,0,"Høyre",1923-03-06,1924-07-24,1,2,506,0,648,1,0,0,0,"Halvorsen II",NA,"Halvorsen II"
402,13100,"Anders Venger","Venger","Anders",1872,1935,0,"AndersVenger1872",1923-11-24,1923-12-11,17,51,"Kirke- og undervisningsdepartementet",21000,"Ministry of Education","Kirke- og undervisningsminister",0,1,"Høyre",1923-03-06,1924-07-24,1,2,506,0,648,1,0,0,0,"Berge",NA,"Berge"
402,13100,"Anders Venger","Venger","Anders",1872,1935,0,"AndersVenger1872",1923-05-30,1924-07-24,421,51,"Landbruksdepartementet",19000,"Ministry of Agriculture and Food","Landbruksminister",0,0,"Høyre",1923-03-06,1924-07-24,1,2,506,0,648,1,0,0,0,"Berge",NA,"Berge"
402,13100,"Anders Venger","Venger","Anders",1872,1935,0,"AndersVenger1872",1926-03-05,1926-07-25,142,54,"Arbeidsdepartementet",126,"Ministry of Transport and Infrastructure","Arbeidsminister",0,0,"Høyre",1926-03-05,1926-07-25,2,2,142,506,648,1,1,0,0,"Lykke","A","Lykke"
403,13115,"Jakob Nilsson Vik","Vik","Jakob",1882,1960,0,"JakobVik1882",1931-05-12,1932-03-13,306,49,"Sosialdepartementet",7000,"Ministry of Health and Social Affairs","Sosialminister",0,0,"Senterpartiet",1931-05-12,1933-03-02,1,2,660,0,1034,1,0,0,0,"Kolstad",NA,"Kolstad"
403,13115,"Jakob Nilsson Vik","Vik","Jakob",1882,1960,0,"JakobVik1882",1932-03-14,1933-03-02,353,50,"Sosialdepartementet",7000,"Ministry of Health and Social Affairs","Sosialminister",0,0,"Senterpartiet",1931-05-12,1933-03-02,1,2,660,0,1034,1,0,0,0,"Hundseid",NA,"Hundseid"
403,13115,"Jakob Nilsson Vik","Vik","Jakob",1882,1960,0,"JakobVik1882",1940-04-22,1941-05-01,374,58,"Statsråd uten portefølje",99999,"Minister Without Portfolio","Konsultativ statsråd",0,0,"Senterpartiet",1940-04-22,1941-05-01,2,2,374,660,1034,1,1,0,0,"Nygaardsvold","B","Nygaardsvold B"
403,13115,"Jakob Nilsson Vik","Vik","Jakob",1882,1960,0,"JakobVik1882",1940-04-22,1941-05-01,374,58,"Statsråd uten portefølje",99999,"Minister Without Portfolio","Konsultativ statsråd",0,0,"Senterpartiet",1940-04-22,1941-05-01,2,2,374,660,1034,1,1,0,0,"Nygaardsvold","C","Nygaardsvold C"
404,13117,"Oddmund Jacobsøn Vik","Vik","Oddmund",1858,1930,0,"OddmundVik1858",1916-07-28,1916-08-26,29,58,"Landbruksdepartementet",19000,"Ministry of Agriculture and Food","Provianteringsminister",0,0,"Venstre",1916-07-28,1917-11-27,1,1,487,0,487,1,0,0,0,"Knudsen II","B","Knudsen II B"
404,13117,"Oddmund Jacobsøn Vik","Vik","Oddmund",1858,1930,0,"OddmundVik1858",1916-08-26,1917-11-27,458,58,"Provianteringsdepartementet",128,"Temporary ministries related to world wars","",0,0,"Venstre",1916-07-28,1917-11-27,1,1,487,0,487,1,0,0,0,"Knudsen II","B","Knudsen II B"
405,13123,"Aasmund Halvorsen Vinje","Vinje","Aasmund",1851,1917,0,"AasmundVinje1851",1905-03-11,1906-11-06,605,54,"Landbruksdepartementet",19000,"Ministry of Agriculture and Food","Landbruksminister",0,0,"Moderate Venstre",1905-03-11,1906-11-06,1,1,605,0,605,1,0,0,0,"Michelsen","A","Michelsen A"
405,13123,"Aasmund Halvorsen Vinje","Vinje","Aasmund",1851,1917,0,"AasmundVinje1851",1905-03-11,1906-11-06,605,54,"Landbruksdepartementet",19000,"Ministry of Agriculture and Food","Landbruksminister",0,0,"Moderate Venstre",1905-03-11,1906-11-06,1,1,605,0,605,1,0,0,0,"Michelsen","B","Michelsen B"
406,13138,"Torjus Værland","Værland","Torjus",1868,1954,0,"TorjusVærland1868",1928-02-15,1931-05-11,1181,60,"Sosialdepartementet",7000,"Ministry of Health and Social Affairs","Sosialminister",0,0,"Venstre",1928-02-15,1931-05-11,1,1,1181,0,1181,1,0,0,0,"Mowinckel II","A","Mowinckel II A"
406,13138,"Torjus Værland","Værland","Torjus",1868,1954,0,"TorjusVærland1868",1928-02-15,1931-05-11,1181,60,"Sosialdepartementet",7000,"Ministry of Health and Social Affairs","Sosialminister",0,0,"Venstre",1928-02-15,1931-05-11,1,1,1181,0,1181,1,0,0,0,"Mowinckel II","B","Mowinckel II B"
407,13160,"Karl Wilhelm Wefring","Wefring","Karl",1867,1938,0,"KarlWefring1867",1920-06-21,1921-06-21,365,53,"Forsvarsdepartementet",5000,"Ministry of Defense","Forsvarsminister",0,0,"Frisindede Venstre",1920-06-21,1921-06-21,1,3,365,0,1013,1,0,0,0,"Halvorsen I",NA,"Halvorsen I"
407,13160,"Karl Wilhelm Wefring","Wefring","Karl",1867,1938,0,"KarlWefring1867",1923-03-06,1923-05-29,84,56,"Forsvarsdepartementet",5000,"Ministry of Defense","Forsvarsminister",0,0,"Frisindede Venstre",1923-03-06,1924-07-24,2,3,506,365,1013,1,1,0,0,"Halvorsen II",NA,"Halvorsen II"
407,13160,"Karl Wilhelm Wefring","Wefring","Karl",1867,1938,0,"KarlWefring1867",1923-05-30,1924-07-24,421,56,"Forsvarsdepartementet",5000,"Ministry of Defense","Forsvarsminister",0,0,"Frisindede Venstre",1923-03-06,1924-07-24,2,3,506,365,1013,1,1,0,0,"Berge",NA,"Berge"
407,13160,"Karl Wilhelm Wefring","Wefring","Karl",1867,1938,0,"KarlWefring1867",1926-03-05,1926-07-25,142,59,"Forsvarsdepartementet",5000,"Ministry of Defense","Forsvarsminister",0,0,"Frisindede Venstre",1926-03-05,1926-07-25,3,3,142,871,1013,1,1,0,0,"Lykke","A","Lykke"
408,13182,"Vilhelm Andreas Wexelsen","Wexelsen","Vilhelm",1849,1909,0,"VilhelmWexelsen1849",1891-03-06,1892-06-30,482,42,"Kirke- og undervisningsdepartementet",21000,"Ministry of Education","Kirke- og undervisningsminister",0,0,"Venstre",1891-03-06,1893-05-01,1,2,787,0,2858,1,0,0,0,"Steen I","A","Steen I A"
408,13182,"Vilhelm Andreas Wexelsen","Wexelsen","Vilhelm",1849,1909,0,"VilhelmWexelsen1849",1891-03-06,1892-06-30,482,42,"Kirke- og undervisningsdepartementet",21000,"Ministry of Education","Kirke- og undervisningsminister",0,0,"Venstre",1891-03-06,1893-05-01,1,2,787,0,2858,1,0,0,0,"Steen I","B","Steen I B"
408,13182,"Vilhelm Andreas Wexelsen","Wexelsen","Vilhelm",1849,1909,0,"VilhelmWexelsen1849",1892-07-01,1893-05-01,304,43,"Statsrådsavdelingen i Stockholm",166,"The Norwegian Council of State Division in Stockholm","Statsråd",0,0,"Venstre",1891-03-06,1893-05-01,1,2,787,0,2858,1,0,0,0,"Steen I","B","Steen I B"
408,13182,"Vilhelm Andreas Wexelsen","Wexelsen","Vilhelm",1849,1909,0,"VilhelmWexelsen1849",1898-02-17,1902-04-20,1522,49,"Kirke- og undervisningsdepartementet",21000,"Ministry of Education","Kirke- og undervisningsminister",0,0,"Venstre",1898-02-17,1903-10-21,2,2,2071,787,2858,1,1,0,0,"Steen II","A","Steen II A"
408,13182,"Vilhelm Andreas Wexelsen","Wexelsen","Vilhelm",1849,1909,0,"VilhelmWexelsen1849",1898-02-17,1902-04-20,1522,49,"Kirke- og undervisningsdepartementet",21000,"Ministry of Education","Kirke- og undervisningsminister",0,0,"Venstre",1898-02-17,1903-10-21,2,2,2071,787,2858,1,1,0,0,"Steen II","B","Steen II B"
408,13182,"Vilhelm Andreas Wexelsen","Wexelsen","Vilhelm",1849,1909,0,"VilhelmWexelsen1849",1902-04-21,1903-10-21,548,53,"Kirke- og undervisningsdepartementet",21000,"Ministry of Education","Kirke- og undervisningsminister",0,0,"Venstre",1898-02-17,1903-10-21,2,2,2071,787,2858,1,1,0,0,"Blehr I","A","Blehr I"
409,18004,"Anton Christian Bang","Bang","Anton",1840,1913,0,"AntonBang1840",1893-05-02,1895-03-31,698,53,"Kirke- og undervisningsdepartementet",21000,"Ministry of Education","Kirke- og undervisningsminister",0,0,"Høyre",1893-05-02,1895-10-13,1,1,894,0,894,0,0,0,0,"Stang II","A","Stang II A"
409,18004,"Anton Christian Bang","Bang","Anton",1840,1913,0,"AntonBang1840",1893-05-02,1895-03-31,698,53,"Kirke- og undervisningsdepartementet",21000,"Ministry of Education","Kirke- og undervisningsminister",0,0,"Høyre",1893-05-02,1895-10-13,1,1,894,0,894,0,0,0,0,"Stang II","B","Stang II B"
409,18004,"Anton Christian Bang","Bang","Anton",1840,1913,0,"AntonBang1840",1895-04-01,1895-10-13,195,55,"Statsrådsavdelingen i Stockholm",166,"The Norwegian Council of State Division in Stockholm","Statsråd",0,0,"Høyre",1893-05-02,1895-10-13,1,1,894,0,894,0,0,0,0,"Stang II","B","Stang II B"
410,18005,"Paal Olav Berg","Berg","Paal",1873,1968,0,"PaalBerg1873",1919-02-20,1920-06-20,486,46,"Sosialdepartementet",7000,"Ministry of Health and Social Affairs","Sosialminister",0,0,"Venstre",1919-02-20,1920-06-20,1,2,486,0,1073,0,0,0,0,"Knudsen II","C","Knudsen II C"
410,18005,"Paal Olav Berg","Berg","Paal",1873,1968,0,"PaalBerg1873",1924-07-25,1926-03-04,587,51,"Justis- og politidepartementet",13000,"Ministry of Justice","Justisminister",0,0,"Venstre",1924-07-25,1926-03-04,2,2,587,486,1073,0,1,0,0,"Mowinckel I","A","Mowinckel I A"
410,18005,"Paal Olav Berg","Berg","Paal",1873,1968,0,"PaalBerg1873",1924-07-25,1926-03-04,587,51,"Justis- og politidepartementet",13000,"Ministry of Justice","Justisminister",0,0,"Venstre",1924-07-25,1926-03-04,2,2,587,486,1073,0,1,0,0,"Mowinckel I","B","Mowinckel I B"
411,18011,"Elias Blix","Blix","Elias",1836,1902,0,"EliasBlix1836",1884-06-26,1885-07-31,400,48,"Kirke- og undervisningsdepartementet",21000,"Ministry of Education","Kirke- og undervisningsminister",0,0,"Venstre",1884-06-26,1888-02-23,1,1,1337,0,1337,0,0,0,0,"Sverdrup","A","Sverdrup A"
411,18011,"Elias Blix","Blix","Elias",1836,1902,0,"EliasBlix1836",1885-08-01,1886-07-31,364,49,"Statsrådsavdelingen i Stockholm",166,"The Norwegian Council of State Division in Stockholm","Statsråd",0,0,"Venstre",1884-06-26,1888-02-23,1,1,1337,0,1337,0,0,0,0,"Sverdrup","A","Sverdrup A"
411,18011,"Elias Blix","Blix","Elias",1836,1902,0,"EliasBlix1836",1885-08-01,1886-07-31,364,49,"Statsrådsavdelingen i Stockholm",166,"The Norwegian Council of State Division in Stockholm","Statsråd",0,0,"Venstre",1884-06-26,1888-02-23,1,1,1337,0,1337,0,0,0,0,"Sverdrup","B","Sverdrup B"
411,18011,"Elias Blix","Blix","Elias",1836,1902,0,"EliasBlix1836",1886-08-01,1888-02-23,571,50,"Kirke- og undervisningsdepartementet",21000,"Ministry of Education","Kirke- og undervisningsminister",0,0,"Venstre",1884-06-26,1888-02-23,1,1,1337,0,1337,0,0,0,0,"Sverdrup","B","Sverdrup B"
412,18014,"Conrad Bonnevie-Svendsen","Bonnevie-Svendsen","Conrad",1898,1983,0,"ConradBonnevie-Svendsen1898",1945-06-25,1945-11-04,132,47,"Kirke- og undervisningsdepartementet",21000,"Ministry of Education","Konsultativ statsråd",0,0,"Ingen partitilknytning",1945-06-25,1945-11-04,1,1,132,0,132,0,0,0,0,"Gerhardsen I","A","Gerhardsen I A"
413,18019,"Karl Sigwald Johannes Bull","Bull","Karl",1860,1936,0,"KarlBull1860",1910-02-02,1912-02-19,747,50,"Forsvarsdepartementet",5000,"Ministry of Defense","Forsvarsminister",0,0,"Høyre",1910-02-02,1912-02-19,1,1,747,0,747,0,0,0,0,"Konow",NA,"Konow"
414,18020,"Edvard Bull","Bull","Edvard",1881,1932,0,"EdvardBull1881",1928-01-28,1928-02-14,17,47,"Utenriksdepartementet",4000,"Ministry of Foreign Affairs","Utenriksminister",0,0,"Arbeiderpartiet",1928-01-28,1928-02-14,1,1,17,0,17,0,0,0,0,"Hornsrud",NA,"Hornsrud"
415,18022,"Johan Cappelen","Cappelen","Johan",1889,1947,0,"JohanCappelen1889",1945-06-25,1945-11-04,132,56,"Justis- og politidepartementet",13000,"Ministry of Justice","Justisminister",0,0,"Høyre",1945-06-25,1945-11-04,1,1,132,0,132,0,0,0,0,"Gerhardsen I","A","Gerhardsen I A"
416,18024,"Wilhelm Christopher Christophersen","Christophersen","Wilhelm",1832,1913,0,"WilhelmChristophersen1832",1908-03-19,1910-02-01,684,76,"Utenriksdepartementet",4000,"Ministry of Foreign Affairs","Utenriksminister",0,0,"Venstre",1908-03-19,1910-02-01,1,1,684,0,684,0,0,0,0,"Knudsen I","A","Knudsen I"
417,18026,"Hans Jørgen Darre-Jenssen","Darre-Jenssen","Hans",1864,1950,0,"HansDarre-Jenssen1864",1910-06-11,1912-02-19,618,46,"Arbeidsdepartementet",126,"Ministry of Transport and Infrastructure","Arbeidsminister",0,0,"Frisindede Venstre",1910-06-11,1912-02-19,1,1,618,0,618,0,0,0,0,"Konow",NA,"Konow"
418,18027,"Karl Friederich Griffin Dawes","Dawes","Karl",1861,1941,0,"KarlDawes1861",1907-10-23,1908-03-18,147,46,"Forsvarsdepartementet",5000,"Ministry of Defense","Forsvarsminister",0,0,"Venstre",1907-10-23,1908-03-18,1,1,147,0,147,0,0,0,0,"Michelsen","B","Michelsen B"
418,18027,"Karl Friederich Griffin Dawes","Dawes","Karl",1861,1941,0,"KarlDawes1861",1907-10-23,1908-03-18,147,46,"Forsvarsdepartementet",5000,"Ministry of Defense","Forsvarsminister",0,0,"Venstre",1907-10-23,1908-03-18,1,1,147,0,147,0,0,0,0,"Løvland",NA,"Løvland"
419,18030,"Haakon Martin Evjenth","Evjenth","Haakon",1865,1934,0,"HaakonEvjenth1865",1928-02-15,1930-11-20,1009,63,"Justis- og politidepartementet",13000,"Ministry of Justice","Justisminister",0,0,"Venstre",1928-02-15,1930-11-20,1,1,1009,0,1009,0,0,0,0,"Mowinckel II","A","Mowinckel II A"
420,18032,"Anders Fjelstad","Fjelstad","Anders",1879,1955,0,"AndersFjelstad1879",1940-06-07,1943-10-06,1216,61,"Statsråd uten portefølje",99999,"Minister Without Portfolio","Konsultativ statsråd",0,0,"Senterpartiet",1940-06-07,1943-10-06,1,1,1216,0,1216,0,0,0,0,"Nygaardsvold","C","Nygaardsvold C"
421,18033,"Anders Rasmus Frihagen","Frihagen","Anders",1892,1979,0,"AndersFrihagen1892",1939-10-02,1940-06-06,248,47,"Handelsdepartementet",2000,"Ministry of Trade and Industry","Handel-, sjøfart og industriminister",0,0,"Arbeiderpartiet",1939-10-02,1945-06-24,1,1,2092,0,2092,0,0,0,0,"Nygaardsvold","B","Nygaardsvold B"
421,18033,"Anders Rasmus Frihagen","Frihagen","Anders",1892,1979,0,"AndersFrihagen1892",1940-06-07,1942-04-01,663,48,"Statsråd uten portefølje",99999,"Minister Without Portfolio","Konsultativ statsråd",0,0,"Arbeiderpartiet",1939-10-02,1945-06-24,1,1,2092,0,2092,0,0,0,0,"Nygaardsvold","C","Nygaardsvold C"
421,18033,"Anders Rasmus Frihagen","Frihagen","Anders",1892,1979,0,"AndersFrihagen1892",1942-04-02,1942-09-30,181,50,"Handelsdepartementet",2000,"Ministry of Trade and Industry","Handelsminister",0,0,"Arbeiderpartiet",1939-10-02,1945-06-24,1,1,2092,0,2092,0,0,0,0,"Nygaardsvold","C","Nygaardsvold C"
421,18033,"Anders Rasmus Frihagen","Frihagen","Anders",1892,1979,0,"AndersFrihagen1892",1942-10-01,1945-06-24,997,50,"Forsynings- og gjenreisningsdepartementet",10000,"Temporary ministries related to world wars","Forsynings- og gjenreisningsminister",0,0,"Arbeiderpartiet",1939-10-02,1945-06-24,1,1,2092,0,2092,0,0,0,0,"Nygaardsvold","C","Nygaardsvold C"
422,18034,"Hans Julius Gabrielsen","Gabrielsen","Hans",1891,1965,0,"HansGabrielsen1891",1945-06-25,1945-11-04,132,54,"Forsynings- og gjenreisningsdepartementet",10000,"Temporary ministries related to world wars","Konsultativ statsråd",0,0,"Venstre",1945-06-25,1945-11-04,1,1,132,0,132,0,0,0,0,"Gerhardsen I","A","Gerhardsen I A"
423,18036,"Gregers Winther Wulfsberg Gram","Gram","Gregers",1846,1929,0,"GregersGram1846",1889-07-13,1891-03-05,600,43,"Statsrådsavdelingen i Stockholm",166,"The Norwegian Council of State Division in Stockholm","Statsminister",0,0,"Høyre",1889-07-13,1891-03-05,1,2,600,0,2351,0,0,0,0,"Stang I",NA,"Stang I"
423,18036,"Gregers Winther Wulfsberg Gram","Gram","Gregers",1846,1929,0,"GregersGram1846",1893-05-02,1895-10-13,894,47,"Statsrådsavdelingen i Stockholm",166,"The Norwegian Council of State Division in Stockholm","Statsminister",0,0,"Høyre",1893-05-02,1898-02-16,2,2,1751,600,2351,0,1,0,0,"Stang II","A","Stang II A"
423,18036,"Gregers Winther Wulfsberg Gram","Gram","Gregers",1846,1929,0,"GregersGram1846",1893-05-02,1895-10-13,894,47,"Statsrådsavdelingen i Stockholm",166,"The Norwegian Council of State Division in Stockholm","Statsminister",0,0,"Høyre",1893-05-02,1898-02-16,2,2,1751,600,2351,0,1,0,0,"Stang II","B","Stang II B"
423,18036,"Gregers Winther Wulfsberg Gram","Gram","Gregers",1846,1929,0,"GregersGram1846",1895-10-14,1898-02-16,856,49,"Statsrådsavdelingen i Stockholm",166,"The Norwegian Council of State Division in Stockholm","Statsminister",0,0,"Høyre",1893-05-02,1898-02-16,2,2,1751,600,2351,0,1,0,0,"Hagerup I","A","Hagerup I"
424,18043,"Paul Ernst Wilhelm Hartmann","Hartmann","Paul",1878,1974,0,"PaulHartmann1878",1941-09-19,1941-11-27,69,63,"Statsråd uten portefølje",99999,"Minister Without Portfolio","Konsultativ statsråd",0,0,"Ingen partitilknytning",1941-09-19,1945-06-24,1,1,1374,0,1374,0,0,0,0,"Nygaardsvold","C","Nygaardsvold C"
424,18043,"Paul Ernst Wilhelm Hartmann","Hartmann","Paul",1878,1974,0,"PaulHartmann1878",1941-11-28,1942-02-01,65,63,"Finans- og tolldepartementet",1000,"Ministry of Finance","Fungerende statsråd",1,0,"Ingen partitilknytning",1941-09-19,1945-06-24,1,1,1374,0,1374,0,0,0,0,"Nygaardsvold","C","Nygaardsvold C"
424,18043,"Paul Ernst Wilhelm Hartmann","Hartmann","Paul",1878,1974,0,"PaulHartmann1878",1942-02-02,1942-03-19,45,64,"Statsråd uten portefølje",99999,"Minister Without Portfolio","Konsultativ statsråd",0,0,"Ingen partitilknytning",1941-09-19,1945-06-24,1,1,1374,0,1374,0,0,0,0,"Nygaardsvold","C","Nygaardsvold C"
424,18043,"Paul Ernst Wilhelm Hartmann","Hartmann","Paul",1878,1974,0,"PaulHartmann1878",1945-05-14,1945-05-30,16,67,"Landbruksdepartementet",19000,"Ministry of Agriculture and Food","Fungerende statsråd",1,1,"Ingen partitilknytning",1941-09-19,1945-06-24,1,1,1374,0,1374,0,0,0,0,"Nygaardsvold","C","Nygaardsvold C"
424,18043,"Paul Ernst Wilhelm Hartmann","Hartmann","Paul",1878,1974,0,"PaulHartmann1878",1942-03-20,1945-06-24,1192,64,"Finans- og tolldepartementet",1000,"Ministry of Finance","Finansminister",0,0,"Ingen partitilknytning",1941-09-19,1945-06-24,1,1,1374,0,1374,0,0,0,0,"Nygaardsvold","C","Nygaardsvold C"
425,18044,"Sigvald Mathias Hasund","Hasund","Sigvald",1868,1959,0,"SigvaldHasund1868",1928-02-15,1931-05-11,1181,60,"Kirke- og undervisningsdepartementet",21000,"Ministry of Education","Kirke- og undervisningsminister",0,0,"Venstre",1928-02-15,1931-05-11,1,1,1181,0,1181,0,0,0,0,"Mowinckel II","A","Mowinckel II A"
425,18044,"Sigvald Mathias Hasund","Hasund","Sigvald",1868,1959,0,"SigvaldHasund1868",1928-02-15,1931-05-11,1181,60,"Kirke- og undervisningsdepartementet",21000,"Ministry of Education","Kirke- og undervisningsminister",0,0,"Venstre",1928-02-15,1931-05-11,1,1,1181,0,1181,0,0,0,0,"Mowinckel II","B","Mowinckel II B"
426,18045,"Haakon Hauan","Hauan","Haakon",1871,1961,0,"HaakonHauan1871",1918-07-12,1920-04-30,658,47,"Industriforsyningsdepartementet",129,"Temporary ministries related to world wars","",0,0,"Venstre",1918-07-12,1920-04-30,1,1,658,0,658,0,0,0,0,"Knudsen II","B","Knudsen II B"
426,18045,"Haakon Hauan","Hauan","Haakon",1871,1961,0,"HaakonHauan1871",1918-07-12,1920-04-30,658,47,"Industriforsyningsdepartementet",129,"Temporary ministries related to world wars","",0,0,"Venstre",1918-07-12,1920-04-30,1,1,658,0,658,0,0,0,0,"Knudsen II","C","Knudsen II C"
427,18049,"Thomas Thomassen Heftye","Heftye","Thomas",1860,1921,0,"ThomasHeftye1860",1903-06-09,1903-10-21,134,43,"Forsvarsdepartementet",5000,"Ministry of Defense","Forsvarsminister",0,0,"Venstre",1903-06-09,1903-10-21,1,2,134,0,156,0,0,0,0,"Blehr I","A","Blehr I"
427,18049,"Thomas Thomassen Heftye","Heftye","Thomas",1860,1921,0,"ThomasHeftye1860",1908-03-19,1908-04-10,22,48,"Forsvarsdepartementet",5000,"Ministry of Defense","Forsvarsminister",0,0,"Venstre",1908-03-19,1908-04-10,2,2,22,134,156,0,1,0,0,"Knudsen I","A","Knudsen I"
428,18052,"Olav Hindahl","Hindahl","Olav",1892,1963,0,"OlavHindahl1892",1942-10-01,1945-03-11,892,50,"Handelsdepartementet",2000,"Ministry of Trade and Industry","Arbeidsminister og konstituert handelsminister",0,1,"Arbeiderpartiet",1939-10-02,1945-06-24,1,1,2092,0,2092,0,0,0,0,"Nygaardsvold","C","Nygaardsvold C"
428,18052,"Olav Hindahl","Hindahl","Olav",1892,1963,0,"OlavHindahl1892",1939-10-02,1945-06-24,2092,47,"Arbeidsdepartementet",126,"Ministry of Transport and Infrastructure","Arbeidsminister",0,0,"Arbeiderpartiet",1939-10-02,1945-06-24,1,1,2092,0,2092,0,0,0,0,"Nygaardsvold","B","Nygaardsvold B"
428,18052,"Olav Hindahl","Hindahl","Olav",1892,1963,0,"OlavHindahl1892",1939-10-02,1945-06-24,2092,47,"Arbeidsdepartementet",126,"Ministry of Transport and Infrastructure","Arbeidsminister",0,0,"Arbeiderpartiet",1939-10-02,1945-06-24,1,1,2092,0,2092,0,0,0,0,"Nygaardsvold","C","Nygaardsvold C"
429,18054,"Edvard Hans Hoff","Hoff","Edvard",1838,1933,0,"EdvardHoff1838",1889-07-13,1891-03-05,600,51,"Forsvarsdepartementet",5000,"Ministry of Defense","Forsvarsminister",0,0,"Høyre",1889-07-13,1891-03-05,1,1,600,0,600,0,0,0,0,"Stang I",NA,"Stang I"
430,18056,"Cornelius Holmboe","Holmboe","Cornelius",1881,1947,0,"CorneliusHolmboe1881",1928-01-28,1928-02-14,17,47,"Justis- og politidepartementet",13000,"Ministry of Justice","Justisminister",0,0,"Arbeiderpartiet",1928-01-28,1928-02-14,1,1,17,0,17,0,0,0,0,"Hornsrud",NA,"Hornsrud"
431,18058,"Christian Theodor Holtfodt","Holtfodt","Christian",1863,1930,0,"ChristianHoltfodt1863",1914-08-08,1919-02-19,1656,51,"Forsvarsdepartementet",5000,"Ministry of Defense","Forsvarsminister",0,0,"Venstre",1914-08-08,1919-02-19,1,1,1656,0,1656,0,0,0,0,"Knudsen II","A","Knudsen II A"
431,18058,"Christian Theodor Holtfodt","Holtfodt","Christian",1863,1930,0,"ChristianHoltfodt1863",1914-08-08,1919-02-19,1656,51,"Forsvarsdepartementet",5000,"Ministry of Defense","Forsvarsminister",0,0,"Venstre",1914-08-08,1919-02-19,1,1,1656,0,1656,0,0,0,0,"Knudsen II","B","Knudsen II B"
431,18058,"Christian Theodor Holtfodt","Holtfodt","Christian",1863,1930,0,"ChristianHoltfodt1863",1914-08-08,1919-02-19,1656,51,"Forsvarsdepartementet",5000,"Ministry of Defense","Forsvarsminister",0,0,"Venstre",1914-08-08,1919-02-19,1,1,1656,0,1656,0,0,0,0,"Knudsen II","C","Knudsen II C"
432,18059,"Nils Olaf Hovdenak","Hovdenak","Nils",1854,1942,0,"NilsHovdenak1854",1912-08-23,1913-01-30,160,58,"Arbeidsdepartementet",126,"Ministry of Transport and Infrastructure","Arbeidsminister",0,0,"Høyre",1912-08-23,1913-01-30,1,1,160,0,160,0,0,0,0,"Bratlie","A","Bratlie"
433,18061,"Sigurd Ibsen","Ibsen","Sigurd",1859,1930,0,"SigurdIbsen1859",1902-04-21,1903-10-21,548,43,"Statsrådsavdelingen i Stockholm",166,"The Norwegian Council of State Division in Stockholm","Statsråd",0,0,"Venstre",1902-04-21,1905-03-10,1,1,1054,0,1054,0,0,0,0,"Blehr I","A","Blehr I"
433,18061,"Sigurd Ibsen","Ibsen","Sigurd",1859,1930,0,"SigurdIbsen1859",1903-10-22,1905-03-10,505,44,"Statsrådsavdelingen i Stockholm",166,"The Norwegian Council of State Division in Stockholm","Statsminister",0,0,"Venstre",1902-04-21,1905-03-10,1,1,1054,0,1054,0,0,0,0,"Hagerup II",NA,"Hagerup II"
434,18062,"Adolf Indrebø","Indrebø","Adolf",1884,1942,0,"AdolfIndrebø1884",1935-11-15,1935-12-19,34,51,"Forsvarsdepartementet",5000,"Ministry of Defense","Forsvarsminister",0,1,"Arbeiderpartiet",1935-03-20,1936-11-12,1,1,603,0,603,0,0,0,0,"Nygaardsvold","A","Nygaardsvold A"
434,18062,"Adolf Indrebø","Indrebø","Adolf",1884,1942,0,"AdolfIndrebø1884",1935-03-20,1936-11-12,603,51,"Finans- og tolldepartementet",1000,"Ministry of Finance","Finansminister",0,0,"Arbeiderpartiet",1935-03-20,1936-11-12,1,1,603,0,603,0,0,0,0,"Nygaardsvold","A","Nygaardsvold A"
435,18063,"Johannes Irgens","Irgens","Johannes",1869,1939,0,"JohannesIrgens1869",1910-02-02,1912-02-19,747,41,"Utenriksdepartementet",4000,"Ministry of Foreign Affairs","Utenriksminister",0,0,"Frisindede Venstre",1910-02-02,1913-01-30,1,1,1093,0,1093,0,0,0,0,"Konow",NA,"Konow"
435,18063,"Johannes Irgens","Irgens","Johannes",1869,1939,0,"JohannesIrgens1869",1912-02-20,1913-01-30,345,43,"Utenriksdepartementet",4000,"Ministry of Foreign Affairs","Utenriksminister",0,0,"Høyre",1910-02-02,1913-01-30,1,1,1093,0,1093,0,0,0,0,"Bratlie","A","Bratlie"
436,18065,"Oscar Jacobsen","Jacobsen","Oscar",1850,1902,0,"OscarJacobsen1850",1888-08-28,1888-09-30,33,38,"Indredepartementet",127,"Ministry of Local Government","",0,1,"Venstre",1888-03-05,1889-07-12,1,1,494,0,494,0,0,0,0,"Sverdrup","B","Sverdrup B"
436,18065,"Oscar Jacobsen","Jacobsen","Oscar",1850,1902,0,"OscarJacobsen1850",1888-03-05,1889-07-12,494,38,"Arbeidsdepartementet",126,"Ministry of Transport and Infrastructure","Arbeidsminister",0,0,"Venstre",1888-03-05,1889-07-12,1,1,494,0,494,0,0,0,0,"Sverdrup","B","Sverdrup B"
436,18065,"Oscar Jacobsen","Jacobsen","Oscar",1850,1902,0,"OscarJacobsen1850",1888-03-05,1889-07-12,494,38,"Arbeidsdepartementet",126,"Ministry of Transport and Infrastructure","Arbeidsminister",0,0,"Venstre",1888-03-05,1889-07-12,1,1,494,0,494,0,0,0,0,"Sverdrup","C","Sverdrup C"
437,18066,"Gunnar Jahn","Jahn","Gunnar",1883,1971,0,"GunnarJahn1883",1934-11-03,1935-03-19,136,51,"Finans- og tolldepartementet",1000,"Ministry of Finance","Finansminister",0,0,"Venstre",1934-11-03,1935-03-19,1,2,136,0,268,0,0,0,0,"Mowinckel III","B","Mowinckel III B"
437,18066,"Gunnar Jahn","Jahn","Gunnar",1883,1971,0,"GunnarJahn1883",1945-06-25,1945-11-04,132,62,"Finans- og tolldepartementet",1000,"Ministry of Finance","Finansminister",0,0,"Ingen partitilknytning",1945-06-25,1945-11-04,2,2,132,136,268,0,1,0,0,"Gerhardsen I","A","Gerhardsen I A"
438,18068,"Otto Jensen","Jensen","Otto",1856,1918,0,"OttoJensen1856",1906-01-27,1907-10-22,633,50,"Kirke- og undervisningsdepartementet",21000,"Ministry of Education","Kirke- og undervisningsminister",0,0,"Ingen partitilknytning",1906-01-27,1907-10-22,1,1,633,0,633,0,0,0,0,"Michelsen","A","Michelsen A"
438,18068,"Otto Jensen","Jensen","Otto",1856,1918,0,"OttoJensen1856",1906-01-27,1907-10-22,633,50,"Kirke- og undervisningsdepartementet",21000,"Ministry of Education","Kirke- og undervisningsminister",0,0,"Ingen partitilknytning",1906-01-27,1907-10-22,1,1,633,0,633,0,0,0,0,"Michelsen","B","Michelsen B"
439,18070,"Hans Vilhelm Dopp Mandall Keilhau","Keilhau","Hans",1845,1917,0,"HansKeilhau1845",1913-01-31,1914-08-07,553,68,"Forsvarsdepartementet",5000,"Ministry of Defense","Forsvarsminister",0,0,"Venstre",1913-01-31,1914-08-07,1,1,553,0,553,0,0,0,0,"Knudsen II","A","Knudsen II A"
440,18073,"Halvdan Koht","Koht","Halvdan",1873,1965,0,"HalvdanKoht1873",1935-03-20,1941-02-20,2164,62,"Utenriksdepartementet",4000,"Ministry of Foreign Affairs","Utenriksminister",0,0,"Arbeiderpartiet",1935-03-20,1941-02-20,1,1,2164,0,2164,0,0,0,0,"Nygaardsvold","A","Nygaardsvold A"
440,18073,"Halvdan Koht","Koht","Halvdan",1873,1965,0,"HalvdanKoht1873",1935-03-20,1941-02-20,2164,62,"Utenriksdepartementet",4000,"Ministry of Foreign Affairs","Utenriksminister",0,0,"Arbeiderpartiet",1935-03-20,1941-02-20,1,1,2164,0,2164,0,0,0,0,"Nygaardsvold","B","Nygaardsvold B"
440,18073,"Halvdan Koht","Koht","Halvdan",1873,1965,0,"HalvdanKoht1873",1935-03-20,1941-02-20,2164,62,"Utenriksdepartementet",4000,"Ministry of Foreign Affairs","Utenriksminister",0,0,"Arbeiderpartiet",1935-03-20,1941-02-20,1,1,2164,0,2164,0,0,0,0,"Nygaardsvold","C","Nygaardsvold C"
441,18077,"Per Larssen","Larssen","Per",1881,1947,0,"PerLarssen1881",1931-05-12,1932-03-13,306,50,"Handelsdepartementet",2000,"Ministry of Trade and Industry","Handel-, sjøfart og industriminister",0,0,"Senterpartiet",1931-05-12,1932-03-13,1,1,306,0,306,0,0,0,0,"Kolstad",NA,"Kolstad"
442,18080,"Knut Liestøl","Liestøl","Knut",1881,1952,0,"KnutLiestøl1881",1933-03-03,1935-03-19,746,52,"Kirke- og undervisningsdepartementet",21000,"Ministry of Education","Kirke- og undervisningsminister",0,0,"Venstre",1933-03-03,1935-03-19,1,1,746,0,746,0,0,0,0,"Mowinckel III","A","Mowinckel III A"
442,18080,"Knut Liestøl","Liestøl","Knut",1881,1952,0,"KnutLiestøl1881",1933-03-03,1935-03-19,746,52,"Kirke- og undervisningsdepartementet",21000,"Ministry of Education","Kirke- og undervisningsminister",0,0,"Venstre",1933-03-03,1935-03-19,1,1,746,0,746,0,0,0,0,"Mowinckel III","B","Mowinckel III B"
443,18081,"Asbjørn Lindboe","Lindboe","Asbjørn",1889,1967,0,"AsbjørnLindboe1889",1931-05-12,1932-03-13,306,42,"Justis- og politidepartementet",13000,"Ministry of Justice","Justisminister",0,0,"Senterpartiet",1931-05-12,1933-03-02,1,1,660,0,660,0,0,0,0,"Kolstad",NA,"Kolstad"
443,18081,"Asbjørn Lindboe","Lindboe","Asbjørn",1889,1967,0,"AsbjørnLindboe1889",1932-03-14,1933-03-02,353,43,"Justis- og politidepartementet",13000,"Ministry of Justice","Justisminister",0,0,"Senterpartiet",1931-05-12,1933-03-02,1,1,660,0,660,0,0,0,0,"Hundseid",NA,"Hundseid"
444,18082,"Birger Ljungberg","Ljungberg","Birger",1884,1967,0,"BirgerLjungberg1884",1939-12-22,1942-03-19,818,55,"Forsvarsdepartementet",5000,"Ministry of Defense","Forsvarsminister",0,0,"Ingen partitilknytning",1939-12-22,1942-03-19,1,1,818,0,818,0,0,0,0,"Nygaardsvold","B","Nygaardsvold B"
444,18082,"Birger Ljungberg","Ljungberg","Birger",1884,1967,0,"BirgerLjungberg1884",1939-12-22,1942-03-19,818,55,"Forsvarsdepartementet",5000,"Ministry of Defense","Forsvarsminister",0,0,"Ingen partitilknytning",1939-12-22,1942-03-19,1,1,818,0,818,0,0,0,0,"Nygaardsvold","C","Nygaardsvold C"
445,18083,"Einar Løchen","Løchen","Einar",1850,1908,0,"EinarLøchen1850",1898-02-17,1899-03-31,407,48,"Statsrådsavdelingen i Stockholm",166,"The Norwegian Council of State Division in Stockholm","Statsråd",0,0,"Venstre",1898-02-17,1900-11-05,1,1,991,0,991,0,0,0,0,"Steen II","A","Steen II A"
445,18083,"Einar Løchen","Løchen","Einar",1850,1908,0,"EinarLøchen1850",1899-04-01,1900-11-05,583,49,"Justis- og politidepartementet",13000,"Ministry of Justice","Justisminister",0,0,"Venstre",1898-02-17,1900-11-05,1,1,991,0,991,0,0,0,0,"Steen II","A","Steen II A"
445,18083,"Einar Løchen","Løchen","Einar",1850,1908,0,"EinarLøchen1850",1899-04-01,1900-11-05,583,49,"Justis- og politidepartementet",13000,"Ministry of Justice","Justisminister",0,0,"Venstre",1898-02-17,1900-11-05,1,1,991,0,991,0,0,0,0,"Steen II","B","Steen II B"
446,18084,"Haakon Ditlev Lowzow","Lowzow","Haakon",1854,1915,0,"HaakonLowzow1854",1908-04-11,1909-08-19,495,54,"Forsvarsdepartementet",5000,"Ministry of Defense","Forsvarsminister",0,0,"Venstre",1908-04-11,1909-08-19,1,1,495,0,495,0,0,0,0,"Knudsen I","A","Knudsen I"
447,18086,"Fredrik Stang Lund","Lund","Fredrik",1859,1922,0,"FredrikLund1859",1895-10-14,1895-10-31,17,36,"Finans- og tolldepartementet",1000,"Ministry of Finance","Finansminister",0,1,"Venstre",1895-10-14,1898-02-16,1,1,856,0,856,0,0,0,0,"Hagerup I","A","Hagerup I"
447,18086,"Fredrik Stang Lund","Lund","Fredrik",1859,1922,0,"FredrikLund1859",1895-10-14,1896-10-31,383,36,"Revisjonsdepartementet",125,"Ministry of Auditing","",0,0,"Venstre",1895-10-14,1898-02-16,1,1,856,0,856,0,0,0,0,"Hagerup I","A","Hagerup I"
447,18086,"Fredrik Stang Lund","Lund","Fredrik",1859,1922,0,"FredrikLund1859",1896-11-01,1897-07-31,272,37,"Statsrådsavdelingen i Stockholm",166,"The Norwegian Council of State Division in Stockholm","Statsråd",0,0,"Venstre",1895-10-14,1898-02-16,1,1,856,0,856,0,0,0,0,"Hagerup I","A","Hagerup I"
447,18086,"Fredrik Stang Lund","Lund","Fredrik",1859,1922,0,"FredrikLund1859",1897-08-01,1898-02-16,199,38,"Arbeidsdepartementet",126,"Ministry of Transport and Infrastructure","",0,0,"Venstre",1895-10-14,1898-02-16,1,1,856,0,856,0,0,0,0,"Hagerup I","A","Hagerup I"
448,18087,"Per Berg Lund","Lund","Per",1878,1954,0,"PerLund1878",1928-02-15,1931-05-11,1181,50,"Finans- og tolldepartementet",1000,"Ministry of Finance","Finansminister",0,0,"Venstre",1928-02-15,1931-05-11,1,2,1181,0,1790,0,0,0,0,"Mowinckel II","A","Mowinckel II A"
448,18087,"Per Berg Lund","Lund","Per",1878,1954,0,"PerLund1878",1928-02-15,1931-05-11,1181,50,"Finans- og tolldepartementet",1000,"Ministry of Finance","Finansminister",0,0,"Venstre",1928-02-15,1931-05-11,1,2,1181,0,1790,0,0,0,0,"Mowinckel II","B","Mowinckel II B"
448,18087,"Per Berg Lund","Lund","Per",1878,1954,0,"PerLund1878",1933-03-03,1934-11-02,609,55,"Finans- og tolldepartementet",1000,"Ministry of Finance","Finansminister",0,0,"Venstre",1933-03-03,1934-11-02,2,2,609,1181,1790,0,1,0,0,"Mowinckel III","A","Mowinckel III A"
448,18087,"Per Berg Lund","Lund","Per",1878,1954,0,"PerLund1878",1933-03-03,1934-11-02,609,55,"Finans- og tolldepartementet",1000,"Ministry of Finance","Finansminister",0,0,"Venstre",1933-03-03,1934-11-02,2,2,609,1181,1790,0,1,0,0,"Mowinckel III","B","Mowinckel III B"
449,18088,"Wilhelm Christian Magelssen","Magelssen","Wilhelm",1867,1930,0,"WilhelmMagelssen1867",1926-03-05,1927-12-24,659,59,"Kirke- og undervisningsdepartementet",21000,"Ministry of Education","Kirke- og undervisningsminister",0,0,"Høyre",1926-03-05,1927-12-24,1,1,659,0,659,0,0,0,0,"Lykke","A","Lykke"
450,18091,"Rasmus Olai Mortensen","Mortensen","Rasmus",1869,1934,0,"RasmusMortensen1869",1921-07-23,1922-10-31,465,52,"Provianteringsdepartementet",128,"Temporary ministries related to world wars","Statsråd",0,0,"Venstre",1921-07-23,1923-03-05,1,1,590,0,590,0,0,0,0,"Blehr II","A","Blehr II A"
450,18091,"Rasmus Olai Mortensen","Mortensen","Rasmus",1869,1934,0,"RasmusMortensen1869",1921-07-23,1922-10-31,465,52,"Provianteringsdepartementet",128,"Temporary ministries related to world wars","Statsråd",0,0,"Venstre",1921-07-23,1923-03-05,1,1,590,0,590,0,0,0,0,"Blehr II","B","Blehr II B"
450,18091,"Rasmus Olai Mortensen","Mortensen","Rasmus",1869,1934,0,"RasmusMortensen1869",1922-10-20,1923-03-05,136,53,"Sosialdepartementet",7000,"Ministry of Health and Social Affairs","Sosialminister",0,0,"Venstre",1921-07-23,1923-03-05,1,1,590,0,590,0,0,0,0,"Blehr II","B","Blehr II B"
451,18092,"Ernst Motzfeldt","Motzfeldt","Ernst",1842,1915,0,"ErnstMotzfeldt1842",1893-05-02,1894-06-30,424,51,"Statsrådsavdelingen i Stockholm",166,"The Norwegian Council of State Division in Stockholm","Statsråd",0,0,"Høyre",1893-05-02,1894-07-13,1,1,437,0,437,0,0,0,0,"Stang II","A","Stang II A"
451,18092,"Ernst Motzfeldt","Motzfeldt","Ernst",1842,1915,0,"ErnstMotzfeldt1842",1894-07-01,1894-07-13,12,52,"Justis- og politidepartementet",13000,"Ministry of Justice","Justisminister",0,0,"Høyre",1893-05-02,1894-07-13,1,1,437,0,437,0,0,0,0,"Stang II","A","Stang II A"
452,18100,"Knud Iversen Øyen","Øyen","Knud",1865,1942,0,"KnudØyen1865",1926-07-26,1928-01-27,550,61,"Justis- og politidepartementet",13000,"Ministry of Justice","Justisminister",0,0,"Høyre",1926-07-26,1928-01-27,1,1,550,0,550,0,0,0,0,"Lykke","A","Lykke"
453,18101,"Egil Offenberg","Offenberg","Egil",1899,1975,0,"EgilOffenberg1899",1945-06-25,1945-11-04,132,46,"Forsynings- og gjenreisningsdepartementet",10000,"Temporary ministries related to world wars","Forsynings- og gjenreisningsminister",0,0,"Høyre",1945-06-25,1945-11-04,1,1,132,0,132,0,0,0,0,"Gerhardsen I","A","Gerhardsen I A"
454,18103,"Christian Wilhelm Engel Bredal Olssøn","Olssøn","Christian",1844,1915,0,"ChristianOlssøn1844",1893-05-02,1894-06-30,424,49,"Forsvarsdepartementet",5000,"Ministry of Defense","Forsvarsminister",0,0,"Høyre",1893-05-02,1898-02-16,1,2,1751,0,2555,1,0,0,0,"Stang II","A","Stang II A"
454,18103,"Christian Wilhelm Engel Bredal Olssøn","Olssøn","Christian",1844,1915,0,"ChristianOlssøn1844",1894-07-01,1895-03-31,273,50,"Statsrådsavdelingen i Stockholm",166,"The Norwegian Council of State Division in Stockholm","Statsråd",0,0,"Høyre",1893-05-02,1898-02-16,1,2,1751,0,2555,1,0,0,0,"Stang II","A","Stang II A"
454,18103,"Christian Wilhelm Engel Bredal Olssøn","Olssøn","Christian",1844,1915,0,"ChristianOlssøn1844",1894-07-01,1895-03-31,273,50,"Statsrådsavdelingen i Stockholm",166,"The Norwegian Council of State Division in Stockholm","Statsråd",0,0,"Høyre",1893-05-02,1898-02-16,1,2,1751,0,2555,1,0,0,0,"Stang II","B","Stang II B"
454,18103,"Christian Wilhelm Engel Bredal Olssøn","Olssøn","Christian",1844,1915,0,"ChristianOlssøn1844",1895-04-01,1895-10-13,195,51,"Forsvarsdepartementet",5000,"Ministry of Defense","Forsvarsminister",0,0,"Høyre",1893-05-02,1898-02-16,1,2,1751,0,2555,1,0,0,0,"Stang II","B","Stang II B"
454,18103,"Christian Wilhelm Engel Bredal Olssøn","Olssøn","Christian",1844,1915,0,"ChristianOlssøn1844",1895-10-14,1898-02-16,856,51,"Forsvarsdepartementet",5000,"Ministry of Defense","Forsvarsminister",0,0,"Høyre",1893-05-02,1898-02-16,1,2,1751,0,2555,1,0,0,0,"Hagerup I","A","Hagerup I"
454,18103,"Christian Wilhelm Engel Bredal Olssøn","Olssøn","Christian",1844,1915,0,"ChristianOlssøn1844",1905-03-11,1907-05-24,804,61,"Forsvarsdepartementet",5000,"Ministry of Defense","Forsvarsminister",0,0,"Høyre",1905-03-11,1907-05-24,2,2,804,1751,2555,1,1,0,0,"Michelsen","A","Michelsen A"
454,18103,"Christian Wilhelm Engel Bredal Olssøn","Olssøn","Christian",1844,1915,0,"ChristianOlssøn1844",1905-03-11,1907-05-24,804,61,"Forsvarsdepartementet",5000,"Ministry of Defense","Forsvarsminister",0,0,"Høyre",1905-03-11,1907-05-24,2,2,804,1751,2555,1,1,0,0,"Michelsen","B","Michelsen B"
455,18104,"Anton Thorkildsen Omholt","Omholt","Anton",1861,1925,0,"AntonOmholt1861",1913-01-31,1920-06-15,2692,52,"Finans- og tolldepartementet",1000,"Ministry of Finance","Finansminister",0,0,"Venstre",1913-01-31,1920-06-15,1,1,2692,0,2692,0,0,0,0,"Knudsen II","A","Knudsen II A"
455,18104,"Anton Thorkildsen Omholt","Omholt","Anton",1861,1925,0,"AntonOmholt1861",1913-01-31,1920-06-15,2692,52,"Finans- og tolldepartementet",1000,"Ministry of Finance","Finansminister",0,0,"Venstre",1913-01-31,1920-06-15,1,1,2692,0,2692,0,0,0,0,"Knudsen II","B","Knudsen II B"
455,18104,"Anton Thorkildsen Omholt","Omholt","Anton",1861,1925,0,"AntonOmholt1861",1913-01-31,1920-06-15,2692,52,"Finans- og tolldepartementet",1000,"Ministry of Finance","Finansminister",0,0,"Venstre",1913-01-31,1920-06-15,1,1,2692,0,2692,0,0,0,0,"Knudsen II","C","Knudsen II C"
456,18107,"Torolf Prytz","Prytz","Torolf",1858,1938,0,"TorolfPrytz1858",1917-04-30,1918-07-04,430,59,"Industriforsyningsdepartementet",129,"Temporary ministries related to world wars","",0,0,"Venstre",1917-04-30,1918-07-04,1,1,430,0,430,1,0,0,0,"Knudsen II","B","Knudsen II B"
457,18108,"Vidkun Abraham Lauritz Jonssøn Quisling","Quisling","Vidkun",1887,1945,0,"VidkunQuisling1887",1931-05-12,1932-03-13,306,44,"Forsvarsdepartementet",5000,"Ministry of Defense","Forsvarsminister",0,0,"Ingen partitilknytning",1931-05-12,1933-03-02,1,1,660,0,660,0,0,0,0,"Kolstad",NA,"Kolstad"
457,18108,"Vidkun Abraham Lauritz Jonssøn Quisling","Quisling","Vidkun",1887,1945,0,"VidkunQuisling1887",1932-03-14,1933-03-02,353,45,"Forsvarsdepartementet",5000,"Ministry of Defense","Forsvarsminister",0,0,"Ingen partitilknytning",1931-05-12,1933-03-02,1,1,660,0,660,0,0,0,0,"Hundseid",NA,"Hundseid"
458,18109,"Just Knud Qvigstad","Qvigstad","Just",1853,1957,0,"JustQvigstad1853",1910-02-02,1912-02-19,747,57,"Kirke- og undervisningsdepartementet",21000,"Ministry of Education","Kirke- og undervisningsminister",0,0,"Høyre",1910-02-02,1912-02-19,1,1,747,0,747,0,0,0,0,"Konow",NA,"Konow"
459,18110,"Arnold Christopher Ræstad","Ræstad","Arnold",1878,1945,0,"ArnoldRæstad1878",1921-06-22,1922-05-30,342,43,"Utenriksdepartementet",4000,"Ministry of Foreign Affairs","Utenriksminister",0,0,"Venstre",1921-06-22,1922-05-30,1,1,342,0,342,0,0,0,0,"Blehr II","A","Blehr II A"
459,18110,"Arnold Christopher Ræstad","Ræstad","Arnold",1878,1945,0,"ArnoldRæstad1878",1921-06-22,1922-05-30,342,43,"Utenriksdepartementet",4000,"Ministry of Foreign Affairs","Utenriksminister",0,0,"Venstre",1921-06-22,1922-05-30,1,1,342,0,342,0,0,0,0,"Blehr II","B","Blehr II B"
460,18111,"Charles Robertson","Robertson","Charles",1875,1958,0,"CharlesRobertson1875",1926-03-05,1928-01-27,693,51,"Handelsdepartementet",2000,"Ministry of Trade and Industry","Handel-, sjøfart og industriminister",0,0,"Høyre",1926-03-05,1928-01-27,1,1,693,0,693,0,0,0,0,"Lykke","A","Lykke"
461,18113,"Odd Georg Sagør","Sagør","Odd",1918,1993,0,"OddSagør1918",1973-10-16,1976-01-14,820,55,"Forbruker- og administrasjonsdepartementet",16000,"Ministry of Public Governance","Forbruker- og administrasjonsminister",0,0,"Arbeiderpartiet",1973-10-16,1976-01-14,1,1,820,0,820,0,0,0,0,"Bratteli II",NA,"Bratteli II"
462,18114,"Herman Carsten Johannes Scheel","Scheel","Herman",1859,1956,0,"HermanScheel1859",1910-02-02,1912-02-19,747,51,"Justis- og politidepartementet",13000,"Ministry of Justice","Justisminister",0,0,"Høyre",1910-02-02,1912-02-19,1,1,747,0,747,0,0,0,0,"Konow",NA,"Konow"
463,18115,"Peter Olrog Schjøtt","Schjøtt","Peter",1833,1926,0,"PeterSchjøtt1833",1888-03-13,1888-07-31,140,55,"Statsrådsavdelingen i Stockholm",166,"The Norwegian Council of State Division in Stockholm","Nærings- og energiminister",0,0,"Venstre",1888-03-13,1888-08-27,1,3,167,0,460,0,0,0,0,"Sverdrup","B","Sverdrup B"
463,18115,"Peter Olrog Schjøtt","Schjøtt","Peter",1833,1926,0,"PeterSchjøtt1833",1888-08-01,1888-08-27,26,55,"Indredepartementet",127,"Ministry of Local Government","",0,0,"Venstre",1888-03-13,1888-08-27,1,3,167,0,460,0,0,0,0,"Sverdrup","B","Sverdrup B"
463,18115,"Peter Olrog Schjøtt","Schjøtt","Peter",1833,1926,0,"PeterSchjøtt1833",1888-08-30,1889-01-31,154,55,"Statsrådsavdelingen i Stockholm",166,"The Norwegian Council of State Division in Stockholm","Statsråd",0,0,"Venstre",1888-08-30,1889-01-31,2,3,154,167,460,0,1,0,0,"Sverdrup","B","Sverdrup B"
463,18115,"Peter Olrog Schjøtt","Schjøtt","Peter",1833,1926,0,"PeterSchjøtt1833",1889-05-01,1889-06-05,35,56,"Finans- og tolldepartementet",1000,"Ministry of Finance","Finansminister",0,1,"Venstre",1889-02-23,1889-07-12,3,3,139,321,460,0,1,0,0,"Sverdrup","C","Sverdrup C"
463,18115,"Peter Olrog Schjøtt","Schjøtt","Peter",1833,1926,0,"PeterSchjøtt1833",1889-02-23,1889-07-12,139,56,"Revisjonsdepartementet",125,"Ministry of Auditing","",0,0,"Venstre",1889-02-23,1889-07-12,3,3,139,321,460,0,1,0,0,"Sverdrup","C","Sverdrup C"
464,18119,"Karl Seip","Seip","Karl",1850,1909,0,"KarlSeip1850",1908-03-19,1909-09-15,545,58,"Kirke- og undervisningsdepartementet",21000,"Ministry of Education","Kirke- og undervisningsminister",0,0,"Venstre",1908-03-19,1909-09-15,1,1,545,0,545,0,0,0,0,"Knudsen I","A","Knudsen I"
465,18126,"Tor Vangen Skjønsberg","Skjønsberg","Tor",1903,1993,0,"TorSkjønsberg1903",1945-06-25,1945-11-04,132,42,"Skipsfartsdepartementet",137,"Ministry of Trade and Industry","Skipsfartsminister",0,0,"Ingen partitilknytning",1945-06-25,1945-11-04,1,1,132,0,132,0,0,0,0,"Gerhardsen I","A","Gerhardsen I A"
466,18127,"Harald Smedal","Smedal","Harald",1859,1911,0,"HaraldSmedal1859",1895-10-14,1896-10-31,383,36,"Statsrådsavdelingen i Stockholm",166,"The Norwegian Council of State Division in Stockholm","Statsråd",0,0,"Venstre",1895-10-14,1898-02-16,1,1,856,0,856,0,0,0,0,"Hagerup I","A","Hagerup I"
466,18127,"Harald Smedal","Smedal","Harald",1859,1911,0,"HaraldSmedal1859",1896-11-01,1897-07-31,272,37,"Revisjonsdepartementet",125,"Ministry of Auditing","",0,0,"Venstre",1895-10-14,1898-02-16,1,1,856,0,856,0,0,0,0,"Hagerup I","A","Hagerup I"
466,18127,"Harald Smedal","Smedal","Harald",1859,1911,0,"HaraldSmedal1859",1897-08-01,1898-02-16,199,38,"Justis- og politidepartementet",13000,"Ministry of Justice","Justisminister",0,0,"Venstre",1895-10-14,1898-02-16,1,1,856,0,856,0,0,0,0,"Hagerup I","A","Hagerup I"
467,18131,"Oscar Sigvald Julius Strugstad","Strugstad","Oscar",1851,1919,0,"OscarStrugstad1851",1903-10-22,1905-03-10,505,52,"Forsvarsdepartementet",5000,"Ministry of Defense","Forsvarsminister",0,0,"Samlingspartiet",1903-10-22,1905-03-10,1,1,505,0,505,0,0,0,0,"Hagerup II",NA,"Hagerup II"
468,18132,"Arne Toralf Sunde","Sunde","Arne",1883,1972,0,"ArneSunde1883",1930-11-21,1931-05-11,171,47,"Justis- og politidepartementet",13000,"Ministry of Justice","Justisminister",0,0,"Venstre",1930-11-21,1931-05-11,1,3,171,0,2760,0,0,0,0,"Mowinckel II","A","Mowinckel II A"
468,18132,"Arne Toralf Sunde","Sunde","Arne",1883,1972,0,"ArneSunde1883",1930-11-21,1931-05-11,171,47,"Justis- og politidepartementet",13000,"Ministry of Justice","Justisminister",0,0,"Venstre",1930-11-21,1931-05-11,1,3,171,0,2760,0,0,0,0,"Mowinckel II","B","Mowinckel II B"
468,18132,"Arne Toralf Sunde","Sunde","Arne",1883,1972,0,"ArneSunde1883",1933-03-03,1935-03-19,746,50,"Justis- og politidepartementet",13000,"Ministry of Justice","Justisminister",0,0,"Venstre",1933-03-03,1935-03-19,2,3,746,171,2760,0,1,0,0,"Mowinckel III","A","Mowinckel III A"
468,18132,"Arne Toralf Sunde","Sunde","Arne",1883,1972,0,"ArneSunde1883",1933-03-03,1935-03-19,746,50,"Justis- og politidepartementet",13000,"Ministry of Justice","Justisminister",0,0,"Venstre",1933-03-03,1935-03-19,2,3,746,171,2760,0,1,0,0,"Mowinckel III","B","Mowinckel III B"
468,18132,"Arne Toralf Sunde","Sunde","Arne",1883,1972,0,"ArneSunde1883",1940-06-07,1940-11-18,164,57,"Statsråd uten portefølje",99999,"Minister Without Portfolio","Konsultativ statsråd",0,0,"Venstre",1940-06-07,1945-06-24,3,3,1843,917,2760,0,1,0,0,"Nygaardsvold","C","Nygaardsvold C"
468,18132,"Arne Toralf Sunde","Sunde","Arne",1883,1972,0,"ArneSunde1883",1940-11-19,1942-09-30,680,57,"Forsyningsdepartementet",10000,"Temporary ministries related to world wars","Forsyningsminister",0,0,"Venstre",1940-06-07,1945-06-24,3,3,1843,917,2760,0,1,0,0,"Nygaardsvold","C","Nygaardsvold C"
468,18132,"Arne Toralf Sunde","Sunde","Arne",1883,1972,0,"ArneSunde1883",1942-10-01,1945-06-24,997,59,"Skipsfartsdepartementet",137,"Ministry of Trade and Industry","Skipsfartsminister",0,0,"Venstre",1940-06-07,1945-06-24,3,3,1843,917,2760,0,1,0,0,"Nygaardsvold","C","Nygaardsvold C"
469,18134,"Georg August Thilesen","Thilesen","Georg",1837,1917,0,"GeorgThilesen1837",1888-12-29,1889-07-12,195,51,"Indredepartementet",127,"Ministry of Local Government","",0,0,"Venstre",1888-12-29,1889-07-12,1,2,195,0,1186,0,0,0,0,"Sverdrup","B","Sverdrup B"
469,18134,"Georg August Thilesen","Thilesen","Georg",1837,1917,0,"GeorgThilesen1837",1888-12-29,1889-07-12,195,51,"Indredepartementet",127,"Ministry of Local Government","",0,0,"Venstre",1888-12-29,1889-07-12,1,2,195,0,1186,0,0,0,0,"Sverdrup","C","Sverdrup C"
469,18134,"Georg August Thilesen","Thilesen","Georg",1837,1917,0,"GeorgThilesen1837",1898-02-17,1899-03-31,407,61,"Indredepartementet",127,"Ministry of Local Government","",0,0,"Venstre",1898-02-17,1900-11-05,2,2,991,195,1186,0,1,0,0,"Steen II","A","Steen II A"
469,18134,"Georg August Thilesen","Thilesen","Georg",1837,1917,0,"GeorgThilesen1837",1899-04-01,1900-04-30,394,62,"Statsrådsavdelingen i Stockholm",166,"The Norwegian Council of State Division in Stockholm","Statsråd",0,0,"Venstre",1898-02-17,1900-11-05,2,2,991,195,1186,0,1,0,0,"Steen II","A","Steen II A"
469,18134,"Georg August Thilesen","Thilesen","Georg",1837,1917,0,"GeorgThilesen1837",1900-05-01,1900-11-05,188,63,"Finans- og tolldepartementet",1000,"Ministry of Finance","Finansminister",0,0,"Venstre",1898-02-17,1900-11-05,2,2,991,195,1186,0,1,0,0,"Steen II","A","Steen II A"
469,18134,"Georg August Thilesen","Thilesen","Georg",1837,1917,0,"GeorgThilesen1837",1900-05-01,1900-11-05,188,63,"Finans- og tolldepartementet",1000,"Ministry of Finance","Finansminister",0,0,"Venstre",1898-02-17,1900-11-05,2,2,991,195,1186,0,1,0,0,"Steen II","B","Steen II B"
470,18137,"Andreas Tostrup Urbye","Urbye","Andreas",1869,1955,0,"AndreasUrbye1869",1913-01-31,1916-07-25,1271,44,"Arbeidsdepartementet",126,"Ministry of Transport and Infrastructure","Arbeidsminister",0,0,"Venstre",1913-01-31,1917-04-30,1,1,1550,0,1550,0,0,0,0,"Knudsen II","A","Knudsen II A"
470,18137,"Andreas Tostrup Urbye","Urbye","Andreas",1869,1955,0,"AndreasUrbye1869",1913-01-31,1916-07-25,1271,44,"Arbeidsdepartementet",126,"Ministry of Transport and Infrastructure","Arbeidsminister",0,0,"Venstre",1913-01-31,1917-04-30,1,1,1550,0,1550,0,0,0,0,"Knudsen II","B","Knudsen II B"
470,18137,"Andreas Tostrup Urbye","Urbye","Andreas",1869,1955,0,"AndreasUrbye1869",1916-07-26,1917-04-30,278,47,"Justis- og politidepartementet",13000,"Ministry of Justice","Justisminister",0,0,"Venstre",1913-01-31,1917-04-30,1,1,1550,0,1550,0,0,0,0,"Knudsen II","B","Knudsen II B"
471,18138,"Dagfinn Vårvik","Vårvik","Dagfinn",1924,2018,0,"DagfinnVårvik1924",1963-08-28,1963-09-24,27,39,"Finans- og tolldepartementet",1000,"Ministry of Finance","Finansminister",0,0,"Senterpartiet",1963-08-28,1963-09-24,1,3,27,0,2370,1,0,0,0,"Lyng",NA,"Lyng"
471,18138,"Dagfinn Vårvik","Vårvik","Dagfinn",1924,2018,0,"DagfinnVårvik1924",1965-10-12,1971-03-16,1981,41,"Lønns- og prisdepartementet",14000,"Ministry of Public Governance","Lønns- og prisminister",0,0,"Senterpartiet",1965-10-12,1971-03-16,2,3,1981,27,2370,1,1,0,0,"Borten","A","Borten A"
471,18138,"Dagfinn Vårvik","Vårvik","Dagfinn",1924,2018,0,"DagfinnVårvik1924",1965-10-12,1971-03-16,1981,41,"Lønns- og prisdepartementet",14000,"Ministry of Public Governance","Lønns- og prisminister",0,0,"Senterpartiet",1965-10-12,1971-03-16,2,3,1981,27,2370,1,1,0,0,"Borten","B","Borten B"
471,18138,"Dagfinn Vårvik","Vårvik","Dagfinn",1924,2018,0,"DagfinnVårvik1924",1972-10-18,1973-10-15,362,48,"Utenriksdepartementet",4000,"Ministry of Foreign Affairs","Utenriksminister",0,0,"Senterpartiet",1972-10-18,1973-10-15,3,3,362,2008,2370,1,1,0,0,"Korvald","A","Korvald"
472,18139,"Paul Benjamin Vogt","Vogt","Paul",1863,1947,0,"PaulVogt1863",1903-10-22,1904-08-31,314,40,"Statsrådsavdelingen i Stockholm",166,"The Norwegian Council of State Division in Stockholm","Statsråd",0,0,"Høyre",1903-10-22,1905-03-10,1,1,505,0,505,0,0,0,0,"Hagerup II",NA,"Hagerup II"
472,18139,"Paul Benjamin Vogt","Vogt","Paul",1863,1947,0,"PaulVogt1863",1904-09-01,1905-03-10,190,41,"Handelsdepartementet",2000,"Ministry of Trade and Industry","Handelsminister og konstituert revisjonsminister",0,0,"Høyre",1903-10-22,1905-03-10,1,1,505,0,505,0,0,0,0,"Hagerup II",NA,"Hagerup II"
473,18141,"Hans Ystgaard","Ystgaard","Hans",1882,1953,0,"HansYstgaard1882",1935-03-20,1945-06-24,3749,53,"Landbruksdepartementet",19000,"Ministry of Agriculture and Food","Landbruksminister",0,0,"Arbeiderpartiet",1935-03-20,1945-06-24,1,1,3749,0,3749,0,0,0,0,"Nygaardsvold","A","Nygaardsvold A"
473,18141,"Hans Ystgaard","Ystgaard","Hans",1882,1953,0,"HansYstgaard1882",1935-03-20,1945-06-24,3749,53,"Landbruksdepartementet",19000,"Ministry of Agriculture and Food","Landbruksminister",0,0,"Arbeiderpartiet",1935-03-20,1945-06-24,1,1,3749,0,3749,0,0,0,0,"Nygaardsvold","B","Nygaardsvold B"
473,18141,"Hans Ystgaard","Ystgaard","Hans",1882,1953,0,"HansYstgaard1882",1935-03-20,1945-06-24,3749,53,"Landbruksdepartementet",19000,"Ministry of Agriculture and Food","Landbruksminister",0,0,"Arbeiderpartiet",1935-03-20,1945-06-24,1,1,3749,0,3749,0,0,0,0,"Nygaardsvold","C","Nygaardsvold C"
474,18146,"Rolf Arthur Hansen","Hansen","Rolf",1920,2006,0,"RolfHansen1920",1976-01-15,1979-10-07,1361,56,"Forsvarsdepartementet",5000,"Ministry of Defense","Forsvarsminister",0,0,"Arbeiderpartiet",1976-01-15,1981-10-13,1,1,2098,0,2098,0,0,1,0,"Nordli","A","Nordli A"
474,18146,"Rolf Arthur Hansen","Hansen","Rolf",1920,2006,0,"RolfHansen1920",1976-01-15,1979-10-07,1361,56,"Forsvarsdepartementet",5000,"Ministry of Defense","Forsvarsminister",0,0,"Arbeiderpartiet",1976-01-15,1981-10-13,1,1,2098,0,2098,0,0,1,0,"Nordli","B","Nordli B"
474,18146,"Rolf Arthur Hansen","Hansen","Rolf",1920,2006,0,"RolfHansen1920",1979-10-08,1981-02-03,484,59,"Miljøverndepartementet",20000,"Ministry of Climate and Environment","Miljøvernminister",0,0,"Arbeiderpartiet",1976-01-15,1981-10-13,1,1,2098,0,2098,0,0,1,0,"Nordli","B","Nordli B"
474,18146,"Rolf Arthur Hansen","Hansen","Rolf",1920,2006,0,"RolfHansen1920",1981-02-04,1981-10-13,251,61,"Miljøverndepartementet",20000,"Ministry of Climate and Environment","Miljøvernminister",0,0,"Arbeiderpartiet",1976-01-15,1981-10-13,1,1,2098,0,2098,0,0,1,0,"Brundtland I","A","Brundtland I"
475,18150,"Oskar Ingemann Øksnes","Øksnes","Oskar",1921,1999,0,"OskarØksnes1921",1976-01-15,1981-02-03,1846,55,"Landbruksdepartementet",19000,"Ministry of Agriculture and Food","Landbruksminister",0,0,"Arbeiderpartiet",1976-01-15,1981-10-13,1,1,2098,0,2098,1,0,0,1,"Nordli","A","Nordli A"
475,18150,"Oskar Ingemann Øksnes","Øksnes","Oskar",1921,1999,0,"OskarØksnes1921",1976-01-15,1981-02-03,1846,55,"Landbruksdepartementet",19000,"Ministry of Agriculture and Food","Landbruksminister",0,0,"Arbeiderpartiet",1976-01-15,1981-10-13,1,1,2098,0,2098,1,0,0,1,"Nordli","B","Nordli B"
475,18150,"Oskar Ingemann Øksnes","Øksnes","Oskar",1921,1999,0,"OskarØksnes1921",1981-02-04,1981-10-13,251,60,"Landbruksdepartementet",19000,"Ministry of Agriculture and Food","Landbruksminister",0,0,"Arbeiderpartiet",1976-01-15,1981-10-13,1,1,2098,0,2098,1,0,0,1,"Brundtland I","A","Brundtland I"
476,26580,"Anders Anundsen","Anundsen","Anders",1975,NA,0,"AndersAnundsen1975",2013-10-16,2016-12-20,1161,38,"Justis- og beredskapsdepartementet",13000,"Ministry of Justice","Justis- og beredskapsminister",0,0,"Fremskrittspartiet",2013-10-16,2016-12-20,1,1,1161,0,1161,1,0,0,0,"Solberg","A","Solberg A"
477,26642,"Lisbeth Berg-Hansen","Berg-Hansen","Lisbeth",1963,NA,1,"LisbethBerg-Hansen1963",2009-10-21,2013-10-15,1455,46,"Fiskeri- og kystdepartementet",6000,"Ministry of Fisheries","Fiskeri- og kystminister",0,0,"Arbeiderpartiet",2009-10-21,2013-10-15,1,1,1455,0,1455,1,0,1,1,"Stoltenberg II","B","Stoltenberg II B"
478,26788,"Ine Marie Eriksen Søreide","Søreide","Ine",1976,NA,1,"IneSøreide1976",2013-10-16,2017-10-20,1465,37,"Forsvarsdepartementet",5000,"Ministry of Defense","Forsvarsminister",0,0,"Høyre",2013-10-16,2021-10-14,1,1,2920,0,2920,1,0,0,0,"Solberg","A","Solberg A"
478,26788,"Ine Marie Eriksen Søreide","Søreide","Ine",1976,NA,1,"IneSøreide1976",2013-10-16,2017-10-20,1465,37,"Forsvarsdepartementet",5000,"Ministry of Defense","Forsvarsminister",0,0,"Høyre",2013-10-16,2021-10-14,1,1,2920,0,2920,1,0,0,0,"Solberg","B","Solberg B"
478,26788,"Ine Marie Eriksen Søreide","Søreide","Ine",1976,NA,1,"IneSøreide1976",2017-10-20,2021-10-14,1455,41,"Utenriksdepartementet",4000,"Ministry of Foreign Affairs","Utenriksminister",0,0,"Høyre",2013-10-16,2021-10-14,1,1,2920,0,2920,1,0,0,0,"Solberg","B","Solberg B"
478,26788,"Ine Marie Eriksen Søreide","Søreide","Ine",1976,NA,1,"IneSøreide1976",2017-10-20,2021-10-14,1455,41,"Utenriksdepartementet",4000,"Ministry of Foreign Affairs","Utenriksminister",0,0,"Høyre",2013-10-16,2021-10-14,1,1,2920,0,2920,1,0,0,0,"Solberg","C","Solberg C"
478,26788,"Ine Marie Eriksen Søreide","Søreide","Ine",1976,NA,1,"IneSøreide1976",2017-10-20,2021-10-14,1455,41,"Utenriksdepartementet",4000,"Ministry of Foreign Affairs","Utenriksminister",0,0,"Høyre",2013-10-16,2021-10-14,1,1,2920,0,2920,1,0,0,0,"Solberg","D","Solberg D"
478,26788,"Ine Marie Eriksen Søreide","Søreide","Ine",1976,NA,1,"IneSøreide1976",2017-10-20,2021-10-14,1455,41,"Utenriksdepartementet",4000,"Ministry of Foreign Affairs","Utenriksminister",0,0,"Høyre",2013-10-16,2021-10-14,1,1,2920,0,2920,1,0,0,0,"Solberg","E","Solberg E"
479,26821,"Bjørn Arild Gram","Gram","Bjørn",1972,NA,0,"BjørnGram1972",2021-10-14,2022-04-12,180,49,"Kommunal- og moderniseringsdepartementet",9000,"Ministry of Local Government","Kommunal- og distriktsminister",0,0,"Senterpartiet",2021-10-14,2025-02-04,1,1,1209,0,1209,1,0,0,1,"Støre","A","Støre A"
479,26821,"Bjørn Arild Gram","Gram","Bjørn",1972,NA,0,"BjørnGram1972",2022-04-12,2025-02-04,1029,50,"Forsvarsdepartementet",5000,"Ministry of Defense","Forsvarsminister",0,0,"Senterpartiet",2021-10-14,2025-02-04,1,1,1209,0,1209,1,0,0,1,"Støre","A","Støre A"
480,26853,"Knut Arild Hareide","Hareide","Knut",1972,NA,0,"KnutHareide1972",2004-06-18,2005-10-16,485,32,"Miljøverndepartementet",20000,"Ministry of Climate and Environment","Miljøvernminister",0,0,"Kristelig Folkeparti",2004-06-18,2005-10-16,1,2,485,0,1114,1,0,1,1,"Bondevik II","A","Bondevik II"
480,26853,"Knut Arild Hareide","Hareide","Knut",1972,NA,0,"KnutHareide1972",2020-01-24,2021-10-14,629,48,"Samferdselsdepartementet",8000,"Ministry of Transport and Infrastructure","Samferdselsminister",0,0,"Kristelig Folkeparti",2020-01-24,2021-10-14,2,2,629,485,1114,1,1,1,1,"Solberg","E","Solberg E"
481,26884,"Bård André Hoksrud","Hoksrud","Bård",1973,NA,0,"BårdHoksrud1973",2018-08-31,2019-01-22,144,45,"Landbruks- og matdepartementet",19000,"Ministry of Agriculture and Food","Landbruks- og matminister",0,0,"Fremskrittspartiet",2018-08-31,2019-01-22,1,1,144,0,144,1,0,0,1,"Solberg","C","Solberg C"
482,26891,"Heikki Eidsvoll Holmås","Holmås","Heikki",1972,NA,0,"HeikkiHolmås1972",2012-03-23,2013-10-15,571,40,"Utenriksdepartementet",4000,"Ministry of Foreign Affairs","Utviklingsminister",0,0,"Sosialistisk Venstreparti",2012-03-23,2013-10-15,1,1,571,0,571,1,0,0,0,"Stoltenberg II","B","Stoltenberg II B"
483,26896,"Anniken Scharning Huitfeldt","Huitfeldt","Anniken",1969,NA,1,"AnnikenHuitfeldt1969",2008-02-29,2009-10-20,599,39,"Barne- og likestillingsdepartementet",18000,"Ministry of Children and Families","Barne- og likestillingsminister",0,0,"Arbeiderpartiet",2008-02-29,2013-10-15,1,2,2055,0,2787,1,0,0,0,"Stoltenberg II","A","Stoltenberg II A"
483,26896,"Anniken Scharning Huitfeldt","Huitfeldt","Anniken",1969,NA,1,"AnnikenHuitfeldt1969",2008-02-29,2009-10-20,599,39,"Barne- og likestillingsdepartementet",18000,"Ministry of Children and Families","Barne- og likestillingsminister",0,0,"Arbeiderpartiet",2008-02-29,2013-10-15,1,2,2055,0,2787,1,0,0,0,"Stoltenberg II","B","Stoltenberg II B"
483,26896,"Anniken Scharning Huitfeldt","Huitfeldt","Anniken",1969,NA,1,"AnnikenHuitfeldt1969",2009-10-21,2009-12-31,71,40,"Kultur- og kirkedepartementet",34000,"Ministry of Culture","Kulturminister",0,0,"Arbeiderpartiet",2008-02-29,2013-10-15,1,2,2055,0,2787,1,0,0,0,"Stoltenberg II","B","Stoltenberg II B"
483,26896,"Anniken Scharning Huitfeldt","Huitfeldt","Anniken",1969,NA,1,"AnnikenHuitfeldt1969",2010-01-01,2012-09-21,994,41,"Kulturdepartementet",34000,"Ministry of Culture","Kulturminister",0,0,"Arbeiderpartiet",2008-02-29,2013-10-15,1,2,2055,0,2787,1,0,0,0,"Stoltenberg II","B","Stoltenberg II B"
483,26896,"Anniken Scharning Huitfeldt","Huitfeldt","Anniken",1969,NA,1,"AnnikenHuitfeldt1969",2012-09-21,2013-10-15,389,43,"Arbeidsdepartementet",41000,"Ministry of Labor","Arbeidsminister",0,0,"Arbeiderpartiet",2008-02-29,2013-10-15,1,2,2055,0,2787,1,0,0,0,"Stoltenberg II","B","Stoltenberg II B"
483,26896,"Anniken Scharning Huitfeldt","Huitfeldt","Anniken",1969,NA,1,"AnnikenHuitfeldt1969",2021-10-14,2023-10-16,732,52,"Utenriksdepartementet",4000,"Ministry of Foreign Affairs","Utenriksminister",0,0,"Arbeiderpartiet",2021-10-14,2023-10-16,2,2,732,2055,2787,1,1,0,0,"Støre","A","Støre A"
484,26914,"Rigmor Aasrud","Aasrud","Rigmor",1960,NA,1,"RigmorAasrud1960",2009-10-21,2009-12-31,71,49,"Fornyings- og administrasjonsdepartementet",40000,"Ministry of Public Governance","Fornyings-, administrasjons- og kirkeminister",0,0,"Arbeiderpartiet",2009-10-21,2013-10-15,1,1,1455,0,1455,1,0,0,1,"Stoltenberg II","B","Stoltenberg II B"
484,26914,"Rigmor Aasrud","Aasrud","Rigmor",1960,NA,1,"RigmorAasrud1960",2010-01-01,2013-10-15,1383,50,"Fornyings-, administrasjons- og kirkedepartementet",42000,"Ministry of Public Governance","Fornyings-, administrasjons- og kirkeminister",0,0,"Arbeiderpartiet",2009-10-21,2013-10-15,1,1,1455,0,1455,1,0,0,1,"Stoltenberg II","B","Stoltenberg II B"
485,27136,"Knut Storberget","Storberget","Knut",1964,NA,0,"KnutStorberget1964",2005-10-17,2011-11-11,2216,41,"Justis- og politidepartementet",13000,"Ministry of Justice","Justisminister",0,0,"Arbeiderpartiet",2005-10-17,2011-11-11,1,1,2216,0,2216,1,0,0,0,"Stoltenberg II","A","Stoltenberg II A"
485,27136,"Knut Storberget","Storberget","Knut",1964,NA,0,"KnutStorberget1964",2005-10-17,2011-11-11,2216,41,"Justis- og politidepartementet",13000,"Ministry of Justice","Justisminister",0,0,"Arbeiderpartiet",2005-10-17,2011-11-11,1,1,2216,0,2216,1,0,0,0,"Stoltenberg II","B","Stoltenberg II B"
486,28188,"Guri Helene Ingebrigtsen","Ingebrigtsen","Guri",1952,2020,1,"GuriIngebrigtsen1952",2000-03-17,2001-10-18,580,48,"Sosial- og helsedepartementet",7000,"Ministry of Health and Social Affairs","Sosialminister",0,0,"Arbeiderpartiet",2000-03-17,2001-10-18,1,1,580,0,580,0,0,1,0,"Stoltenberg I","A","Stoltenberg I"
487,28213,"Liv Signe Navarsete","Navarsete","Liv",1958,NA,1,"LivNavarsete1958",2005-10-17,2009-10-20,1464,47,"Samferdselsdepartementet",8000,"Ministry of Transport and Infrastructure","Samferdselsminister",0,0,"Senterpartiet",2005-10-17,2013-10-15,1,1,2920,0,2920,1,0,1,0,"Stoltenberg II","A","Stoltenberg II A"
487,28213,"Liv Signe Navarsete","Navarsete","Liv",1958,NA,1,"LivNavarsete1958",2005-10-17,2009-10-20,1464,47,"Samferdselsdepartementet",8000,"Ministry of Transport and Infrastructure","Samferdselsminister",0,0,"Senterpartiet",2005-10-17,2013-10-15,1,1,2920,0,2920,1,0,1,0,"Stoltenberg II","B","Stoltenberg II B"
487,28213,"Liv Signe Navarsete","Navarsete","Liv",1958,NA,1,"LivNavarsete1958",2009-10-21,2013-10-15,1455,51,"Kommunal- og regionaldepartementet",9000,"Ministry of Local Government","Kommunal- og regionalminister",0,0,"Senterpartiet",2005-10-17,2013-10-15,1,1,2920,0,2920,1,0,1,0,"Stoltenberg II","B","Stoltenberg II B"
488,28257,"Hanne Harlem","Harlem","Hanne",1964,NA,1,"HanneHarlem1964",2000-03-17,2001-10-18,580,36,"Justis- og politidepartementet",13000,"Ministry of Justice","Justisminister",0,0,"Arbeiderpartiet",2000-03-17,2001-10-18,1,1,580,0,580,0,0,1,0,"Stoltenberg I","A","Stoltenberg I"
489,28258,"Anne Kristin Sydnes","Sydnes","Anne",1956,2017,1,"AnneSydnes1956",2000-03-17,2001-10-18,580,44,"Utenriksdepartementet",4000,"Ministry of Foreign Affairs","Bistandsminister",0,0,"Arbeiderpartiet",2000-03-17,2001-10-18,1,1,580,0,580,0,0,0,0,"Stoltenberg I","A","Stoltenberg I"
490,28259,"Terje Moe Gustavsen","Gustavsen","Terje",1954,2019,0,"TerjeGustavsen1954",2000-03-17,2001-10-18,580,46,"Samferdselsdepartementet",8000,"Ministry of Transport and Infrastructure","Samferdselsminister",0,0,"Arbeiderpartiet",2000-03-17,2001-10-18,1,1,580,0,580,0,0,0,1,"Stoltenberg I","A","Stoltenberg I"
491,28260,"Ellen Horn","Horn","Ellen",1951,NA,1,"EllenHorn1951",2000-03-17,2001-10-18,580,49,"Kulturdepartementet",26000,"Ministry of Culture","Kulturminister",0,0,"Arbeiderpartiet",2000-03-17,2001-10-18,1,1,580,0,580,0,0,0,0,"Stoltenberg I","A","Stoltenberg I"
492,28261,"Tore Tønne","Tønne","Tore",1948,2002,0,"ToreTønne1948",2000-03-17,2001-10-18,580,52,"Sosial- og helsedepartementet",7000,"Ministry of Health and Social Affairs","Helseminister",0,0,"Arbeiderpartiet",2000-03-17,2001-10-18,1,1,580,0,580,0,0,0,0,"Stoltenberg I","A","Stoltenberg I"
493,28264,"Espen Barth Eide","Eide","Espen",1964,NA,0,"EspenEide1964",2011-11-11,2012-09-21,315,47,"Forsvarsdepartementet",5000,"Ministry of Defense","Forsvarsminister",0,0,"Arbeiderpartiet",2011-11-11,2013-10-15,1,2,704,0,2500,0,0,0,1,"Stoltenberg II","B","Stoltenberg II B"
493,28264,"Espen Barth Eide","Eide","Espen",1964,NA,0,"EspenEide1964",2012-09-21,2013-10-15,389,48,"Utenriksdepartementet",4000,"Ministry of Foreign Affairs","Utenriksminister",0,0,"Arbeiderpartiet",2011-11-11,2013-10-15,1,2,704,0,2500,0,0,0,1,"Stoltenberg II","B","Stoltenberg II B"
493,28264,"Espen Barth Eide","Eide","Espen",1964,NA,0,"EspenEide1964",2021-10-14,2023-10-16,732,57,"Klima- og miljødepartementet",20000,"Ministry of Climate and Environment","Klima- og miljøminister",0,0,"Arbeiderpartiet",2021-10-14,NA,2,2,1796,704,2500,1,1,0,1,"Støre","A","Støre A"
493,28264,"Espen Barth Eide","Eide","Espen",1964,NA,0,"EspenEide1964",2023-10-16,NA,1064,59,"Utenriksdepartementet",4000,"Ministry of Foreign Affairs","Utenriksminister",0,0,"Arbeiderpartiet",2021-10-14,NA,2,2,1796,704,2500,1,1,0,1,"Støre","A","Støre A"
493,28264,"Espen Barth Eide","Eide","Espen",1964,NA,0,"EspenEide1964",2023-10-16,NA,1064,59,"Utenriksdepartementet",4000,"Ministry of Foreign Affairs","Utenriksminister",0,0,"Arbeiderpartiet",2021-10-14,NA,2,2,1796,704,2500,1,1,0,1,"Støre","B","Støre B"
493,28264,"Espen Barth Eide","Eide","Espen",1964,NA,0,"EspenEide1964",2023-10-16,NA,1064,59,"Utenriksdepartementet",4000,"Ministry of Foreign Affairs","Utenriksminister",0,0,"Arbeiderpartiet",2021-10-14,NA,2,2,1796,704,2500,1,1,0,1,"Støre","C","Støre C"
494,30018,"Marit Berger Røsland","Røsland","Marit",1978,NA,1,"MaritRøsland1978",2017-10-20,2018-01-17,89,39,"Utenriksdepartementet",4000,"Ministry of Foreign Affairs","EØS- og EU-minister",0,0,"Høyre",2017-10-20,2018-01-17,1,1,89,0,89,1,0,1,1,"Solberg","B","Solberg B"
495,30025,"Linda Cathrine Hofstad Helleland","Helleland","Linda",1977,NA,1,"LindaHelleland1977",2015-12-16,2018-01-17,763,38,"Kulturdepartementet",34000,"Ministry of Culture","Kulturminister",0,0,"Høyre",2015-12-16,2019-01-22,1,2,1133,0,1762,1,0,0,0,"Solberg","A","Solberg A"
495,30025,"Linda Cathrine Hofstad Helleland","Helleland","Linda",1977,NA,1,"LindaHelleland1977",2015-12-16,2018-01-17,763,38,"Kulturdepartementet",34000,"Ministry of Culture","Kulturminister",0,0,"Høyre",2015-12-16,2019-01-22,1,2,1133,0,1762,1,0,0,0,"Solberg","B","Solberg B"
495,30025,"Linda Cathrine Hofstad Helleland","Helleland","Linda",1977,NA,1,"LindaHelleland1977",2018-01-17,2019-01-22,370,41,"Barne- og likestillingsdepartementet",18000,"Ministry of Children and Families","Barne- og likestillingsminister",0,0,"Høyre",2015-12-16,2019-01-22,1,2,1133,0,1762,1,0,0,0,"Solberg","C","Solberg C"
495,30025,"Linda Cathrine Hofstad Helleland","Helleland","Linda",1977,NA,1,"LindaHelleland1977",2020-01-24,2021-10-14,629,43,"Kommunal- og moderniseringsdepartementet",9000,"Ministry of Local Government","Distrikts- og digitaliseringsminister",0,0,"Høyre",2020-01-24,2021-10-14,2,2,629,1133,1762,1,1,0,0,"Solberg","E","Solberg E"
496,30045,"Solveig Horne","Horne","Solveig",1969,NA,1,"SolveigHorne1969",2013-10-16,2018-01-17,1554,44,"Barne-, likestillings- og inkluderingsdepartementet",18000,"Ministry of Children and Families","Barne-, likestillings- og inkluderingsminister",0,0,"Fremskrittspartiet",2013-10-16,2018-01-17,1,1,1554,0,1554,1,0,0,0,"Solberg","A","Solberg A"
496,30045,"Solveig Horne","Horne","Solveig",1969,NA,1,"SolveigHorne1969",2013-10-16,2018-01-17,1554,44,"Barne-, likestillings- og inkluderingsdepartementet",18000,"Ministry of Children and Families","Barne-, likestillings- og inkluderingsminister",0,0,"Fremskrittspartiet",2013-10-16,2018-01-17,1,1,1554,0,1554,1,0,0,0,"Solberg","B","Solberg B"
497,30064,"Trine Skei Grande","Grande","Trine",1969,NA,1,"TrineGrande1969",2018-01-17,2019-01-22,370,49,"Kulturdepartementet",34000,"Ministry of Culture","Kulturminister",0,0,"Venstre",2018-01-17,2020-03-13,1,1,786,0,786,1,0,0,0,"Solberg","C","Solberg C"
497,30064,"Trine Skei Grande","Grande","Trine",1969,NA,1,"TrineGrande1969",2019-01-22,2020-01-24,367,50,"Kulturdepartementet",34000,"Ministry of Culture","Kultur- og likestillingsminister",0,0,"Venstre",2018-01-17,2020-03-13,1,1,786,0,786,1,0,0,0,"Solberg","D","Solberg D"
497,30064,"Trine Skei Grande","Grande","Trine",1969,NA,1,"TrineGrande1969",2020-01-24,2020-03-13,49,51,"Kunnskapsdepartementet",35000,"Ministry of Education","Kunnskaps- og integreringsminister",0,0,"Venstre",2018-01-17,2020-03-13,1,1,786,0,786,1,0,0,0,"Solberg","E","Solberg E"
498,30073,"Victor Danielsen Norman","Norman","Victor",1946,NA,0,"VictorNorman1946",2001-10-19,2004-03-07,870,55,"Arbeids- og administrasjonsdepartementet",29000,"Ministry of Labor","Arbeids- og administrasjonsminister",0,0,"Høyre",2001-10-19,2004-03-07,1,1,870,0,870,0,0,0,0,"Bondevik II","A","Bondevik II"
499,30075,"Torgeir Erikstad Micaelsen","Micaelsen",NA,1979,NA,0,"TorgeirMicaelsen1979",2026-09-11,NA,3,47,"Digitaliserings- og forvaltningsdepartementet",57905,"Ministry of Public Governance","Digitaliserings- og forvaltningsminister",0,0,"Arbeiderpartiet",2026-09-11,NA,1,1,3,0,3,1,0,0,1,"Støre","C","Støre C"
500,30103,"Ola Elvestuen","Elvestuen","Ola",1967,NA,0,"OlaElvestuen1967",2018-01-17,2020-01-24,737,51,"Klima- og miljødepartementet",20000,"Ministry of Climate and Environment","Klima- og miljøminister",0,0,"Venstre",2018-01-17,2020-01-24,1,1,737,0,737,1,0,0,0,"Solberg","C","Solberg C"
500,30103,"Ola Elvestuen","Elvestuen","Ola",1967,NA,0,"OlaElvestuen1967",2018-01-17,2020-01-24,737,51,"Klima- og miljødepartementet",20000,"Ministry of Climate and Environment","Klima- og miljøminister",0,0,"Venstre",2018-01-17,2020-01-24,1,1,737,0,737,1,0,0,0,"Solberg","D","Solberg D"
501,30118,"Ola Borten Moe","Moe","Ola",1976,NA,0,"OlaMoe1976",2011-03-04,2013-10-15,956,35,"Olje- og energidepartementet",31000,"Ministry of Oil and Energy","Olje- og energiminister",0,0,"Senterpartiet",2011-03-04,2013-10-15,1,2,956,0,1615,1,0,0,0,"Stoltenberg II","B","Stoltenberg II B"
501,30118,"Ola Borten Moe","Moe","Ola",1976,NA,0,"OlaMoe1976",2021-10-14,2023-08-04,659,45,"Kunnskapsdepartementet",35000,"Ministry of Education","Forsknings- og høyere utdanningsminister",0,0,"Senterpartiet",2021-10-14,2023-08-04,2,2,659,956,1615,1,1,0,0,"Støre","A","Støre A"
502,30121,"Monica Mæland","Mæland","Monica",1968,NA,1,"MonicaMæland1968",2013-10-16,2013-12-31,76,45,"Nærings- og handelsdepartementet",28000,"Ministry of Trade and Industry","Næringsminister",0,0,"Høyre",2013-10-16,2021-10-14,1,1,2920,0,2920,1,0,0,0,"Solberg","A","Solberg A"
502,30121,"Monica Mæland","Mæland","Monica",1968,NA,1,"MonicaMæland1968",2014-01-01,2018-01-17,1477,46,"Nærings- og fiskeridepartementet",57170,"Ministry of Trade and Industry","Næringsminister",0,0,"Høyre",2013-10-16,2021-10-14,1,1,2920,0,2920,1,0,0,0,"Solberg","A","Solberg A"
502,30121,"Monica Mæland","Mæland","Monica",1968,NA,1,"MonicaMæland1968",2014-01-01,2018-01-17,1477,46,"Nærings- og fiskeridepartementet",57170,"Ministry of Trade and Industry","Næringsminister",0,0,"Høyre",2013-10-16,2021-10-14,1,1,2920,0,2920,1,0,0,0,"Solberg","B","Solberg B"
502,30121,"Monica Mæland","Mæland","Monica",1968,NA,1,"MonicaMæland1968",2018-01-17,2020-01-24,737,50,"Kommunal- og moderniseringsdepartementet",9000,"Ministry of Local Government","Kommunal- og moderniseringsminister",0,0,"Høyre",2013-10-16,2021-10-14,1,1,2920,0,2920,1,0,0,0,"Solberg","C","Solberg C"
502,30121,"Monica Mæland","Mæland","Monica",1968,NA,1,"MonicaMæland1968",2018-01-17,2020-01-24,737,50,"Kommunal- og moderniseringsdepartementet",9000,"Ministry of Local Government","Kommunal- og moderniseringsminister",0,0,"Høyre",2013-10-16,2021-10-14,1,1,2920,0,2920,1,0,0,0,"Solberg","D","Solberg D"
502,30121,"Monica Mæland","Mæland","Monica",1968,NA,1,"MonicaMæland1968",2020-01-24,2021-10-14,629,52,"Justis- og beredskapsdepartementet",13000,"Ministry of Justice","Justis- og beredskapsminister",0,0,"Høyre",2013-10-16,2021-10-14,1,1,2920,0,2920,1,0,0,0,"Solberg","E","Solberg E"
503,30162,"Per-Willy Trudvang Amundsen","Amundsen","Per-Willy",1971,NA,0,"Per-WillyAmundsen1971",2016-12-20,2018-01-17,393,45,"Justis- og beredskapsdepartementet",13000,"Ministry of Justice","Justis- og beredskapsminister",0,0,"Fremskrittspartiet",2016-12-20,2018-01-17,1,1,393,0,393,1,0,0,1,"Solberg","A","Solberg A"
503,30162,"Per-Willy Trudvang Amundsen","Amundsen","Per-Willy",1971,NA,0,"Per-WillyAmundsen1971",2016-12-20,2018-01-17,393,45,"Justis- og beredskapsdepartementet",13000,"Ministry of Justice","Justis- og beredskapsminister",0,0,"Fremskrittspartiet",2016-12-20,2018-01-17,1,1,393,0,393,1,0,0,1,"Solberg","B","Solberg B"
504,30204,"Inga Marte Thorkildsen","Thorkildsen","Inga",1976,NA,1,"IngaThorkildsen1976",2012-03-23,2013-10-15,571,36,"Barne-, likestillings- og inkluderingsdepartementet",18000,"Ministry of Children and Families","Barne-, likestillings- og inkluderingsminister",0,0,"Sosialistisk Venstreparti",2012-03-23,2013-10-15,1,1,571,0,571,1,0,0,0,"Stoltenberg II","B","Stoltenberg II B"
505,30206,"Audun Bjørlo Lysbakken","Lysbakken","Audun",1977,NA,0,"AudunLysbakken1977",2009-10-21,2009-12-31,71,32,"Barne- og likestillingsdepartementet",18000,"Ministry of Children and Families","Barne-, likestillings- og inkluderingsminister",0,0,"Sosialistisk Venstreparti",2009-10-21,2012-03-05,1,1,866,0,866,1,0,0,0,"Stoltenberg II","B","Stoltenberg II B"
505,30206,"Audun Bjørlo Lysbakken","Lysbakken","Audun",1977,NA,0,"AudunLysbakken1977",2010-01-01,2012-03-05,794,33,"Barne-, likestillings- og inkluderingsdepartementet",18000,"Ministry of Children and Families","Barne-, likestillings- og inkluderingsminister",0,0,"Sosialistisk Venstreparti",2009-10-21,2012-03-05,1,1,866,0,866,1,0,0,0,"Stoltenberg II","B","Stoltenberg II B"
506,30217,"Ingjerd Schou","Schou","Ingjerd",1955,NA,1,"IngjerdSchou1955",2001-10-19,2001-12-31,73,46,"Sosial- og helsedepartementet",7000,"Ministry of Health and Social Affairs","Sosialminister",0,0,"Høyre",2001-10-19,2004-06-17,1,1,972,0,972,1,0,0,0,"Bondevik II","A","Bondevik II"
506,30217,"Ingjerd Schou","Schou","Ingjerd",1955,NA,1,"IngjerdSchou1955",2002-01-01,2004-06-17,898,47,"Sosialdepartementet",36000,"Ministry of Labor","Sosialminister",0,0,"Høyre",2001-10-19,2004-06-17,1,1,972,0,972,1,0,0,0,"Bondevik II","A","Bondevik II"
507,30222,"Heidi Grande Røys","Røys","Heidi",1967,NA,1,"HeidiRøys1967",2005-10-17,2009-10-20,1464,38,"Moderniseringsdepartementet",40000,"Ministry of Public Governance","Fornyings- og administrasjonsminister",0,0,"Sosialistisk Venstreparti",2005-10-17,2009-10-20,1,1,1464,0,1464,1,0,0,0,"Stoltenberg II","A","Stoltenberg II A"
507,30222,"Heidi Grande Røys","Røys","Heidi",1967,NA,1,"HeidiRøys1967",2005-10-17,2009-10-20,1464,38,"Moderniseringsdepartementet",40000,"Ministry of Public Governance","Fornyings- og administrasjonsminister",0,0,"Sosialistisk Venstreparti",2005-10-17,2009-10-20,1,1,1464,0,1464,1,0,0,0,"Stoltenberg II","B","Stoltenberg II B"
508,30338,"Geir Pollestad","Pollestad","Geir",1978,NA,0,"GeirPollestad1978",2023-08-04,2025-02-04,550,45,"Landbruks- og matdepartementet",19000,"Ministry of Agriculture and Food","Landbruks- og matminister",0,0,"Senterpartiet",2023-08-04,2025-02-04,1,1,550,0,550,1,0,1,1,"Støre","A","Støre A"
509,30499,"Sylvi Listhaug","Listhaug","Sylvi",1977,NA,1,"SylviListhaug1977",2013-10-16,2015-12-15,790,36,"Landbruks- og matdepartementet",19000,"Ministry of Agriculture and Food","Landbruks- og matminister",0,0,"Fremskrittspartiet",2013-10-16,2017-03-05,1,3,1236,0,1762,1,0,0,0,"Solberg","A","Solberg A"
509,30499,"Sylvi Listhaug","Listhaug","Sylvi",1977,NA,1,"SylviListhaug1977",2015-12-16,2017-03-05,445,38,"Justis- og beredskapsdepartementet",13000,"Ministry of Justice","Innvandrings- og integreringsminister",0,0,"Fremskrittspartiet",2013-10-16,2017-03-05,1,3,1236,0,1762,1,0,0,0,"Solberg","A","Solberg A"
509,30499,"Sylvi Listhaug","Listhaug","Sylvi",1977,NA,1,"SylviListhaug1977",2017-07-03,2018-01-17,198,40,"Justis- og beredskapsdepartementet",13000,"Ministry of Justice","Innvandrings- og integreringsminister",0,0,"Fremskrittspartiet",2017-07-03,2018-03-20,2,3,260,1236,1762,1,1,0,0,"Solberg","A","Solberg A"
509,30499,"Sylvi Listhaug","Listhaug","Sylvi",1977,NA,1,"SylviListhaug1977",2017-07-03,2018-01-17,198,40,"Justis- og beredskapsdepartementet",13000,"Ministry of Justice","Innvandrings- og integreringsminister",0,0,"Fremskrittspartiet",2017-07-03,2018-03-20,2,3,260,1236,1762,1,1,0,0,"Solberg","B","Solberg B"
509,30499,"Sylvi Listhaug","Listhaug","Sylvi",1977,NA,1,"SylviListhaug1977",2018-01-17,2018-03-20,62,41,"Justis- og beredskapsdepartementet",13000,"Ministry of Justice","Justis-, beredskaps- og innvandringsminister",0,0,"Fremskrittspartiet",2017-07-03,2018-03-20,2,3,260,1236,1762,1,1,0,0,"Solberg","C","Solberg C"
509,30499,"Sylvi Listhaug","Listhaug","Sylvi",1977,NA,1,"SylviListhaug1977",2019-05-03,2019-12-18,229,42,"Helse- og omsorgsdepartementet",39000,"Ministry of Health and Social Affairs","Eldre- og folkehelseminister",0,0,"Fremskrittspartiet",2019-05-03,2020-01-24,3,3,266,1496,1762,1,1,0,0,"Solberg","D","Solberg D"
509,30499,"Sylvi Listhaug","Listhaug","Sylvi",1977,NA,1,"SylviListhaug1977",2019-12-18,2020-01-24,37,42,"Olje- og energidepartementet",31000,"Ministry of Oil and Energy","Olje- og energiminister",0,0,"Fremskrittspartiet",2019-05-03,2020-01-24,3,3,266,1496,1762,1,1,0,0,"Solberg","D","Solberg D"
510,30612,"Geir Inge Sivertsen","Sivertsen","Geir",1965,NA,0,"GeirSivertsen1965",2020-01-24,2020-03-02,38,55,"Nærings- og fiskeridepartementet",57170,"Ministry of Trade and Industry","Fiskeri- og sjømatminister",0,0,"Høyre",2020-01-24,2020-03-02,1,1,38,0,38,1,0,0,1,"Solberg","E","Solberg E"
511,30658,"Anne-Grete Strøm-Erichsen","Strøm-Erichsen","Anne-Grete",1949,NA,1,"Anne-GreteStrøm-Erichsen1949",2005-10-17,2009-10-20,1464,56,"Forsvarsdepartementet",5000,"Ministry of Defense","Forsvarsminister",0,0,"Arbeiderpartiet",2005-10-17,2013-10-15,1,1,2920,0,2920,1,0,0,0,"Stoltenberg II","A","Stoltenberg II A"
511,30658,"Anne-Grete Strøm-Erichsen","Strøm-Erichsen","Anne-Grete",1949,NA,1,"Anne-GreteStrøm-Erichsen1949",2005-10-17,2009-10-20,1464,56,"Forsvarsdepartementet",5000,"Ministry of Defense","Forsvarsminister",0,0,"Arbeiderpartiet",2005-10-17,2013-10-15,1,1,2920,0,2920,1,0,0,0,"Stoltenberg II","B","Stoltenberg II B"
511,30658,"Anne-Grete Strøm-Erichsen","Strøm-Erichsen","Anne-Grete",1949,NA,1,"Anne-GreteStrøm-Erichsen1949",2009-10-21,2012-09-21,1066,60,"Helse- og omsorgsdepartementet",39000,"Ministry of Health and Social Affairs","Helse- og omsorgsminister",0,0,"Arbeiderpartiet",2005-10-17,2013-10-15,1,1,2920,0,2920,1,0,0,0,"Stoltenberg II","B","Stoltenberg II B"
511,30658,"Anne-Grete Strøm-Erichsen","Strøm-Erichsen","Anne-Grete",1949,NA,1,"Anne-GreteStrøm-Erichsen1949",2012-09-21,2013-10-15,389,63,"Forsvarsdepartementet",5000,"Ministry of Defense","Forsvarsminister",0,0,"Arbeiderpartiet",2005-10-17,2013-10-15,1,1,2920,0,2920,1,0,0,0,"Stoltenberg II","B","Stoltenberg II B"
512,30674,"Anette Trettebergstuen","Trettebergstuen","Anette",1981,NA,1,"AnetteTrettebergstuen1981",2021-10-14,2023-06-28,622,40,"Kulturdepartementet",34000,"Ministry of Culture","Kultur- og likestillingsminsiter",0,0,"Arbeiderpartiet",2021-10-14,2023-06-28,1,1,622,0,622,1,0,0,0,"Støre","A","Støre A"
513,30683,"Åse Michaelsen","Michaelsen","Åse",1960,NA,1,"ÅseMichaelsen1960",2018-01-17,2019-05-03,471,58,"Helse- og omsorgsdepartementet",39000,"Ministry of Health and Social Affairs","Eldre- og folkehelseminister",0,0,"Fremskrittspartiet",2018-01-17,2019-05-03,1,1,471,0,471,1,0,0,0,"Solberg","C","Solberg C"
513,30683,"Åse Michaelsen","Michaelsen","Åse",1960,NA,1,"ÅseMichaelsen1960",2018-01-17,2019-05-03,471,58,"Helse- og omsorgsdepartementet",39000,"Ministry of Health and Social Affairs","Eldre- og folkehelseminister",0,0,"Fremskrittspartiet",2018-01-17,2019-05-03,1,1,471,0,471,1,0,0,0,"Solberg","D","Solberg D"
514,30723,"Erling Sande","Sande","Erling",1978,NA,0,"ErlingSande1978",2023-10-16,2025-02-04,477,45,"Kommunal- og distriktsdepartementet",9000,"Ministry of Local Government","Kommunal- og distriktsminister",0,0,"Senterpartiet",2023-10-16,2025-02-04,1,1,477,0,477,1,0,0,0,"Støre","A","Støre A"
515,30762,"Nikolai Eivindssøn Astrup","Astrup","Nikolai",1978,NA,0,"NikolaiAstrup1978",2018-01-17,2019-01-22,370,40,"Utenriksdepartementet",4000,"Ministry of Foreign Affairs","Utviklingsminister",0,0,"Høyre",2018-01-17,2021-10-14,1,1,1366,0,1366,1,0,0,0,"Solberg","C","Solberg C"
515,30762,"Nikolai Eivindssøn Astrup","Astrup","Nikolai",1978,NA,0,"NikolaiAstrup1978",2019-01-22,2020-01-24,367,41,"Kommunal- og moderniseringsdepartementet",9000,"Ministry of Local Government","Digitaliseringsminister",0,0,"Høyre",2018-01-17,2021-10-14,1,1,1366,0,1366,1,0,0,0,"Solberg","D","Solberg D"
515,30762,"Nikolai Eivindssøn Astrup","Astrup","Nikolai",1978,NA,0,"NikolaiAstrup1978",2020-01-24,2021-10-14,629,42,"Kommunal- og moderniseringsdepartementet",9000,"Ministry of Local Government","Kommunal- og moderniseringsminister",0,0,"Høyre",2018-01-17,2021-10-14,1,1,1366,0,1366,1,0,0,0,"Solberg","E","Solberg E"
516,30801,"Torbjørn Røe Isaksen","Isaksen","Torbjørn",1978,NA,0,"TorbjørnIsaksen1978",2013-10-16,2017-09-14,1429,35,"Kunnskapsdepartementet",35000,"Ministry of Education","Kunnskapsminister",0,0,"Høyre",2013-10-16,2017-09-14,1,3,1429,0,2741,1,0,0,0,"Solberg","A","Solberg A"
516,30801,"Torbjørn Røe Isaksen","Isaksen","Torbjørn",1978,NA,0,"TorbjørnIsaksen1978",2017-11-27,2018-01-17,51,39,"Kunnskapsdepartementet",35000,"Ministry of Education","Kunnskapsminister",0,0,"Høyre",2017-11-27,2020-10-01,2,3,1039,1429,2741,1,1,0,0,"Solberg","B","Solberg B"
516,30801,"Torbjørn Røe Isaksen","Isaksen","Torbjørn",1978,NA,0,"TorbjørnIsaksen1978",2018-01-17,2020-01-24,737,40,"Nærings- og fiskeridepartementet",57170,"Ministry of Trade and Industry","Næringsminister",0,0,"Høyre",2017-11-27,2020-10-01,2,3,1039,1429,2741,1,1,0,0,"Solberg","C","Solberg C"
516,30801,"Torbjørn Røe Isaksen","Isaksen","Torbjørn",1978,NA,0,"TorbjørnIsaksen1978",2018-01-17,2020-01-24,737,40,"Nærings- og fiskeridepartementet",57170,"Ministry of Trade and Industry","Næringsminister",0,0,"Høyre",2017-11-27,2020-10-01,2,3,1039,1429,2741,1,1,0,0,"Solberg","D","Solberg D"
516,30801,"Torbjørn Røe Isaksen","Isaksen","Torbjørn",1978,NA,0,"TorbjørnIsaksen1978",2020-03-02,2020-03-13,11,42,"Nærings- og fiskeridepartementet",57170,"Ministry of Trade and Industry","Fiskeri- og sjømatminister",0,1,"Høyre",2017-11-27,2020-10-01,2,3,1039,1429,2741,1,1,0,0,"Solberg","E","Solberg E"
516,30801,"Torbjørn Røe Isaksen","Isaksen","Torbjørn",1978,NA,0,"TorbjørnIsaksen1978",2020-01-24,2020-10-01,251,42,"Arbeids- og sosialdepartementet",41000,"Ministry of Labor","Arbeids- og sosialminister",0,0,"Høyre",2017-11-27,2020-10-01,2,3,1039,1429,2741,1,1,0,0,"Solberg","E","Solberg E"
516,30801,"Torbjørn Røe Isaksen","Isaksen","Torbjørn",1978,NA,0,"TorbjørnIsaksen1978",2021-01-14,2021-10-14,273,43,"Arbeids- og sosialdepartementet",41000,"Ministry of Labor","Arbeids- og sosialminister",0,0,"Høyre",2021-01-14,2021-10-14,3,3,273,2468,2741,1,1,0,0,"Solberg","E","Solberg E"
517,30820,"Terje Aasland","Aasland","Terje",1965,NA,0,"TerjeAasland1965",2022-03-07,NA,1652,57,"Olje- og energidepartementet",31000,"Ministry of Oil and Energy","Olje- og energiminister",0,0,"Arbeiderpartiet",2022-03-07,NA,1,1,1652,0,1652,1,0,0,0,"Støre","A","Støre A"
517,30820,"Terje Aasland","Aasland","Terje",1965,NA,0,"TerjeAasland1965",2022-03-07,NA,1652,57,"Olje- og energidepartementet",31000,"Ministry of Oil and Energy","Olje- og energiminister",0,0,"Arbeiderpartiet",2022-03-07,NA,1,1,1652,0,1652,1,0,0,0,"Støre","B","Støre B"
517,30820,"Terje Aasland","Aasland","Terje",1965,NA,0,"TerjeAasland1965",2022-03-07,NA,1652,57,"Olje- og energidepartementet",31000,"Ministry of Oil and Energy","Olje- og energiminister",0,0,"Arbeiderpartiet",2022-03-07,NA,1,1,1652,0,1652,1,0,0,0,"Støre","C","Støre C"
518,30831,"Tord André Lien","Lien","Tord",1975,NA,0,"TordLien1975",2013-10-16,2016-12-20,1161,38,"Olje- og energidepartementet",31000,"Ministry of Oil and Energy","Olje- og energiminister",0,0,"Fremskrittspartiet",2013-10-16,2016-12-20,1,1,1161,0,1161,1,0,0,0,"Solberg","A","Solberg A"
519,30832,"Trygve Magnus Slagsvold Vedum","Vedum","Trygve",1978,NA,0,"TrygveVedum1978",2012-06-18,2013-10-15,484,34,"Landbruks- og matdepartementet",19000,"Ministry of Agriculture and Food","Landbruks- og matminister",0,0,"Senterpartiet",2012-06-18,2013-10-15,1,2,484,0,1693,1,0,0,0,"Stoltenberg II","B","Stoltenberg II B"
519,30832,"Trygve Magnus Slagsvold Vedum","Vedum","Trygve",1978,NA,0,"TrygveVedum1978",2021-10-14,2025-02-04,1209,43,"Finansdepartementet",1000,"Ministry of Finance","Finansminister",0,0,"Senterpartiet",2021-10-14,2025-02-04,2,2,1209,484,1693,1,1,0,0,"Støre","A","Støre A"
520,30871,"Ketil Solvik-Olsen","Solvik-Olsen","Ketil",1972,NA,0,"KetilSolvik-Olsen1972",2013-10-16,2018-08-31,1780,41,"Samferdselsdepartementet",8000,"Ministry of Transport and Infrastructure","Samferdselsminister",0,0,"Fremskrittspartiet",2013-10-16,2018-08-31,1,1,1780,0,1780,1,0,0,0,"Solberg","A","Solberg A"
520,30871,"Ketil Solvik-Olsen","Solvik-Olsen","Ketil",1972,NA,0,"KetilSolvik-Olsen1972",2013-10-16,2018-08-31,1780,41,"Samferdselsdepartementet",8000,"Ministry of Transport and Infrastructure","Samferdselsminister",0,0,"Fremskrittspartiet",2013-10-16,2018-08-31,1,1,1780,0,1780,1,0,0,0,"Solberg","B","Solberg B"
520,30871,"Ketil Solvik-Olsen","Solvik-Olsen","Ketil",1972,NA,0,"KetilSolvik-Olsen1972",2013-10-16,2018-08-31,1780,41,"Samferdselsdepartementet",8000,"Ministry of Transport and Infrastructure","Samferdselsminister",0,0,"Fremskrittspartiet",2013-10-16,2018-08-31,1,1,1780,0,1780,1,0,0,0,"Solberg","C","Solberg C"
521,30895,"Jøran André Smedal Kallmyr","Kallmyr","Jøran",1978,NA,0,"JøranKallmyr1978",2019-03-29,2020-01-24,301,41,"Justis- og beredskapsdepartementet",13000,"Ministry of Justice","Justis- og innvandringsminister",0,0,"Fremskrittspartiet",2019-03-29,2020-01-24,1,1,301,0,301,1,0,0,1,"Solberg","D","Solberg D"
522,30903,"Ingvild Kjerkol","Kjerkol","Ingvild",1975,NA,1,"IngvildKjerkol1975",2021-10-14,2024-04-19,918,46,"Helse- og omsorgsdepartementet",39000,"Ministry of Health and Social Affairs","Helse- og omsorgsminister",0,0,"Arbeiderpartiet",2021-10-14,2024-04-19,1,1,918,0,918,1,0,0,0,"Støre","A","Støre A"
523,30941,"Kjell Ingolf Ropstad","Ropstad","Kjell",1985,NA,0,"KjellRopstad1985",2019-01-22,2020-05-31,495,34,"Barne- og likestillingsdepartementet",18000,"Ministry of Children and Families","Barne- og familieminister",0,0,"Kristelig Folkeparti",2019-01-22,2020-05-31,1,2,495,0,889,1,0,0,0,"Solberg","D","Solberg D"
523,30941,"Kjell Ingolf Ropstad","Ropstad","Kjell",1985,NA,0,"KjellRopstad1985",2019-01-22,2020-05-31,495,34,"Barne- og likestillingsdepartementet",18000,"Ministry of Children and Families","Barne- og familieminister",0,0,"Kristelig Folkeparti",2019-01-22,2020-05-31,1,2,495,0,889,1,0,0,0,"Solberg","E","Solberg E"
523,30941,"Kjell Ingolf Ropstad","Ropstad","Kjell",1985,NA,0,"KjellRopstad1985",2020-08-22,2021-09-20,394,35,"Barne- og familiedepartementet",18000,"Ministry of Children and Families","Barne- og familieminister",0,0,"Kristelig Folkeparti",2020-08-22,2021-09-20,2,2,394,495,889,1,1,0,0,"Solberg","E","Solberg E"
524,30960,"Helen Oddveig Bjørnøy","Bjørnøy","Helen",1954,NA,1,"HelenBjørnøy1954",2005-10-17,2007-10-17,730,51,"Miljøverndepartementet",20000,"Ministry of Climate and Environment","Miljøvernminister",0,0,"Sosialistisk Venstreparti",2005-10-17,2007-10-17,1,1,730,0,730,0,0,0,0,"Stoltenberg II","A","Stoltenberg II A"
525,31033,"Vidar Helgesen","Helgesen","Vidar",1968,NA,0,"VidarHelgesen1968",2013-10-16,2015-12-15,790,45,"Utenriksdepartementet",4000,"Ministry of Foreign Affairs","Statsråd uten portefølje",0,0,"Høyre",2013-10-16,2018-01-17,1,1,1554,0,1554,0,0,0,1,"Solberg","A","Solberg A"
525,31033,"Vidar Helgesen","Helgesen","Vidar",1968,NA,0,"VidarHelgesen1968",2015-12-16,2018-01-17,763,47,"Klima- og miljødepartementet",20000,"Ministry of Climate and Environment","Klima- og miljøminister",0,0,"Høyre",2013-10-16,2018-01-17,1,1,1554,0,1554,0,0,0,1,"Solberg","A","Solberg A"
525,31033,"Vidar Helgesen","Helgesen","Vidar",1968,NA,0,"VidarHelgesen1968",2015-12-16,2018-01-17,763,47,"Klima- og miljødepartementet",20000,"Ministry of Climate and Environment","Klima- og miljøminister",0,0,"Høyre",2013-10-16,2018-01-17,1,1,1554,0,1554,0,0,0,1,"Solberg","B","Solberg B"
526,31076,"Morten Andreas Meyer","Meyer","Morten",1959,NA,0,"MortenMeyer1959",2004-03-08,2004-06-17,101,45,"Arbeids- og administrasjonsdepartementet",29000,"Ministry of Labor","Arbeids og administrasjonsminister",0,0,"Høyre",2004-03-08,2005-10-16,1,1,587,0,587,0,0,0,1,"Bondevik II","A","Bondevik II"
526,31076,"Morten Andreas Meyer","Meyer","Morten",1959,NA,0,"MortenMeyer1959",2004-06-18,2004-09-30,104,45,"Arbeids- og administrasjonsdepartementet",29000,"Ministry of Labor","Moderniseringsminister",0,0,"Høyre",2004-03-08,2005-10-16,1,1,587,0,587,0,0,0,1,"Bondevik II","A","Bondevik II"
526,31076,"Morten Andreas Meyer","Meyer","Morten",1959,NA,0,"MortenMeyer1959",2004-10-01,2005-10-16,380,45,"Moderniseringsdepartementet",40000,"Ministry of Public Governance","Moderniseringsminister",0,0,"Høyre",2004-03-08,2005-10-16,1,1,587,0,587,0,0,0,1,"Bondevik II","A","Bondevik II"
527,31092,"Tore Onshuus Sandvik","Sandvik","Tore",1969,NA,0,"ToreSandvik1969",2024-09-02,2024-12-31,120,55,"Klima- og miljødepartementet",20000,"Ministry of Climate and Environment","Klima- og miljøminister",0,0,"Arbeiderpartiet",2024-09-02,2024-12-31,1,2,120,0,707,0,0,1,1,"Støre","A","Støre A"
527,31092,"Tore Onshuus Sandvik","Sandvik","Tore",1969,NA,0,"ToreSandvik1969",2025-02-04,NA,587,56,"Forsvarsdepartementet",5000,"Ministry of Defense","Forsvarsminister",0,0,"Arbeiderpartiet",2025-02-04,NA,2,2,587,120,707,0,1,1,1,"Støre","B","Støre B"
527,31092,"Tore Onshuus Sandvik","Sandvik","Tore",1969,NA,0,"ToreSandvik1969",2025-02-04,NA,587,56,"Forsvarsdepartementet",5000,"Ministry of Defense","Forsvarsminister",0,0,"Arbeiderpartiet",2025-02-04,NA,2,2,587,120,707,0,1,1,1,"Støre","C","Støre C"
528,31096,"Astri Aas-Hansen","Aas-Hansen","Astri",1970,NA,1,"AstriAas-Hansen1970",2025-02-04,NA,587,55,"Justis- og beredskapsdepartementet",13000,"Ministry of Justice","Justis- og beredskapsminister",0,0,"Arbeiderpartiet",2025-02-04,NA,1,1,587,0,587,0,0,1,1,"Støre","B","Støre B"
528,31096,"Astri Aas-Hansen","Aas-Hansen","Astri",1970,NA,1,"AstriAas-Hansen1970",2025-02-04,NA,587,55,"Justis- og beredskapsdepartementet",13000,"Ministry of Justice","Justis- og beredskapsminister",0,0,"Arbeiderpartiet",2025-02-04,NA,1,1,587,0,587,0,0,1,1,"Støre","C","Støre C"
529,31226,"Hans Georg Jacob Stang","Stang","Hans",1858,1907,0,"HansStang1858",1900-11-06,1902-04-20,530,42,"Forsvarsdepartementet",5000,"Ministry of Defense","Forsvarsminister",0,0,"Venstre",1900-11-06,1903-06-08,1,1,944,0,944,0,0,0,0,"Steen II","B","Steen II B"
529,31226,"Hans Georg Jacob Stang","Stang","Hans",1858,1907,0,"HansStang1858",1902-04-21,1903-06-08,413,44,"Forsvarsdepartementet",5000,"Ministry of Defense","Forsvarsminister",0,0,"Venstre",1900-11-06,1903-06-08,1,1,944,0,944,0,0,0,0,"Blehr I","A","Blehr I"
530,31230,"Manuela Myriam Henri Ramin-Osmundsen","Ramin-Osmundsen","Manuela",1963,NA,1,"ManuelaRamin-Osmundsen1963",2007-10-18,2008-02-14,119,44,"Barne- og likestillingsdepartementet",18000,"Ministry of Children and Families","Barne- og likestillingsminister",0,0,"Arbeiderpartiet",2007-10-18,2008-02-14,1,1,119,0,119,0,0,0,0,"Stoltenberg II","A","Stoltenberg II A"
531,31246,"Hanne Inger Bjurstrøm","Bjurstrøm","Hanne",1960,NA,1,"HanneBjurstrøm1960",2010-01-01,2012-09-21,994,50,"Arbeidsdepartementet",41000,"Ministry of Labor","Arbeidsminister",0,0,"Arbeiderpartiet",2010-01-01,2012-09-21,1,1,994,0,994,0,0,0,0,"Stoltenberg II","B","Stoltenberg II B"
532,31300,"Jonas Gahr Støre","Støre","Jonas",1960,NA,0,"JonasStøre1960",2005-10-17,2012-09-21,2531,45,"Utenriksdepartementet",4000,"Ministry of Foreign Affairs","Utenriksminister",0,0,"Arbeiderpartiet",2005-10-17,2013-10-15,1,2,2920,0,4716,0,0,0,1,"Stoltenberg II","A","Stoltenberg II A"
532,31300,"Jonas Gahr Støre","Støre","Jonas",1960,NA,0,"JonasStøre1960",2005-10-17,2012-09-21,2531,45,"Utenriksdepartementet",4000,"Ministry of Foreign Affairs","Utenriksminister",0,0,"Arbeiderpartiet",2005-10-17,2013-10-15,1,2,2920,0,4716,0,0,0,1,"Stoltenberg II","B","Stoltenberg II B"
532,31300,"Jonas Gahr Støre","Støre","Jonas",1960,NA,0,"JonasStøre1960",2012-09-21,2013-10-15,389,52,"Helse- og omsorgsdepartementet",39000,"Ministry of Health and Social Affairs","Helse- og omsorgsminister",0,0,"Arbeiderpartiet",2005-10-17,2013-10-15,1,2,2920,0,4716,1,0,0,1,"Stoltenberg II","B","Stoltenberg II B"
532,31300,"Jonas Gahr Støre","Støre","Jonas",1960,NA,0,"JonasStøre1960",2021-10-14,NA,1796,61,"Statsministerens kontor",100,"Prime Minister's Office","Statsminister",0,0,"Arbeiderpartiet",2021-10-14,NA,2,2,1796,2920,4716,1,1,0,1,"Støre","A","Støre A"
532,31300,"Jonas Gahr Støre","Støre","Jonas",1960,NA,0,"JonasStøre1960",2021-10-14,NA,1796,61,"Statsministerens kontor",100,"Prime Minister's Office","Statsminister",0,0,"Arbeiderpartiet",2021-10-14,NA,2,2,1796,2920,4716,1,1,0,1,"Støre","B","Støre B"
532,31300,"Jonas Gahr Støre","Støre","Jonas",1960,NA,0,"JonasStøre1960",2021-10-14,NA,1796,61,"Statsministerens kontor",100,"Prime Minister's Office","Statsminister",0,0,"Arbeiderpartiet",2021-10-14,NA,2,2,1796,2920,4716,1,1,0,1,"Støre","C","Støre C"
533,31301,"Helga Pedersen","Pedersen","Helga",1973,NA,1,"HelgaPedersen1973",2005-10-17,2009-10-20,1464,32,"Fiskeri- og kystdepartementet",6000,"Ministry of Fisheries","Fiskeri- og kystminister",0,0,"Arbeiderpartiet",2005-10-17,2009-10-20,1,1,1464,0,1464,0,0,1,0,"Stoltenberg II","A","Stoltenberg II A"
533,31301,"Helga Pedersen","Pedersen","Helga",1973,NA,1,"HelgaPedersen1973",2005-10-17,2009-10-20,1464,32,"Fiskeri- og kystdepartementet",6000,"Ministry of Fisheries","Fiskeri- og kystminister",0,0,"Arbeiderpartiet",2005-10-17,2009-10-20,1,1,1464,0,1464,0,0,1,0,"Stoltenberg II","B","Stoltenberg II B"
534,31302,"Bård Vegar Solhjell","Solhjell","Bård",1971,NA,0,"BårdSolhjell1971",2007-10-18,2009-10-20,733,36,"Kunnskapsdepartementet",35000,"Ministry of Education","Kunnskapsminister",0,0,"Sosialistisk Venstreparti",2007-10-18,2009-10-20,1,2,733,0,1304,0,0,0,1,"Stoltenberg II","A","Stoltenberg II A"
534,31302,"Bård Vegar Solhjell","Solhjell","Bård",1971,NA,0,"BårdSolhjell1971",2007-10-18,2009-10-20,733,36,"Kunnskapsdepartementet",35000,"Ministry of Education","Kunnskapsminister",0,0,"Sosialistisk Venstreparti",2007-10-18,2009-10-20,1,2,733,0,1304,0,0,0,1,"Stoltenberg II","B","Stoltenberg II B"
534,31302,"Bård Vegar Solhjell","Solhjell","Bård",1971,NA,0,"BårdSolhjell1971",2012-03-23,2013-10-15,571,41,"Miljøverndepartementet",20000,"Ministry of Climate and Environment","Miljøvernminister",0,0,"Sosialistisk Venstreparti",2012-03-23,2013-10-15,2,2,571,733,1304,1,1,0,1,"Stoltenberg II","B","Stoltenberg II B"
535,31307,"Abid Q. Raja","Raja","Abid",1975,NA,0,"AbidRaja1975",2020-01-24,2021-10-14,629,45,"Kulturdepartementet",34000,"Ministry of Culture","Kultur- og likestillingsminister",0,0,"Venstre",2020-01-24,2021-10-14,1,1,629,0,629,1,0,0,0,"Solberg","E","Solberg E"
536,31391,"Frank Bakke-Jensen","Bakke-Jensen","Frank",1965,NA,0,"FrankBakke-Jensen1965",2016-12-20,2017-10-20,304,51,"Utenriksdepartementet",4000,"Ministry of Foreign Affairs","EØS- og EU-minister",0,0,"Høyre",2016-12-20,2021-10-14,1,1,1759,0,1759,1,0,0,0,"Solberg","A","Solberg A"
536,31391,"Frank Bakke-Jensen","Bakke-Jensen","Frank",1965,NA,0,"FrankBakke-Jensen1965",2016-12-20,2017-10-20,304,51,"Utenriksdepartementet",4000,"Ministry of Foreign Affairs","EØS- og EU-minister",0,0,"Høyre",2016-12-20,2021-10-14,1,1,1759,0,1759,1,0,0,0,"Solberg","B","Solberg B"
536,31391,"Frank Bakke-Jensen","Bakke-Jensen","Frank",1965,NA,0,"FrankBakke-Jensen1965",2017-10-20,2021-10-14,1455,52,"Forsvarsdepartementet",5000,"Ministry of Defense","Forsvarsminister",0,0,"Høyre",2016-12-20,2021-10-14,1,1,1759,0,1759,1,0,0,0,"Solberg","B","Solberg B"
536,31391,"Frank Bakke-Jensen","Bakke-Jensen","Frank",1965,NA,0,"FrankBakke-Jensen1965",2017-10-20,2021-10-14,1455,52,"Forsvarsdepartementet",5000,"Ministry of Defense","Forsvarsminister",0,0,"Høyre",2016-12-20,2021-10-14,1,1,1759,0,1759,1,0,0,0,"Solberg","C","Solberg C"
536,31391,"Frank Bakke-Jensen","Bakke-Jensen","Frank",1965,NA,0,"FrankBakke-Jensen1965",2017-10-20,2021-10-14,1455,52,"Forsvarsdepartementet",5000,"Ministry of Defense","Forsvarsminister",0,0,"Høyre",2016-12-20,2021-10-14,1,1,1759,0,1759,1,0,0,0,"Solberg","D","Solberg D"
536,31391,"Frank Bakke-Jensen","Bakke-Jensen","Frank",1965,NA,0,"FrankBakke-Jensen1965",2017-10-20,2021-10-14,1455,52,"Forsvarsdepartementet",5000,"Ministry of Defense","Forsvarsminister",0,0,"Høyre",2016-12-20,2021-10-14,1,1,1759,0,1759,1,0,0,0,"Solberg","E","Solberg E"
537,31422,"Henrik Asheim","Asheim","Henrik",1983,NA,0,"HenrikAsheim1983",2017-09-15,2017-11-26,72,34,"Kunnskapsdepartementet",35000,"Ministry of Education","Kunnskapsminister",0,0,"Høyre",2017-09-15,2017-11-26,1,2,72,0,701,1,0,0,0,"Solberg","A","Solberg A"
537,31422,"Henrik Asheim","Asheim","Henrik",1983,NA,0,"HenrikAsheim1983",2017-09-15,2017-11-26,72,34,"Kunnskapsdepartementet",35000,"Ministry of Education","Kunnskapsminister",0,0,"Høyre",2017-09-15,2017-11-26,1,2,72,0,701,1,0,0,0,"Solberg","B","Solberg B"
537,31422,"Henrik Asheim","Asheim","Henrik",1983,NA,0,"HenrikAsheim1983",2020-10-01,2021-01-13,104,37,"Arbeids- og sosialdepartementet",41000,"Ministry of Labor","Bestyrende arbeids- og sosialminister",1,1,"Høyre",2020-01-24,2021-10-14,2,2,629,72,701,1,1,0,0,"Solberg","E","Solberg E"
537,31422,"Henrik Asheim","Asheim","Henrik",1983,NA,0,"HenrikAsheim1983",2020-01-24,2021-10-14,629,37,"Kunnskapsdepartementet",35000,"Ministry of Education","Forsknings- og høyere utdanningsminister",0,0,"Høyre",2020-01-24,2021-10-14,2,2,629,72,701,1,1,0,0,"Solberg","E","Solberg E"
538,31440,"Hadia Tajik","Tajik","Hadia",1983,NA,1,"HadiaTajik1983",2012-09-21,2013-10-15,389,29,"Kulturdepartementet",34000,"Ministry of Culture","Kulturminister",0,0,"Arbeiderpartiet",2012-09-21,2013-10-15,1,2,389,0,530,1,0,1,0,"Stoltenberg II","B","Stoltenberg II B"
538,31440,"Hadia Tajik","Tajik","Hadia",1983,NA,1,"HadiaTajik1983",2021-10-14,2022-03-04,141,38,"Arbeids- og sosialdepartementet",41000,"Ministry of Labor","Arbeids- og inkluderingsminister",0,0,"Arbeiderpartiet",2021-10-14,2022-03-04,2,2,141,389,530,1,1,1,0,"Støre","A","Støre A"
539,31460,"Jon Georg Dale","Dale","Jon",1984,NA,0,"JonDale1984",2015-12-16,2018-08-31,989,31,"Landbruks- og matdepartementet",19000,"Ministry of Agriculture and Food","Landbruks- og matminister",0,0,"Fremskrittspartiet",2015-12-16,2020-01-24,1,1,1500,0,1500,1,0,0,1,"Solberg","A","Solberg A"
539,31460,"Jon Georg Dale","Dale","Jon",1984,NA,0,"JonDale1984",2015-12-16,2018-08-31,989,31,"Landbruks- og matdepartementet",19000,"Ministry of Agriculture and Food","Landbruks- og matminister",0,0,"Fremskrittspartiet",2015-12-16,2020-01-24,1,1,1500,0,1500,1,0,0,1,"Solberg","B","Solberg B"
539,31460,"Jon Georg Dale","Dale","Jon",1984,NA,0,"JonDale1984",2015-12-16,2018-08-31,989,31,"Landbruks- og matdepartementet",19000,"Ministry of Agriculture and Food","Landbruks- og matminister",0,0,"Fremskrittspartiet",2015-12-16,2020-01-24,1,1,1500,0,1500,1,0,0,1,"Solberg","C","Solberg C"
539,31460,"Jon Georg Dale","Dale","Jon",1984,NA,0,"JonDale1984",2019-03-15,2019-03-29,14,35,"Justis- og beredskapsdepartementet",13000,"Ministry of Justice","Justis- og innvandringsminister",0,1,"Fremskrittspartiet",2015-12-16,2020-01-24,1,1,1500,0,1500,1,0,0,1,"Solberg","D","Solberg D"
539,31460,"Jon Georg Dale","Dale","Jon",1984,NA,0,"JonDale1984",2018-08-31,2020-01-24,511,34,"Samferdselsdepartementet",8000,"Ministry of Transport and Infrastructure","Samferdselsminister",0,0,"Fremskrittspartiet",2015-12-16,2020-01-24,1,1,1500,0,1500,1,0,0,1,"Solberg","C","Solberg C"
539,31460,"Jon Georg Dale","Dale","Jon",1984,NA,0,"JonDale1984",2018-08-31,2020-01-24,511,34,"Samferdselsdepartementet",8000,"Ministry of Transport and Infrastructure","Samferdselsminister",0,0,"Fremskrittspartiet",2015-12-16,2020-01-24,1,1,1500,0,1500,1,0,0,1,"Solberg","D","Solberg D"
540,31478,"Kjersti Toppe","Toppe","Kjersti",1967,NA,1,"KjerstiToppe1967",2021-10-14,2025-02-04,1209,54,"Barne- og familiedepartementet",18000,"Ministry of Children and Families","Barne- og familieminister",0,0,"Senterpartiet",2021-10-14,2025-02-04,1,1,1209,0,1209,1,0,0,0,"Støre","A","Støre A"
541,31496,"Lubna Jaffery","Jaffery","Lubna",1980,NA,1,"LubnaJaffery1980",2023-06-28,NA,1174,43,"Kulturdepartementet",34000,"Ministry of Culture","Kultur- og likestillingsminsiter",0,0,"Arbeiderpartiet",2023-06-28,NA,1,1,1174,0,1174,1,0,1,1,"Støre","A","Støre A"
541,31496,"Lubna Jaffery","Jaffery","Lubna",1980,NA,1,"LubnaJaffery1980",2023-06-28,NA,1174,43,"Kulturdepartementet",34000,"Ministry of Culture","Kultur- og likestillingsminsiter",0,0,"Arbeiderpartiet",2023-06-28,NA,1,1,1174,0,1174,1,0,1,1,"Støre","B","Støre B"
541,31496,"Lubna Jaffery","Jaffery","Lubna",1980,NA,1,"LubnaJaffery1980",2023-06-28,NA,1174,43,"Kulturdepartementet",34000,"Ministry of Culture","Kultur- og likestillingsminsiter",0,0,"Arbeiderpartiet",2023-06-28,NA,1,1,1174,0,1174,1,0,1,1,"Støre","C","Støre C"
542,31509,"Lene Vågslid","Vågslid","Lene",1986,NA,1,"LeneVågslid1986",2025-02-04,NA,587,39,"Barne- og familiedepartementet",18000,"Ministry of Children and Families","Barne- og familieminister",0,0,"Arbeiderpartiet",2025-02-04,NA,1,1,587,0,587,1,0,0,0,"Støre","B","Støre B"
542,31509,"Lene Vågslid","Vågslid","Lene",1986,NA,1,"LeneVågslid1986",2025-02-04,NA,587,39,"Barne- og familiedepartementet",18000,"Ministry of Children and Families","Barne- og familieminister",0,0,"Arbeiderpartiet",2025-02-04,NA,1,1,587,0,587,1,0,0,0,"Støre","C","Støre C"
543,31551,"Olaug Vervik Bollestad","Bollestad","Olaug",1961,NA,1,"OlaugBollestad1961",2019-01-22,2021-10-14,996,58,"Landbruks- og matdepartementet",19000,"Ministry of Agriculture and Food","Landbruks- og matminister",0,0,"Kristelig Folkeparti",2019-01-22,2021-10-14,1,1,996,0,996,1,0,0,0,"Solberg","D","Solberg D"
543,31551,"Olaug Vervik Bollestad","Bollestad","Olaug",1961,NA,1,"OlaugBollestad1961",2019-01-22,2021-10-14,996,58,"Landbruks- og matdepartementet",19000,"Ministry of Agriculture and Food","Landbruks- og matminister",0,0,"Kristelig Folkeparti",2019-01-22,2021-10-14,1,1,996,0,996,1,0,0,0,"Solberg","E","Solberg E"
543,31551,"Olaug Vervik Bollestad","Bollestad","Olaug",1961,NA,1,"OlaugBollestad1961",2021-09-20,2021-10-14,24,60,"Barne- og familiedepartementet",18000,"Ministry of Children and Families","Barne- og familieminister",0,0,"Kristelig Folkeparti",2019-01-22,2021-10-14,1,1,996,0,996,1,0,0,0,"Solberg","E","Solberg E"
544,31587,"Sandra Konstance Nygård Borch","Borch","Sandra",1988,NA,1,"SandraBorch1988",2021-10-14,2023-10-16,732,33,"Landbruks- og matdepartementet",19000,"Ministry of Agriculture and Food","Landbruks- og matminister",0,0,"Senterpartiet",2021-10-14,2024-01-23,1,1,831,0,831,1,0,0,0,"Støre","A","Støre A"
544,31587,"Sandra Konstance Nygård Borch","Borch","Sandra",1988,NA,1,"SandraBorch1988",2023-10-16,2024-01-23,99,35,"Kunnskapsdepartementet",35000,"Ministry of Education","Forsknings- og høyere utdanningsminister",0,0,"Senterpartiet",2021-10-14,2024-01-23,1,1,831,0,831,1,0,0,0,"Støre","A","Støre A"
545,31610,"Tina Bru","Bru","Tina",1986,NA,1,"TinaBru1986",2020-01-24,2021-10-14,629,34,"Olje- og energidepartementet",31000,"Ministry of Oil and Energy","Olje- og energiminister",0,0,"Høyre",2020-01-24,2021-10-14,1,1,629,0,629,1,0,0,0,"Solberg","E","Solberg E"
546,31642,"Åsmund Aukrust","Aukrust","Åsmund",1985,NA,0,"ÅsmundAukrust1985",2025-02-04,NA,587,40,"Utenriksdepartementet",4000,"Ministry of Foreign Affairs","Utviklingsminister",0,0,"Arbeiderpartiet",2025-02-04,NA,1,1,587,0,587,1,0,1,0,"Støre","B","Støre B"
546,31642,"Åsmund Aukrust","Aukrust","Åsmund",1985,NA,0,"ÅsmundAukrust1985",2025-02-04,NA,587,40,"Utenriksdepartementet",4000,"Ministry of Foreign Affairs","Utviklingsminister",0,0,"Arbeiderpartiet",2025-02-04,NA,1,1,587,0,587,1,0,1,0,"Støre","C","Støre C"
547,31643,"Anne Beathe Kristiansen Tvinnereim","Tvinnereim","Anne",1974,NA,1,"AnneTvinnereim1974",2021-10-14,2025-02-04,1209,47,"Utenriksdepartementet",4000,"Ministry of Foreign Affairs","Utviklingsminister",0,0,"Senterpartiet",2021-10-14,2025-02-04,1,1,1209,0,1209,0,0,1,1,"Støre","A","Støre A"
548,31648,"Kjersti Stenseng","Stenseng","Kjersti",1974,NA,1,"KjerstiStenseng1974",2025-02-04,2025-09-16,224,51,"Kommunal- og distriktsdepartementet",9000,"Ministry of Local Government","Kommunal- og distriktsminister",0,0,"Arbeiderpartiet",2025-02-04,NA,1,1,587,0,587,1,0,1,1,"Støre","B","Støre B"
548,31648,"Kjersti Stenseng","Stenseng","Kjersti",1974,NA,1,"KjerstiStenseng1974",2025-02-04,2025-09-16,224,51,"Kommunal- og distriktsdepartementet",9000,"Ministry of Local Government","Kommunal- og distriktsminister",0,0,"Arbeiderpartiet",2025-02-04,NA,1,1,587,0,587,1,0,1,1,"Støre","C","Støre C"
548,31648,"Kjersti Stenseng","Stenseng","Kjersti",1974,NA,1,"KjerstiStenseng1974",2025-09-16,NA,363,51,"Arbeids- og inkluderingsdepartementet",41000,"Ministry of Labor","Arbeids- og inkluderingsminister",0,0,"Arbeiderpartiet",2025-02-04,NA,1,1,587,0,587,1,0,1,1,"Støre","C","Støre C"
549,31909,"Guri Melby","Melby","Guri",1981,NA,1,"GuriMelby1981",2020-03-13,2021-10-14,580,39,"Kunnskapsdepartementet",35000,"Ministry of Education","Kunnskaps- og integreringsminister",0,0,"Venstre",2020-03-13,2021-10-14,1,1,580,0,580,1,0,0,0,"Solberg","E","Solberg E"
550,31931,"Iselin Nybø","Nybø","Iselin",1981,NA,1,"IselinNybø1981",2018-01-17,2020-01-24,737,37,"Kunnskapsdepartementet",35000,"Ministry of Education","Forsknings- og høyere utdanningsminister",0,0,"Venstre",2018-01-17,2021-10-14,1,1,1366,0,1366,1,0,0,0,"Solberg","C","Solberg C"
550,31931,"Iselin Nybø","Nybø","Iselin",1981,NA,1,"IselinNybø1981",2018-01-17,2020-01-24,737,37,"Kunnskapsdepartementet",35000,"Ministry of Education","Forsknings- og høyere utdanningsminister",0,0,"Venstre",2018-01-17,2021-10-14,1,1,1366,0,1366,1,0,0,0,"Solberg","D","Solberg D"
550,31931,"Iselin Nybø","Nybø","Iselin",1981,NA,1,"IselinNybø1981",2020-01-24,2021-10-14,629,39,"Nærings- og fiskeridepartementet",57170,"Ministry of Trade and Industry","Næringsminister",0,0,"Venstre",2018-01-17,2021-10-14,1,1,1366,0,1366,1,0,0,0,"Solberg","E","Solberg E"
551,31933,"Jon-Ivar Nygård","Nygård","Jon-Ivar",1973,NA,0,"Jon-IvarNygård1973",2021-10-14,2026-09-11,1793,48,"Samferdselsdepartementet",8000,"Ministry of Transport and Infrastructure","Samferdselsminister",0,0,"Arbeiderpartiet",2021-10-14,2026-09-11,1,1,1793,0,1793,1,0,0,0,"Støre","A","Støre A"
551,31933,"Jon-Ivar Nygård","Nygård","Jon-Ivar",1973,NA,0,"Jon-IvarNygård1973",2021-10-14,2026-09-11,1793,48,"Samferdselsdepartementet",8000,"Ministry of Transport and Infrastructure","Samferdselsminister",0,0,"Arbeiderpartiet",2021-10-14,2026-09-11,1,1,1793,0,1793,1,0,0,0,"Støre","B","Støre B"
551,31933,"Jon-Ivar Nygård","Nygård","Jon-Ivar",1973,NA,0,"Jon-IvarNygård1973",2021-10-14,2026-09-11,1793,48,"Samferdselsdepartementet",8000,"Ministry of Transport and Infrastructure","Samferdselsminister",0,0,"Arbeiderpartiet",2021-10-14,2026-09-11,1,1,1793,0,1793,1,0,0,0,"Støre","C","Støre C"
552,31959,"Sveinung Rotevatn","Rotevatn","Sveinung",1987,NA,0,"SveinungRotevatn1987",2020-01-24,2021-10-14,629,33,"Klima- og miljødepartementet",20000,"Ministry of Climate and Environment","Klima- og miljøminister",0,0,"Venstre",2020-01-24,2021-10-14,1,1,629,0,629,1,0,0,1,"Solberg","E","Solberg E"
553,32016,"Karianne Oldernes Tung","Tung","Karianne",1984,NA,1,"KarianneTung1984",2023-10-16,2023-12-31,76,39,"Kommunal- og distriktsdepartementet",9000,"Ministry of Local Government","Digitaliserings- og forvaltningsminister",0,0,"Arbeiderpartiet",2023-10-16,2026-09-11,1,1,1061,0,1061,1,0,0,0,"Støre","A","Støre A"
553,32016,"Karianne Oldernes Tung","Tung","Karianne",1984,NA,1,"KarianneTung1984",2024-01-01,2026-09-11,984,40,"Digitaliserings- og forvaltningsdepartementet",57905,"Ministry of Public Governance","Digitaliserings- og forvaltningsminister",0,0,"Arbeiderpartiet",2023-10-16,2026-09-11,1,1,1061,0,1061,1,0,0,0,"Støre","A","Støre A"
553,32016,"Karianne Oldernes Tung","Tung","Karianne",1984,NA,1,"KarianneTung1984",2024-01-01,2026-09-11,984,40,"Digitaliserings- og forvaltningsdepartementet",57905,"Ministry of Public Governance","Digitaliserings- og forvaltningsminister",0,0,"Arbeiderpartiet",2023-10-16,2026-09-11,1,1,1061,0,1061,1,0,0,0,"Støre","B","Støre B"
553,32016,"Karianne Oldernes Tung","Tung","Karianne",1984,NA,1,"KarianneTung1984",2024-01-01,2026-09-11,984,40,"Digitaliserings- og forvaltningsdepartementet",57905,"Ministry of Public Governance","Digitaliserings- og forvaltningsminister",0,0,"Arbeiderpartiet",2023-10-16,2026-09-11,1,1,1061,0,1061,1,0,0,0,"Støre","C","Støre C"
554,32051,"Anniken Hauglie","Hauglie","Anniken",1972,NA,1,"AnnikenHauglie1972",2015-12-16,2020-01-24,1500,43,"Arbeids- og sosialdepartementet",41000,"Ministry of Labor","Arbeids- og sosialminister",0,0,"Høyre",2015-12-16,2020-01-24,1,1,1500,0,1500,0,0,1,0,"Solberg","A","Solberg A"
554,32051,"Anniken Hauglie","Hauglie","Anniken",1972,NA,1,"AnnikenHauglie1972",2015-12-16,2020-01-24,1500,43,"Arbeids- og sosialdepartementet",41000,"Ministry of Labor","Arbeids- og sosialminister",0,0,"Høyre",2015-12-16,2020-01-24,1,1,1500,0,1500,0,0,1,0,"Solberg","B","Solberg B"
554,32051,"Anniken Hauglie","Hauglie","Anniken",1972,NA,1,"AnnikenHauglie1972",2015-12-16,2020-01-24,1500,43,"Arbeids- og sosialdepartementet",41000,"Ministry of Labor","Arbeids- og sosialminister",0,0,"Høyre",2015-12-16,2020-01-24,1,1,1500,0,1500,0,0,1,0,"Solberg","C","Solberg C"
554,32051,"Anniken Hauglie","Hauglie","Anniken",1972,NA,1,"AnnikenHauglie1972",2015-12-16,2020-01-24,1500,43,"Arbeids- og sosialdepartementet",41000,"Ministry of Labor","Arbeids- og sosialminister",0,0,"Høyre",2015-12-16,2020-01-24,1,1,1500,0,1500,0,0,1,0,"Solberg","D","Solberg D"
555,32057,"Ingvil Smines Tybring-Gjedde","Tybring-Gjedde","Ingvil",1965,NA,1,"IngvilTybring-Gjedde1965",2019-01-22,2020-01-24,367,54,"Justis- og beredskapsdepartementet",13000,"Ministry of Justice","Samfunnssikkerhetsminister",0,0,"Fremskrittspartiet",2019-01-22,2020-01-24,1,1,367,0,367,0,0,0,1,"Solberg","D","Solberg D"
556,40073,"Cecilie Myrseth","Myrseth","Cecilie",1984,NA,1,"CecilieMyrseth1984",2023-10-16,2024-04-19,186,39,"Nærings- og fiskeridepartementet",57170,"Ministry of Trade and Industry","Fiskeri- og havminister",0,0,"Arbeiderpartiet",2023-10-16,NA,1,1,1064,0,1064,1,0,0,0,"Støre","A","Støre A"
556,40073,"Cecilie Myrseth","Myrseth","Cecilie",1984,NA,1,"CecilieMyrseth1984",2024-04-19,NA,878,40,"Nærings- og fiskeridepartementet",57170,"Ministry of Trade and Industry","Næringsminister",0,0,"Arbeiderpartiet",2023-10-16,NA,1,1,1064,0,1064,1,0,0,0,"Støre","A","Støre A"
556,40073,"Cecilie Myrseth","Myrseth","Cecilie",1984,NA,1,"CecilieMyrseth1984",2024-04-19,NA,878,40,"Nærings- og fiskeridepartementet",57170,"Ministry of Trade and Industry","Næringsminister",0,0,"Arbeiderpartiet",2023-10-16,NA,1,1,1064,0,1064,1,0,0,0,"Støre","B","Støre B"
556,40073,"Cecilie Myrseth","Myrseth","Cecilie",1984,NA,1,"CecilieMyrseth1984",2024-04-19,NA,878,40,"Nærings- og fiskeridepartementet",57170,"Ministry of Trade and Industry","Næringsminister",0,0,"Arbeiderpartiet",2023-10-16,NA,1,1,1064,0,1064,1,0,0,0,"Støre","C","Støre C"
557,40076,"Dag Inge Ulstein","Ulstein","Dag",1980,NA,0,"DagUlstein1980",2019-01-22,2021-10-14,996,39,"Utenriksdepartementet",4000,"Ministry of Foreign Affairs","Utviklingsminister",0,0,"Kristelig Folkeparti",2019-01-22,2021-10-14,1,1,996,0,996,1,0,0,0,"Solberg","D","Solberg D"
557,40076,"Dag Inge Ulstein","Ulstein","Dag",1980,NA,0,"DagUlstein1980",2019-01-22,2021-10-14,996,39,"Utenriksdepartementet",4000,"Ministry of Foreign Affairs","Utviklingsminister",0,0,"Kristelig Folkeparti",2019-01-22,2021-10-14,1,1,996,0,996,1,0,0,0,"Solberg","E","Solberg E"
558,40081,"Emilie Enger Mehl","Mehl","Emilie",1993,NA,1,"EmilieMehl1993",2021-10-14,2025-02-04,1209,28,"Justis- og beredskapsdepartementet",13000,"Ministry of Justice","Justis- og beredskapsminister",0,0,"Senterpartiet",2021-10-14,2025-02-04,1,1,1209,0,1209,1,0,0,0,"Støre","A","Støre A"
559,40167,"Kjell-Børge Freiberg","Freiberg","Kjell-Børge",1971,NA,0,"Kjell-BørgeFreiberg1971",2018-08-31,2019-12-18,474,47,"Olje- og energidepartementet",31000,"Ministry of Oil and Energy","Olje- og energiminister",0,0,"Fremskrittspartiet",2018-08-31,2019-12-18,1,1,474,0,474,1,0,0,1,"Solberg","C","Solberg C"
559,40167,"Kjell-Børge Freiberg","Freiberg","Kjell-Børge",1971,NA,0,"Kjell-BørgeFreiberg1971",2018-08-31,2019-12-18,474,47,"Olje- og energidepartementet",31000,"Ministry of Oil and Energy","Olje- og energiminister",0,0,"Fremskrittspartiet",2018-08-31,2019-12-18,1,1,474,0,474,1,0,0,1,"Solberg","D","Solberg D"
560,40249,"Nils Kristen Sandtrøen","Sandtrøen","Nils",1989,NA,0,"NilsSandtrøen1989",2025-02-04,NA,587,36,"Landbruks- og matdepartementet",19000,"Ministry of Agriculture and Food","Landbruks- og matminister",0,0,"Arbeiderpartiet",2025-02-04,NA,1,1,587,0,587,1,0,0,0,"Støre","B","Støre B"
560,40249,"Nils Kristen Sandtrøen","Sandtrøen","Nils",1989,NA,0,"NilsSandtrøen1989",2025-02-04,NA,587,36,"Landbruks- og matdepartementet",19000,"Ministry of Agriculture and Food","Landbruks- og matminister",0,0,"Arbeiderpartiet",2025-02-04,NA,1,1,587,0,587,1,0,0,0,"Støre","C","Støre C"
561,40301,"Sigbjørn Gjelsvik","Gjelsvik","Sigbjørn",1974,NA,0,"SigbjørnGjelsvik1974",2022-04-12,2023-10-16,552,48,"Kommunal- og distriktsdepartementet",9000,"Ministry of Local Government","Kommunal- og distriktsminister",0,0,"Senterpartiet",2022-04-12,2023-10-16,1,1,552,0,552,1,0,0,0,"Støre","A","Støre A"
562,40344,"Tonje Brenna","Brenna","Tonje",1987,NA,1,"TonjeBrenna1987",2021-10-14,2023-10-16,732,34,"Kunnskapsdepartementet",35000,"Ministry of Education","Kunnskapsminister",0,0,"Arbeiderpartiet",2021-10-14,2025-09-16,1,1,1433,0,1433,1,0,1,0,"Støre","A","Støre A"
562,40344,"Tonje Brenna","Brenna","Tonje",1987,NA,1,"TonjeBrenna1987",2023-10-16,2025-09-16,701,36,"Arbeids- og inkluderingsdepartementet",41000,"Ministry of Labor","Arbeids- og inkluderingsminister",0,0,"Arbeiderpartiet",2021-10-14,2025-09-16,1,1,1433,0,1433,1,0,1,0,"Støre","A","Støre A"
562,40344,"Tonje Brenna","Brenna","Tonje",1987,NA,1,"TonjeBrenna1987",2023-10-16,2025-09-16,701,36,"Arbeids- og inkluderingsdepartementet",41000,"Ministry of Labor","Arbeids- og inkluderingsminister",0,0,"Arbeiderpartiet",2021-10-14,2025-09-16,1,1,1433,0,1433,1,0,1,0,"Støre","B","Støre B"
562,40344,"Tonje Brenna","Brenna","Tonje",1987,NA,1,"TonjeBrenna1987",2023-10-16,2025-09-16,701,36,"Arbeids- og inkluderingsdepartementet",41000,"Ministry of Labor","Arbeids- og inkluderingsminister",0,0,"Arbeiderpartiet",2021-10-14,2025-09-16,1,1,1433,0,1433,1,0,1,0,"Støre","C","Støre C"
563,46016,"Ida Lindtveit Røse","Røse","Ida",1992,NA,1,"IdaRøse1992",2020-06-01,2020-08-21,81,28,"Barne- og familiedepartementet",18000,"Ministry of Children and Families","Konstituert barne- og familieminister",1,0,"Kristelig Folkeparti",2020-06-01,2020-08-21,1,1,81,0,81,0,0,0,0,"Solberg","E","Solberg E"
564,46089,"Bjørnar Selnes Skjæran","Skjæran","Bjørnar",1966,NA,0,"BjørnarSkjæran1966",2022-03-04,2022-03-07,3,56,"Arbeids- og sosialdepartementet",41000,"Ministry of Labor","Arbeids- og inkluderingsminister",0,1,"Arbeiderpartiet",2021-10-14,2023-10-16,1,2,732,0,1095,1,0,0,0,"Støre","A","Støre A"
564,46089,"Bjørnar Selnes Skjæran","Skjæran","Bjørnar",1966,NA,0,"BjørnarSkjæran1966",2021-10-14,2023-10-16,732,55,"Nærings- og fiskeridepartementet",57170,"Ministry of Trade and Industry","Fiskeri- og havminister",0,0,"Arbeiderpartiet",2021-10-14,2023-10-16,1,2,732,0,1095,1,0,0,0,"Støre","A","Støre A"
564,46089,"Bjørnar Selnes Skjæran","Skjæran","Bjørnar",1966,NA,0,"BjørnarSkjæran1966",2025-09-16,NA,363,59,"Kommunal- og distriktsdepartementet",9000,"Ministry of Local Government","Kommunal- og distriktsminister",0,0,"Arbeiderpartiet",2025-09-16,NA,2,2,363,732,1095,1,1,0,0,"Støre","C","Støre C"
565,46204,"Kamzy Gunaratnam","Gunaratnam",NA,1988,NA,1,"KamzyGunaratnam1988",2026-09-11,NA,3,38,"Samferdselsdepartementet",8000,"Ministry of Transport and Infrastructure","Samferdselsminister",0,0,"Arbeiderpartiet",2026-09-11,NA,1,1,3,0,3,1,0,0,0,"Støre","C","Støre C"
566,46268,"Marte Mjøs Persen","Persen","Marte",1975,NA,1,"MartePersen1975",2021-10-14,2022-03-07,144,46,"Olje- og energidepartementet",31000,"Ministry of Oil and Energy","Olje- og energiminister",0,0,"Arbeiderpartiet",2021-10-14,2023-10-16,1,1,732,0,732,1,0,0,0,"Støre","A","Støre A"
566,46268,"Marte Mjøs Persen","Persen","Marte",1975,NA,1,"MartePersen1975",2022-03-07,2023-10-16,588,47,"Arbeids- og sosialdepartementet",41000,"Ministry of Labor","Arbeids- og inkluderingsminister",0,0,"Arbeiderpartiet",2021-10-14,2023-10-16,1,1,732,0,732,1,0,0,0,"Støre","A","Støre A"
567,46292,"Marianne Sivertsen Næss","Næss","Marianne",1974,NA,1,"MarianneNæss1974",2024-04-19,NA,878,50,"Nærings- og fiskeridepartementet",57170,"Ministry of Trade and Industry","Fiskeri- og havminister",0,0,"Arbeiderpartiet",2024-04-19,NA,1,1,878,0,878,1,0,0,0,"Støre","A","Støre A"
567,46292,"Marianne Sivertsen Næss","Næss","Marianne",1974,NA,1,"MarianneNæss1974",2024-04-19,NA,878,50,"Nærings- og fiskeridepartementet",57170,"Ministry of Trade and Industry","Fiskeri- og havminister",0,0,"Arbeiderpartiet",2024-04-19,NA,1,1,878,0,878,1,0,0,0,"Støre","B","Støre B"
567,46292,"Marianne Sivertsen Næss","Næss","Marianne",1974,NA,1,"MarianneNæss1974",2024-04-19,NA,878,50,"Nærings- og fiskeridepartementet",57170,"Ministry of Trade and Industry","Fiskeri- og havminister",0,0,"Arbeiderpartiet",2024-04-19,NA,1,1,878,0,878,1,0,0,0,"Støre","C","Støre C"
568,46416,"Jan Christian Vestre","Vestre","Jan",1986,NA,0,"JanVestre1986",2021-10-14,2024-04-19,918,35,"Nærings- og fiskeridepartementet",57170,"Ministry of Trade and Industry","Næringsminister",0,0,"Arbeiderpartiet",2021-10-14,NA,1,1,1796,0,1796,0,0,1,0,"Støre","A","Støre A"
568,46416,"Jan Christian Vestre","Vestre","Jan",1986,NA,0,"JanVestre1986",2024-04-19,NA,878,38,"Helse- og omsorgsdepartementet",39000,"Ministry of Health and Social Affairs","Helse- og omsorgsminister",0,0,"Arbeiderpartiet",2021-10-14,NA,1,1,1796,0,1796,0,0,1,0,"Støre","A","Støre A"
568,46416,"Jan Christian Vestre","Vestre","Jan",1986,NA,0,"JanVestre1986",2024-04-19,NA,878,38,"Helse- og omsorgsdepartementet",39000,"Ministry of Health and Social Affairs","Helse- og omsorgsminister",0,0,"Arbeiderpartiet",2021-10-14,NA,1,1,1796,0,1796,0,0,1,0,"Støre","B","Støre B"
568,46416,"Jan Christian Vestre","Vestre","Jan",1986,NA,0,"JanVestre1986",2024-04-19,NA,878,38,"Helse- og omsorgsdepartementet",39000,"Ministry of Health and Social Affairs","Helse- og omsorgsminister",0,0,"Arbeiderpartiet",2021-10-14,NA,1,1,1796,0,1796,0,0,1,0,"Støre","C","Støre C"
569,46419,"Oddmund Hoel","Hoel","Oddmund",1968,NA,0,"OddmundHoel1968",2024-01-23,2025-02-04,378,56,"Kunnskapsdepartementet",35000,"Ministry of Education","Forsknings- og høyere utdanningsminister",0,0,"Senterpartiet",2024-01-23,2025-02-04,1,1,378,0,378,0,0,0,1,"Støre","A","Støre A"
570,46427,"Andreas Bjelland Eriksen","Eriksen","Andreas",1992,NA,0,"AndreasEriksen1992",2023-10-16,2024-09-02,322,31,"Klima- og miljødepartementet",20000,"Ministry of Climate and Environment","Klima- og miljøminister",0,0,"Arbeiderpartiet",2023-10-16,2024-09-02,1,2,322,0,941,0,0,0,1,"Støre","A","Støre A"
570,46427,"Andreas Bjelland Eriksen","Eriksen","Andreas",1992,NA,0,"AndreasEriksen1992",2024-12-31,2026-09-11,619,32,"Klima- og miljødepartementet",20000,"Ministry of Climate and Environment","Klima- og miljøminister",0,0,"Arbeiderpartiet",2024-12-31,2026-09-11,2,2,619,322,941,0,1,0,1,"Støre","A","Støre A"
570,46427,"Andreas Bjelland Eriksen","Eriksen","Andreas",1992,NA,0,"AndreasEriksen1992",2024-12-31,2026-09-11,619,32,"Klima- og miljødepartementet",20000,"Ministry of Climate and Environment","Klima- og miljøminister",0,0,"Arbeiderpartiet",2024-12-31,2026-09-11,2,2,619,322,941,0,1,0,1,"Støre","B","Støre B"
570,46427,"Andreas Bjelland Eriksen","Eriksen","Andreas",1992,NA,0,"AndreasEriksen1992",2024-12-31,2026-09-11,619,32,"Klima- og miljødepartementet",20000,"Ministry of Climate and Environment","Klima- og miljøminister",0,0,"Arbeiderpartiet",2024-12-31,2026-09-11,2,2,619,322,941,0,1,0,1,"Støre","C","Støre C"
571,46471,"Kari Nessa Nordtun","Nordtun","Kari",1986,NA,1,"KariNordtun1986",2023-10-16,NA,1064,37,"Kunnskapsdepartementet",35000,"Ministry of Education","Kunnskapsminister",0,0,"Arbeiderpartiet",2023-10-16,NA,1,1,1064,0,1064,0,0,0,0,"Støre","A","Støre A"
571,46471,"Kari Nessa Nordtun","Nordtun","Kari",1986,NA,1,"KariNordtun1986",2023-10-16,NA,1064,37,"Kunnskapsdepartementet",35000,"Ministry of Education","Kunnskapsminister",0,0,"Arbeiderpartiet",2023-10-16,NA,1,1,1064,0,1064,0,0,0,0,"Støre","B","Støre B"
571,46471,"Kari Nessa Nordtun","Nordtun","Kari",1986,NA,1,"KariNordtun1986",2023-10-16,NA,1064,37,"Kunnskapsdepartementet",35000,"Ministry of Education","Kunnskapsminister",0,0,"Arbeiderpartiet",2023-10-16,NA,1,1,1064,0,1064,0,0,0,0,"Støre","C","Støre C"
572,46475,"Sigrun Gjerløw Aasland Aasland","Aasland","Sigrun",1978,NA,1,"SigrunAasland1978",2025-02-04,2026-09-11,584,47,"Kunnskapsdepartementet",35000,"Ministry of Education","Forsknings- og høyere utdanningsminister",0,0,"Arbeiderpartiet",2025-02-04,NA,1,1,587,0,587,0,0,0,1,"Støre","B","Støre B"
572,46475,"Sigrun Gjerløw Aasland Aasland","Aasland","Sigrun",1978,NA,1,"SigrunAasland1978",2025-02-04,2026-09-11,584,47,"Kunnskapsdepartementet",35000,"Ministry of Education","Forsknings- og høyere utdanningsminister",0,0,"Arbeiderpartiet",2025-02-04,NA,1,1,587,0,587,0,0,0,1,"Støre","C","Støre C"
572,46475,"Sigrun Gjerløw Aasland Aasland","Aasland","Sigrun",1978,NA,1,"SigrunAasland1978",2026-09-11,NA,3,48,"Klima- og miljødepartementet",20000,"Ministry of Climate and Environment","Klima- og miljøminister",0,0,"Arbeiderpartiet",2025-02-04,NA,1,1,587,0,587,0,0,0,1,"Støre","C","Støre C"
573,48068,"Eileen Fugelsnes","Fugelsnes",NA,1970,NA,1,"EileenFugelsnes1970",2026-09-11,NA,3,56,"Kunnskapsdepartementet",35000,"Ministry of Education","Forsknings- og høyere utdanningsminister",0,0,"Arbeiderpartiet",2026-09-11,NA,1,1,3,0,3,0,0,0,1,"Støre","C","Støre C"
